,YEAR,no_,DAT_KI,Sex,LE,CHLSCON,lat,lon,m4,v4,g3,g5,m3,v3,m5,v5,NewStatus,Sel,Sig,SelP,SigP,NeuphA,NeuphS,NeuphP,E4,E5,E6,E7,E8,E9,NchypA,NchypS,NchypP,CH4,CH5,CH6,CH7,CH8,CH9,NcglaA,NcglaS,NcglaP,CG4,CG5,CG6,CG7,CG8,CG9,NcfinA,NcfinS,NcfinP,CF4,CF5,CF6,CF7,CF8,CF9
1,1967,67188,670714,2,19.5072,9,65.1,28.8,65,90,NA,NA,NA,NA,NA,NA,1,NA,0.476,NA,0.714,4.414993673,7.543222641,6.541180124,9.210526316,8,9.8,10.10714286,4.166666667,3.975,0.201455027,0.402910053,0.027619048,0,2.388888889,0.028571429,0,0,0,0.014583333,0.029166667,0.069565217,0,0,0,0,0,0.175,26.77435317,50.58500419,56.10513458,18.10526316,113.0555556,88.02857143,58.89285714,16.77777778,8.65
2,1967,67204,670717,2,18.8976,5.1,65.1,28.8,70,120,NA,NA,NA,NA,NA,NA,1,NA,0.476,NA,0.714,4.414993673,7.543222641,6.541180124,9.210526316,8,9.8,10.10714286,4.166666667,3.975,0.201455027,0.402910053,0.027619048,0,2.388888889,0.028571429,0,0,0,0.014583333,0.029166667,0.069565217,0,0,0,0,0,0.175,26.77435317,50.58500419,56.10513458,18.10526316,113.0555556,88.02857143,58.89285714,16.77777778,8.65
3,1967,67208,670718,2,20.7264,5.3,65.1,27.8,55,95,NA,NA,NA,NA,NA,NA,1,NA,0.476,NA,0.714,4.414993673,7.543222641,6.541180124,9.210526316,8,9.8,10.10714286,4.166666667,3.975,0.201455027,0.402910053,0.027619048,0,2.388888889,0.028571429,0,0,0,0.014583333,0.029166667,0.069565217,0,0,0,0,0,0.175,26.77435317,50.58500419,56.10513458,18.10526316,113.0555556,88.02857143,58.89285714,16.77777778,8.65
4,1967,67278,670806,2,22.2504,5.2,64.9,29.8,NA,NA,NA,NA,NA,NA,NA,NA,1,NA,0.476,NA,0.714,4.414993673,7.543222641,6.541180124,9.210526316,8,9.8,10.10714286,4.166666667,3.975,0.201455027,0.402910053,0.027619048,0,2.388888889,0.028571429,0,0,0,0.014583333,0.029166667,0.069565217,0,0,0,0,0,0.175,26.77435317,50.58500419,56.10513458,18.10526316,113.0555556,88.02857143,58.89285714,16.77777778,8.65
5,1967,67297,670812,2,17.9832,4,64.9,27.2,45,55,NA,NA,NA,NA,NA,NA,0,NA,0.476,NA,0.714,4.414993673,7.543222641,6.541180124,9.210526316,8,9.8,10.10714286,4.166666667,3.975,0.201455027,0.402910053,0.027619048,0,2.388888889,0.028571429,0,0,0,0.014583333,0.029166667,0.069565217,0,0,0,0,0,0.175,26.77435317,50.58500419,56.10513458,18.10526316,113.0555556,88.02857143,58.89285714,16.77777778,8.65
6,1967,67181,670712,2,19.812,4,65.1,28.2,NA,100,NA,NA,NA,NA,NA,NA,0,NA,0.476,NA,0.714,4.414993673,7.543222641,6.541180124,9.210526316,8,9.8,10.10714286,4.166666667,3.975,0.201455027,0.402910053,0.027619048,0,2.388888889,0.028571429,0,0,0,0.014583333,0.029166667,0.069565217,0,0,0,0,0,0.175,26.77435317,50.58500419,56.10513458,18.10526316,113.0555556,88.02857143,58.89285714,16.77777778,8.65
7,1967,67242,670727,2,19.5072,5.3,65.6,28.5,NA,NA,NA,NA,NA,NA,NA,NA,1,NA,0.476,NA,0.714,4.414993673,7.543222641,6.541180124,9.210526316,8,9.8,10.10714286,4.166666667,3.975,0.201455027,0.402910053,0.027619048,0,2.388888889,0.028571429,0,0,0,0.014583333,0.029166667,0.069565217,0,0,0,0,0,0.175,26.77435317,50.58500419,56.10513458,18.10526316,113.0555556,88.02857143,58.89285714,16.77777778,8.65
8,1967,67276,670805,2,17.3736,9,65.4,30.2,70,90,NA,NA,NA,NA,NA,NA,1,NA,0.476,NA,0.714,4.414993673,7.543222641,6.541180124,9.210526316,8,9.8,10.10714286,4.166666667,3.975,0.201455027,0.402910053,0.027619048,0,2.388888889,0.028571429,0,0,0,0.014583333,0.029166667,0.069565217,0,0,0,0,0,0.175,26.77435317,50.58500419,56.10513458,18.10526316,113.0555556,88.02857143,58.89285714,16.77777778,8.65
9,1967,67198,670716,2,19.2024,6.4,65.1,28.2,40,65,NA,NA,NA,NA,NA,NA,0,NA,0.476,NA,0.714,4.414993673,7.543222641,6.541180124,9.210526316,8,9.8,10.10714286,4.166666667,3.975,0.201455027,0.402910053,0.027619048,0,2.388888889,0.028571429,0,0,0,0.014583333,0.029166667,0.069565217,0,0,0,0,0,0.175,26.77435317,50.58500419,56.10513458,18.10526316,113.0555556,88.02857143,58.89285714,16.77777778,8.65
10,1967,67199,670717,2,19.812,5.2,65.1,28.2,65,80,NA,NA,NA,NA,NA,NA,1,NA,0.476,NA,0.714,4.414993673,7.543222641,6.541180124,9.210526316,8,9.8,10.10714286,4.166666667,3.975,0.201455027,0.402910053,0.027619048,0,2.388888889,0.028571429,0,0,0,0.014583333,0.029166667,0.069565217,0,0,0,0,0,0.175,26.77435317,50.58500419,56.10513458,18.10526316,113.0555556,88.02857143,58.89285714,16.77777778,8.65
11,1967,67365,670831,2,21.0312,5.3,64.9,28.5,75,85,NA,NA,NA,NA,NA,NA,1,NA,0.476,NA,0.714,4.414993673,7.543222641,6.541180124,9.210526316,8,9.8,10.10714286,4.166666667,3.975,0.201455027,0.402910053,0.027619048,0,2.388888889,0.028571429,0,0,0,0.014583333,0.029166667,0.069565217,0,0,0,0,0,0.175,26.77435317,50.58500419,56.10513458,18.10526316,113.0555556,88.02857143,58.89285714,16.77777778,8.65
12,1967,67160,670707,2,19.5072,9,64.1,26.8,NA,NA,NA,NA,NA,NA,NA,NA,1,NA,0.476,NA,0.714,4.414993673,7.543222641,6.541180124,9.210526316,8,9.8,10.10714286,4.166666667,3.975,0.201455027,0.402910053,0.027619048,0,2.388888889,0.028571429,0,0,0,0.014583333,0.029166667,0.069565217,0,0,0,0,0,0.175,26.77435317,50.58500419,56.10513458,18.10526316,113.0555556,88.02857143,58.89285714,16.77777778,8.65
13,1967,67210,670719,2,21.6408,5.3,65.1,28.5,90,170,NA,NA,NA,NA,NA,NA,1,NA,0.476,NA,0.714,4.414993673,7.543222641,6.541180124,9.210526316,8,9.8,10.10714286,4.166666667,3.975,0.201455027,0.402910053,0.027619048,0,2.388888889,0.028571429,0,0,0,0.014583333,0.029166667,0.069565217,0,0,0,0,0,0.175,26.77435317,50.58500419,56.10513458,18.10526316,113.0555556,88.02857143,58.89285714,16.77777778,8.65
14,1967,67216,670720,2,19.812,5.3,65.4,28.5,50,70,NA,NA,NA,NA,NA,NA,1,NA,0.476,NA,0.714,4.414993673,7.543222641,6.541180124,9.210526316,8,9.8,10.10714286,4.166666667,3.975,0.201455027,0.402910053,0.027619048,0,2.388888889,0.028571429,0,0,0,0.014583333,0.029166667,0.069565217,0,0,0,0,0,0.175,26.77435317,50.58500419,56.10513458,18.10526316,113.0555556,88.02857143,58.89285714,16.77777778,8.65
15,1967,67178,670712,2,19.812,5.2,65.6,28.8,60,90,NA,NA,NA,NA,NA,NA,1,NA,0.476,NA,0.714,4.414993673,7.543222641,6.541180124,9.210526316,8,9.8,10.10714286,4.166666667,3.975,0.201455027,0.402910053,0.027619048,0,2.388888889,0.028571429,0,0,0,0.014583333,0.029166667,0.069565217,0,0,0,0,0,0.175,26.77435317,50.58500419,56.10513458,18.10526316,113.0555556,88.02857143,58.89285714,16.77777778,8.65
16,1967,67180,670712,2,18.8976,5.1,65.4,28.2,40,55,NA,NA,NA,NA,NA,NA,1,NA,0.476,NA,0.714,4.414993673,7.543222641,6.541180124,9.210526316,8,9.8,10.10714286,4.166666667,3.975,0.201455027,0.402910053,0.027619048,0,2.388888889,0.028571429,0,0,0,0.014583333,0.029166667,0.069565217,0,0,0,0,0,0.175,26.77435317,50.58500419,56.10513458,18.10526316,113.0555556,88.02857143,58.89285714,16.77777778,8.65
17,1967,67230,670723,2,20.7264,5.3,65.4,28.2,95,105,NA,NA,NA,NA,NA,NA,1,NA,0.476,NA,0.714,4.414993673,7.543222641,6.541180124,9.210526316,8,9.8,10.10714286,4.166666667,3.975,0.201455027,0.402910053,0.027619048,0,2.388888889,0.028571429,0,0,0,0.014583333,0.029166667,0.069565217,0,0,0,0,0,0.175,26.77435317,50.58500419,56.10513458,18.10526316,113.0555556,88.02857143,58.89285714,16.77777778,8.65
18,1967,67167,670710,2,21.0312,4,65.6,28.8,NA,NA,NA,NA,NA,NA,NA,NA,0,NA,0.476,NA,0.714,4.414993673,7.543222641,6.541180124,9.210526316,8,9.8,10.10714286,4.166666667,3.975,0.201455027,0.402910053,0.027619048,0,2.388888889,0.028571429,0,0,0,0.014583333,0.029166667,0.069565217,0,0,0,0,0,0.175,26.77435317,50.58500419,56.10513458,18.10526316,113.0555556,88.02857143,58.89285714,16.77777778,8.65
19,1967,67169,670710,2,18.8976,4,65.6,28.8,40,70,NA,NA,NA,NA,NA,NA,0,NA,0.476,NA,0.714,4.414993673,7.543222641,6.541180124,9.210526316,8,9.8,10.10714286,4.166666667,3.975,0.201455027,0.402910053,0.027619048,0,2.388888889,0.028571429,0,0,0,0.014583333,0.029166667,0.069565217,0,0,0,0,0,0.175,26.77435317,50.58500419,56.10513458,18.10526316,113.0555556,88.02857143,58.89285714,16.77777778,8.65
20,1967,67193,670715,2,19.812,4,64.9,28.2,60,90,NA,NA,NA,NA,NA,NA,0,NA,0.476,NA,0.714,4.414993673,7.543222641,6.541180124,9.210526316,8,9.8,10.10714286,4.166666667,3.975,0.201455027,0.402910053,0.027619048,0,2.388888889,0.028571429,0,0,0,0.014583333,0.029166667,0.069565217,0,0,0,0,0,0.175,26.77435317,50.58500419,56.10513458,18.10526316,113.0555556,88.02857143,58.89285714,16.77777778,8.65
21,1967,67195,670716,2,20.4216,9,65.1,27.8,80,120,NA,NA,NA,NA,NA,NA,1,NA,0.476,NA,0.714,4.414993673,7.543222641,6.541180124,9.210526316,8,9.8,10.10714286,4.166666667,3.975,0.201455027,0.402910053,0.027619048,0,2.388888889,0.028571429,0,0,0,0.014583333,0.029166667,0.069565217,0,0,0,0,0,0.175,26.77435317,50.58500419,56.10513458,18.10526316,113.0555556,88.02857143,58.89285714,16.77777778,8.65
22,1967,67159,670707,2,20.7264,4?,64.1,25.5,NA,NA,NA,NA,NA,NA,NA,NA,0,NA,0.476,NA,0.714,4.414993673,7.543222641,6.541180124,9.210526316,8,9.8,10.10714286,4.166666667,3.975,0.201455027,0.402910053,0.027619048,0,2.388888889,0.028571429,0,0,0,0.014583333,0.029166667,0.069565217,0,0,0,0,0,0.175,26.77435317,50.58500419,56.10513458,18.10526316,113.0555556,88.02857143,58.89285714,16.77777778,8.65
23,1967,67184,670713,2,19.812,5.1,65.1,27.8,65,90,NA,NA,NA,NA,NA,NA,1,NA,0.476,NA,0.714,4.414993673,7.543222641,6.541180124,9.210526316,8,9.8,10.10714286,4.166666667,3.975,0.201455027,0.402910053,0.027619048,0,2.388888889,0.028571429,0,0,0,0.014583333,0.029166667,0.069565217,0,0,0,0,0,0.175,26.77435317,50.58500419,56.10513458,18.10526316,113.0555556,88.02857143,58.89285714,16.77777778,8.65
24,1967,67299,670812,2,21.0312,6.4,65.9,29.2,60,70,NA,NA,NA,NA,NA,NA,0,NA,0.476,NA,0.714,4.414993673,7.543222641,6.541180124,9.210526316,8,9.8,10.10714286,4.166666667,3.975,0.201455027,0.402910053,0.027619048,0,2.388888889,0.028571429,0,0,0,0.014583333,0.029166667,0.069565217,0,0,0,0,0,0.175,26.77435317,50.58500419,56.10513458,18.10526316,113.0555556,88.02857143,58.89285714,16.77777778,8.65
25,1967,67314,670817,2,19.812,9,64.9,27.2,45,65,NA,NA,NA,NA,NA,NA,1,NA,0.476,NA,0.714,4.414993673,7.543222641,6.541180124,9.210526316,8,9.8,10.10714286,4.166666667,3.975,0.201455027,0.402910053,0.027619048,0,2.388888889,0.028571429,0,0,0,0.014583333,0.029166667,0.069565217,0,0,0,0,0,0.175,26.77435317,50.58500419,56.10513458,18.10526316,113.0555556,88.02857143,58.89285714,16.77777778,8.65
26,1967,67318,670817,2,20.1168,4,65.1,28.5,55,80,NA,NA,NA,NA,NA,NA,0,NA,0.476,NA,0.714,4.414993673,7.543222641,6.541180124,9.210526316,8,9.8,10.10714286,4.166666667,3.975,0.201455027,0.402910053,0.027619048,0,2.388888889,0.028571429,0,0,0,0.014583333,0.029166667,0.069565217,0,0,0,0,0,0.175,26.77435317,50.58500419,56.10513458,18.10526316,113.0555556,88.02857143,58.89285714,16.77777778,8.65
27,1967,67364,670831,2,20.1168,4,65.4,29.2,65,70,NA,NA,NA,NA,NA,NA,0,NA,0.476,NA,0.714,4.414993673,7.543222641,6.541180124,9.210526316,8,9.8,10.10714286,4.166666667,3.975,0.201455027,0.402910053,0.027619048,0,2.388888889,0.028571429,0,0,0,0.014583333,0.029166667,0.069565217,0,0,0,0,0,0.175,26.77435317,50.58500419,56.10513458,18.10526316,113.0555556,88.02857143,58.89285714,16.77777778,8.65
28,1967,67162,670708,2,18.8976,5.1,64.4,28.8,NA,NA,NA,NA,NA,NA,NA,NA,1,NA,0.476,NA,0.714,4.414993673,7.543222641,6.541180124,9.210526316,8,9.8,10.10714286,4.166666667,3.975,0.201455027,0.402910053,0.027619048,0,2.388888889,0.028571429,0,0,0,0.014583333,0.029166667,0.069565217,0,0,0,0,0,0.175,26.77435317,50.58500419,56.10513458,18.10526316,113.0555556,88.02857143,58.89285714,16.77777778,8.65
29,1969,69156,690713,2,19.5072,5.2,65.4,29.2,55,100,NA,NA,NA,NA,NA,NA,1,NA,0.714,NA,2.5228,5.11829407,8.510416667,16.94960206,7.1,22,4.066666667,0,8.333333333,9.5625,0,0,0,0,0,0,0,0,0,0,0,0.006944445,0,0,0,0,0,0,25.58388718,31.86354167,41.34691497,26.35,116.6875,35.93333333,0,7.866666667,4.34375
30,1969,69159,690714,2,18.5928,5.2,65.6,28.8,70,80,NA,NA,NA,NA,NA,NA,1,NA,0.714,NA,2.5228,5.11829407,8.510416667,16.94960206,7.1,22,4.066666667,0,8.333333333,9.5625,0,0,0,0,0,0,0,0,0,0,0,0.006944445,0,0,0,0,0,0,25.58388718,31.86354167,41.34691497,26.35,116.6875,35.93333333,0,7.866666667,4.34375
31,1969,69174,690717,2,18.288,5.3,65.9,27.2,55,NA,NA,NA,NA,NA,NA,NA,1,NA,0.714,NA,2.5228,5.11829407,8.510416667,16.94960206,7.1,22,4.066666667,0,8.333333333,9.5625,0,0,0,0,0,0,0,0,0,0,0,0.006944445,0,0,0,0,0,0,25.58388718,31.86354167,41.34691497,26.35,116.6875,35.93333333,0,7.866666667,4.34375
32,1969,69180,690718,2,20.4216,5.1,65.4,29.2,NA,NA,NA,NA,NA,NA,NA,NA,1,NA,0.714,NA,2.5228,5.11829407,8.510416667,16.94960206,7.1,22,4.066666667,0,8.333333333,9.5625,0,0,0,0,0,0,0,0,0,0,0,0.006944445,0,0,0,0,0,0,25.58388718,31.86354167,41.34691497,26.35,116.6875,35.93333333,0,7.866666667,4.34375
33,1969,69184,690718,2,17.9832,5.2,65.4,27.5,50,80,NA,NA,NA,NA,NA,NA,1,NA,0.714,NA,2.5228,5.11829407,8.510416667,16.94960206,7.1,22,4.066666667,0,8.333333333,9.5625,0,0,0,0,0,0,0,0,0,0,0,0.006944445,0,0,0,0,0,0,25.58388718,31.86354167,41.34691497,26.35,116.6875,35.93333333,0,7.866666667,4.34375
34,1969,69191,690721,2,20.4216,4,64.6,26.5,65,80,NA,NA,NA,NA,NA,NA,0,NA,0.714,NA,2.5228,5.11829407,8.510416667,16.94960206,7.1,22,4.066666667,0,8.333333333,9.5625,0,0,0,0,0,0,0,0,0,0,0,0.006944445,0,0,0,0,0,0,25.58388718,31.86354167,41.34691497,26.35,116.6875,35.93333333,0,7.866666667,4.34375
35,1969,69022,690608,2,20.7264,5.2,63.25,24.5,75,NA,NA,NA,NA,NA,NA,NA,1,NA,0.714,NA,2.5228,5.11829407,8.510416667,16.94960206,7.1,22,4.066666667,0,8.333333333,9.5625,0,0,0,0,0,0,0,0,0,0,0,0.006944445,0,0,0,0,0,0,25.58388718,31.86354167,41.34691497,26.35,116.6875,35.93333333,0,7.866666667,4.34375
36,1969,69024,690608,2,21.6408,5.2,62.4,25.2,65,95,NA,NA,NA,NA,NA,NA,1,NA,0.714,NA,2.5228,5.11829407,8.510416667,16.94960206,7.1,22,4.066666667,0,8.333333333,9.5625,0,0,0,0,0,0,0,0,0,0,0,0.006944445,0,0,0,0,0,0,25.58388718,31.86354167,41.34691497,26.35,116.6875,35.93333333,0,7.866666667,4.34375
37,1969,69197,690721,2,19.2024,5.3,65.4,29.8,60,85,NA,NA,NA,NA,NA,NA,1,NA,0.714,NA,2.5228,5.11829407,8.510416667,16.94960206,7.1,22,4.066666667,0,8.333333333,9.5625,0,0,0,0,0,0,0,0,0,0,0,0.006944445,0,0,0,0,0,0,25.58388718,31.86354167,41.34691497,26.35,116.6875,35.93333333,0,7.866666667,4.34375
38,1969,69201,690722,2,20.1168,4,64.6,26.8,65,80,NA,NA,NA,NA,NA,NA,0,NA,0.714,NA,2.5228,5.11829407,8.510416667,16.94960206,7.1,22,4.066666667,0,8.333333333,9.5625,0,0,0,0,0,0,0,0,0,0,0,0.006944445,0,0,0,0,0,0,25.58388718,31.86354167,41.34691497,26.35,116.6875,35.93333333,0,7.866666667,4.34375
39,1969,69204,690722,2,19.5072,5.3,64.1,26.8,70,80,NA,NA,NA,NA,NA,NA,1,NA,0.714,NA,2.5228,5.11829407,8.510416667,16.94960206,7.1,22,4.066666667,0,8.333333333,9.5625,0,0,0,0,0,0,0,0,0,0,0,0.006944445,0,0,0,0,0,0,25.58388718,31.86354167,41.34691497,26.35,116.6875,35.93333333,0,7.866666667,4.34375
40,1969,69163,690714,2,18.5928,9,65.6,28.8,60,110,NA,NA,NA,NA,NA,NA,1,NA,0.714,NA,2.5228,5.11829407,8.510416667,16.94960206,7.1,22,4.066666667,0,8.333333333,9.5625,0,0,0,0,0,0,0,0,0,0,0,0.006944445,0,0,0,0,0,0,25.58388718,31.86354167,41.34691497,26.35,116.6875,35.93333333,0,7.866666667,4.34375
41,1969,69144,690711,2,18.8976,5.2,65.6,28.8,50,80,NA,NA,NA,NA,NA,NA,1,NA,0.714,NA,2.5228,5.11829407,8.510416667,16.94960206,7.1,22,4.066666667,0,8.333333333,9.5625,0,0,0,0,0,0,0,0,0,0,0,0.006944445,0,0,0,0,0,0,25.58388718,31.86354167,41.34691497,26.35,116.6875,35.93333333,0,7.866666667,4.34375
42,1969,69135,690708,2,19.5072,5.2,65.6,29.2,95,150,NA,NA,NA,NA,NA,NA,1,NA,0.714,NA,2.5228,5.11829407,8.510416667,16.94960206,7.1,22,4.066666667,0,8.333333333,9.5625,0,0,0,0,0,0,0,0,0,0,0,0.006944445,0,0,0,0,0,0,25.58388718,31.86354167,41.34691497,26.35,116.6875,35.93333333,0,7.866666667,4.34375
43,1969,69139,690709,2,19.2024,5.2,65.6,28.5,60,100,NA,NA,NA,NA,NA,NA,1,NA,0.714,NA,2.5228,5.11829407,8.510416667,16.94960206,7.1,22,4.066666667,0,8.333333333,9.5625,0,0,0,0,0,0,0,0,0,0,0,0.006944445,0,0,0,0,0,0,25.58388718,31.86354167,41.34691497,26.35,116.6875,35.93333333,0,7.866666667,4.34375
44,1969,69143,690710,2,18.8976,5.3,65.4,28.2,70,100,NA,NA,NA,NA,NA,NA,1,NA,0.714,NA,2.5228,5.11829407,8.510416667,16.94960206,7.1,22,4.066666667,0,8.333333333,9.5625,0,0,0,0,0,0,0,0,0,0,0,0.006944445,0,0,0,0,0,0,25.58388718,31.86354167,41.34691497,26.35,116.6875,35.93333333,0,7.866666667,4.34375
45,1969,69151,690711,2,19.5072,9,65.4,29.5,50,80,NA,NA,NA,NA,NA,NA,1,NA,0.714,NA,2.5228,5.11829407,8.510416667,16.94960206,7.1,22,4.066666667,0,8.333333333,9.5625,0,0,0,0,0,0,0,0,0,0,0,0.006944445,0,0,0,0,0,0,25.58388718,31.86354167,41.34691497,26.35,116.6875,35.93333333,0,7.866666667,4.34375
46,1969,69208,690722,2,18.288,6.4-5,64.6,27.2,40,80,NA,NA,NA,NA,NA,NA,0,NA,0.714,NA,2.5228,5.11829407,8.510416667,16.94960206,7.1,22,4.066666667,0,8.333333333,9.5625,0,0,0,0,0,0,0,0,0,0,0,0.006944445,0,0,0,0,0,0,25.58388718,31.86354167,41.34691497,26.35,116.6875,35.93333333,0,7.866666667,4.34375
47,1969,69221,690726,2,19.812,5.3,64.1,26.2,45,90,NA,NA,NA,NA,NA,NA,1,NA,0.714,NA,2.5228,5.11829407,8.510416667,16.94960206,7.1,22,4.066666667,0,8.333333333,9.5625,0,0,0,0,0,0,0,0,0,0,0,0.006944445,0,0,0,0,0,0,25.58388718,31.86354167,41.34691497,26.35,116.6875,35.93333333,0,7.866666667,4.34375
48,1969,69104,690701,2,20.4216,5.2,65.4,28.2,90,NA,NA,NA,NA,NA,NA,NA,1,NA,0.714,NA,2.5228,5.11829407,8.510416667,16.94960206,7.1,22,4.066666667,0,8.333333333,9.5625,0,0,0,0,0,0,0,0,0,0,0,0.006944445,0,0,0,0,0,0,25.58388718,31.86354167,41.34691497,26.35,116.6875,35.93333333,0,7.866666667,4.34375
49,1969,69111,690703,2,19.2024,4,65.4,30.2,60,80,NA,NA,NA,NA,NA,NA,0,NA,0.714,NA,2.5228,5.11829407,8.510416667,16.94960206,7.1,22,4.066666667,0,8.333333333,9.5625,0,0,0,0,0,0,0,0,0,0,0,0.006944445,0,0,0,0,0,0,25.58388718,31.86354167,41.34691497,26.35,116.6875,35.93333333,0,7.866666667,4.34375
50,1969,69118,690705,2,17.9832,9,65.1,29.2,85,90,NA,NA,NA,NA,NA,NA,1,NA,0.714,NA,2.5228,5.11829407,8.510416667,16.94960206,7.1,22,4.066666667,0,8.333333333,9.5625,0,0,0,0,0,0,0,0,0,0,0,0.006944445,0,0,0,0,0,0,25.58388718,31.86354167,41.34691497,26.35,116.6875,35.93333333,0,7.866666667,4.34375
51,1969,69122,690706,2,21.9456,5.3,65.6,28.2,110,130,NA,NA,NA,NA,NA,NA,1,NA,0.714,NA,2.5228,5.11829407,8.510416667,16.94960206,7.1,22,4.066666667,0,8.333333333,9.5625,0,0,0,0,0,0,0,0,0,0,0,0.006944445,0,0,0,0,0,0,25.58388718,31.86354167,41.34691497,26.35,116.6875,35.93333333,0,7.866666667,4.34375
52,1969,69026,690609,2,20.1168,6.4,62.9,25.2,50,80,NA,NA,NA,NA,NA,NA,0,NA,0.714,NA,2.5228,5.11829407,8.510416667,16.94960206,7.1,22,4.066666667,0,8.333333333,9.5625,0,0,0,0,0,0,0,0,0,0,0,0.006944445,0,0,0,0,0,0,25.58388718,31.86354167,41.34691497,26.35,116.6875,35.93333333,0,7.866666667,4.34375
53,1969,69173,690717,2,21.336,5.3,65.6,27.2,70,85,NA,NA,NA,NA,NA,NA,1,NA,0.714,NA,2.5228,5.11829407,8.510416667,16.94960206,7.1,22,4.066666667,0,8.333333333,9.5625,0,0,0,0,0,0,0,0,0,0,0,0.006944445,0,0,0,0,0,0,25.58388718,31.86354167,41.34691497,26.35,116.6875,35.93333333,0,7.866666667,4.34375
54,1969,69167,690715,2,20.1168,5.1,65.6,27.2,65,100,NA,NA,NA,NA,NA,NA,1,NA,0.714,NA,2.5228,5.11829407,8.510416667,16.94960206,7.1,22,4.066666667,0,8.333333333,9.5625,0,0,0,0,0,0,0,0,0,0,0,0.006944445,0,0,0,0,0,0,25.58388718,31.86354167,41.34691497,26.35,116.6875,35.93333333,0,7.866666667,4.34375
55,1969,69168,690716,2,19.812,5.1,65.4,27.8,45,100,NA,NA,NA,NA,NA,NA,1,NA,0.714,NA,2.5228,5.11829407,8.510416667,16.94960206,7.1,22,4.066666667,0,8.333333333,9.5625,0,0,0,0,0,0,0,0,0,0,0,0.006944445,0,0,0,0,0,0,25.58388718,31.86354167,41.34691497,26.35,116.6875,35.93333333,0,7.866666667,4.34375
56,1969,69171,690716,2,18.5928,5.3,65.6,28.8,65,100,NA,NA,NA,NA,NA,NA,1,NA,0.714,NA,2.5228,5.11829407,8.510416667,16.94960206,7.1,22,4.066666667,0,8.333333333,9.5625,0,0,0,0,0,0,0,0,0,0,0,0.006944445,0,0,0,0,0,0,25.58388718,31.86354167,41.34691497,26.35,116.6875,35.93333333,0,7.866666667,4.34375
57,1969,69185,690719,2,18.8976,5.1,65.6,27.2,45,90,NA,NA,NA,NA,NA,NA,1,NA,0.714,NA,2.5228,5.11829407,8.510416667,16.94960206,7.1,22,4.066666667,0,8.333333333,9.5625,0,0,0,0,0,0,0,0,0,0,0,0.006944445,0,0,0,0,0,0,25.58388718,31.86354167,41.34691497,26.35,116.6875,35.93333333,0,7.866666667,4.34375
58,1969,69128,690707,2,17.9832,4,65.6,28.8,50,65,NA,NA,NA,NA,NA,NA,0,NA,0.714,NA,2.5228,5.11829407,8.510416667,16.94960206,7.1,22,4.066666667,0,8.333333333,9.5625,0,0,0,0,0,0,0,0,0,0,0,0.006944445,0,0,0,0,0,0,25.58388718,31.86354167,41.34691497,26.35,116.6875,35.93333333,0,7.866666667,4.34375
59,1969,69129,690707,2,19.812,6.2,65.6,27.8,NA,95,NA,NA,NA,NA,NA,NA,0,NA,0.714,NA,2.5228,5.11829407,8.510416667,16.94960206,7.1,22,4.066666667,0,8.333333333,9.5625,0,0,0,0,0,0,0,0,0,0,0,0.006944445,0,0,0,0,0,0,25.58388718,31.86354167,41.34691497,26.35,116.6875,35.93333333,0,7.866666667,4.34375
60,1969,69146,690711,2,21.0312,5.3,65.6,28.8,60,150,NA,NA,NA,NA,NA,NA,1,NA,0.714,NA,2.5228,5.11829407,8.510416667,16.94960206,7.1,22,4.066666667,0,8.333333333,9.5625,0,0,0,0,0,0,0,0,0,0,0,0.006944445,0,0,0,0,0,0,25.58388718,31.86354167,41.34691497,26.35,116.6875,35.93333333,0,7.866666667,4.34375
61,1969,69147,690711,2,18.8976,5.2,65.6,28.8,50,90,NA,NA,NA,NA,NA,NA,1,NA,0.714,NA,2.5228,5.11829407,8.510416667,16.94960206,7.1,22,4.066666667,0,8.333333333,9.5625,0,0,0,0,0,0,0,0,0,0,0,0.006944445,0,0,0,0,0,0,25.58388718,31.86354167,41.34691497,26.35,116.6875,35.93333333,0,7.866666667,4.34375
62,1969,69149,690711,2,20.1168,5.3,65.4,29.2,60,180,NA,NA,NA,NA,NA,NA,1,NA,0.714,NA,2.5228,5.11829407,8.510416667,16.94960206,7.1,22,4.066666667,0,8.333333333,9.5625,0,0,0,0,0,0,0,0,0,0,0,0.006944445,0,0,0,0,0,0,25.58388718,31.86354167,41.34691497,26.35,116.6875,35.93333333,0,7.866666667,4.34375
63,1969,69154,690712,2,20.1168,5.2,65.1,29.2,50,90,NA,NA,NA,NA,NA,NA,1,NA,0.714,NA,2.5228,5.11829407,8.510416667,16.94960206,7.1,22,4.066666667,0,8.333333333,9.5625,0,0,0,0,0,0,0,0,0,0,0,0.006944445,0,0,0,0,0,0,25.58388718,31.86354167,41.34691497,26.35,116.6875,35.93333333,0,7.866666667,4.34375
64,1969,69192,690720,2,19.812,5.2,65.6,27.2,60,80,NA,NA,NA,NA,NA,NA,1,NA,0.714,NA,2.5228,5.11829407,8.510416667,16.94960206,7.1,22,4.066666667,0,8.333333333,9.5625,0,0,0,0,0,0,0,0,0,0,0,0.006944445,0,0,0,0,0,0,25.58388718,31.86354167,41.34691497,26.35,116.6875,35.93333333,0,7.866666667,4.34375
65,1969,69134,690708,2,19.2024,5.1,65.4,29.2,50,70,NA,NA,NA,NA,NA,NA,1,NA,0.714,NA,2.5228,5.11829407,8.510416667,16.94960206,7.1,22,4.066666667,0,8.333333333,9.5625,0,0,0,0,0,0,0,0,0,0,0,0.006944445,0,0,0,0,0,0,25.58388718,31.86354167,41.34691497,26.35,116.6875,35.93333333,0,7.866666667,4.34375
66,1969,69029,690609,2,19.5072,5.2,63.1,23.8,NA,NA,NA,NA,NA,NA,NA,NA,1,NA,0.714,NA,2.5228,5.11829407,8.510416667,16.94960206,7.1,22,4.066666667,0,8.333333333,9.5625,0,0,0,0,0,0,0,0,0,0,0,0.006944445,0,0,0,0,0,0,25.58388718,31.86354167,41.34691497,26.35,116.6875,35.93333333,0,7.866666667,4.34375
67,1969,69030,690609,2,20.7264,5.2,62.9,25.2,80,80,NA,NA,NA,NA,NA,NA,1,NA,0.714,NA,2.5228,5.11829407,8.510416667,16.94960206,7.1,22,4.066666667,0,8.333333333,9.5625,0,0,0,0,0,0,0,0,0,0,0,0.006944445,0,0,0,0,0,0,25.58388718,31.86354167,41.34691497,26.35,116.6875,35.93333333,0,7.866666667,4.34375
68,1969,69079,690624,2,19.5072,4,65.1,28.2,45,70,NA,NA,NA,NA,NA,NA,0,NA,0.714,NA,2.5228,5.11829407,8.510416667,16.94960206,7.1,22,4.066666667,0,8.333333333,9.5625,0,0,0,0,0,0,0,0,0,0,0,0.006944445,0,0,0,0,0,0,25.58388718,31.86354167,41.34691497,26.35,116.6875,35.93333333,0,7.866666667,4.34375
69,1969,69099,690629,2,20.1168,4,65.4,29.8,NA,NA,NA,NA,NA,NA,NA,NA,0,NA,0.714,NA,2.5228,5.11829407,8.510416667,16.94960206,7.1,22,4.066666667,0,8.333333333,9.5625,0,0,0,0,0,0,0,0,0,0,0,0.006944445,0,0,0,0,0,0,25.58388718,31.86354167,41.34691497,26.35,116.6875,35.93333333,0,7.866666667,4.34375
70,1969,69100,690629,2,19.812,5.2,65.4,29.2,50,80,NA,NA,NA,NA,NA,NA,1,NA,0.714,NA,2.5228,5.11829407,8.510416667,16.94960206,7.1,22,4.066666667,0,8.333333333,9.5625,0,0,0,0,0,0,0,0,0,0,0,0.006944445,0,0,0,0,0,0,25.58388718,31.86354167,41.34691497,26.35,116.6875,35.93333333,0,7.866666667,4.34375
71,1969,69086,690626,2,20.7264,5.2,65.6,28.8,65,80,NA,NA,NA,NA,NA,NA,1,NA,0.714,NA,2.5228,5.11829407,8.510416667,16.94960206,7.1,22,4.066666667,0,8.333333333,9.5625,0,0,0,0,0,0,0,0,0,0,0,0.006944445,0,0,0,0,0,0,25.58388718,31.86354167,41.34691497,26.35,116.6875,35.93333333,0,7.866666667,4.34375
72,1969,69088,690627,2,20.7264,5.3,65.6,28.8,60,90,NA,NA,NA,NA,NA,NA,1,NA,0.714,NA,2.5228,5.11829407,8.510416667,16.94960206,7.1,22,4.066666667,0,8.333333333,9.5625,0,0,0,0,0,0,0,0,0,0,0,0.006944445,0,0,0,0,0,0,25.58388718,31.86354167,41.34691497,26.35,116.6875,35.93333333,0,7.866666667,4.34375
73,1969,69121,690705,2,19.812,5.2,65.6,28.8,50,80,NA,NA,NA,NA,NA,NA,1,NA,0.714,NA,2.5228,5.11829407,8.510416667,16.94960206,7.1,22,4.066666667,0,8.333333333,9.5625,0,0,0,0,0,0,0,0,0,0,0,0.006944445,0,0,0,0,0,0,25.58388718,31.86354167,41.34691497,26.35,116.6875,35.93333333,0,7.866666667,4.34375
74,1969,69084,690626,2,19.2024,5.2,65.6,28.2,75,150,NA,NA,NA,NA,NA,NA,1,NA,0.714,NA,2.5228,5.11829407,8.510416667,16.94960206,7.1,22,4.066666667,0,8.333333333,9.5625,0,0,0,0,0,0,0,0,0,0,0,0.006944445,0,0,0,0,0,0,25.58388718,31.86354167,41.34691497,26.35,116.6875,35.93333333,0,7.866666667,4.34375
75,1969,69085,690626,2,20.7264,5.2,65.6,28.8,45,130,NA,NA,NA,NA,NA,NA,1,NA,0.714,NA,2.5228,5.11829407,8.510416667,16.94960206,7.1,22,4.066666667,0,8.333333333,9.5625,0,0,0,0,0,0,0,0,0,0,0,0.006944445,0,0,0,0,0,0,25.58388718,31.86354167,41.34691497,26.35,116.6875,35.93333333,0,7.866666667,4.34375
76,1972,72001,720605,2,19.2024,5.2,62.9,23.8,NA,NA,NA,NA,NA,NA,NA,NA,1,3.6176,2.5228,6.7592,4.4268,3.63201951,6.030092592,6.126308875,0.625,5.722222222,0,15.33333333,8.666666667,5.833333333,0.050925926,0.101851852,0.055944056,0,0.611111111,0,0,0,0,0.011904762,0.023809524,0.012820513,0,0,0,0,0.142857143,0,22.30745053,42.73842593,66.4079624,6.625,66.88888889,1.166666667,104.9166667,38,38.83333333
77,1972,72009,720606,2,19.2024,9,63.1,26.2,90,NA,NA,NA,NA,NA,NA,NA,1,3.6176,2.5228,6.7592,4.4268,3.63201951,6.030092592,6.126308875,0.625,5.722222222,0,15.33333333,8.666666667,5.833333333,0.050925926,0.101851852,0.055944056,0,0.611111111,0,0,0,0,0.011904762,0.023809524,0.012820513,0,0,0,0,0.142857143,0,22.30745053,42.73842593,66.4079624,6.625,66.88888889,1.166666667,104.9166667,38,38.83333333
78,1972,72017,720609,2,21.336,5.2,62.9,27.2,70,NA,NA,NA,NA,NA,NA,NA,1,3.6176,2.5228,6.7592,4.4268,3.63201951,6.030092592,6.126308875,0.625,5.722222222,0,15.33333333,8.666666667,5.833333333,0.050925926,0.101851852,0.055944056,0,0.611111111,0,0,0,0,0.011904762,0.023809524,0.012820513,0,0,0,0,0.142857143,0,22.30745053,42.73842593,66.4079624,6.625,66.88888889,1.166666667,104.9166667,38,38.83333333
79,1972,72028,720610,2,20.4216,5.2,63.1,27.2,NA,NA,NA,NA,NA,NA,NA,NA,1,3.6176,2.5228,6.7592,4.4268,3.63201951,6.030092592,6.126308875,0.625,5.722222222,0,15.33333333,8.666666667,5.833333333,0.050925926,0.101851852,0.055944056,0,0.611111111,0,0,0,0,0.011904762,0.023809524,0.012820513,0,0,0,0,0.142857143,0,22.30745053,42.73842593,66.4079624,6.625,66.88888889,1.166666667,104.9166667,38,38.83333333
80,1972,72047,720616,2,18.8976,5.2,64.6,27.8,NA,NA,NA,NA,NA,NA,NA,NA,1,3.6176,2.5228,6.7592,4.4268,3.63201951,6.030092592,6.126308875,0.625,5.722222222,0,15.33333333,8.666666667,5.833333333,0.050925926,0.101851852,0.055944056,0,0.611111111,0,0,0,0,0.011904762,0.023809524,0.012820513,0,0,0,0,0.142857143,0,22.30745053,42.73842593,66.4079624,6.625,66.88888889,1.166666667,104.9166667,38,38.83333333
81,1972,72050,720617,2,20.7264,5.2,63.6,26.2,NA,NA,NA,NA,NA,NA,NA,NA,1,3.6176,2.5228,6.7592,4.4268,3.63201951,6.030092592,6.126308875,0.625,5.722222222,0,15.33333333,8.666666667,5.833333333,0.050925926,0.101851852,0.055944056,0,0.611111111,0,0,0,0,0.011904762,0.023809524,0.012820513,0,0,0,0,0.142857143,0,22.30745053,42.73842593,66.4079624,6.625,66.88888889,1.166666667,104.9166667,38,38.83333333
82,1972,72126,720709,2,20.1168,5.2,65.4,28.8,NA,NA,NA,NA,NA,NA,NA,NA,1,3.6176,2.5228,6.7592,4.4268,3.63201951,6.030092592,6.126308875,0.625,5.722222222,0,15.33333333,8.666666667,5.833333333,0.050925926,0.101851852,0.055944056,0,0.611111111,0,0,0,0,0.011904762,0.023809524,0.012820513,0,0,0,0,0.142857143,0,22.30745053,42.73842593,66.4079624,6.625,66.88888889,1.166666667,104.9166667,38,38.83333333
83,1972,72077,720626,2,19.5072,5.1,64.6,27.8,NA,NA,NA,NA,NA,NA,NA,NA,1,3.6176,2.5228,6.7592,4.4268,3.63201951,6.030092592,6.126308875,0.625,5.722222222,0,15.33333333,8.666666667,5.833333333,0.050925926,0.101851852,0.055944056,0,0.611111111,0,0,0,0,0.011904762,0.023809524,0.012820513,0,0,0,0,0.142857143,0,22.30745053,42.73842593,66.4079624,6.625,66.88888889,1.166666667,104.9166667,38,38.83333333
84,1972,72078,720626,2,18.288,5.1,64.6,27.8,NA,NA,NA,NA,NA,NA,NA,NA,1,3.6176,2.5228,6.7592,4.4268,3.63201951,6.030092592,6.126308875,0.625,5.722222222,0,15.33333333,8.666666667,5.833333333,0.050925926,0.101851852,0.055944056,0,0.611111111,0,0,0,0,0.011904762,0.023809524,0.012820513,0,0,0,0,0.142857143,0,22.30745053,42.73842593,66.4079624,6.625,66.88888889,1.166666667,104.9166667,38,38.83333333
85,1972,72071,720622,2,20.1168,5.2,65.6,28.2,NA,NA,NA,NA,NA,NA,NA,NA,1,3.6176,2.5228,6.7592,4.4268,3.63201951,6.030092592,6.126308875,0.625,5.722222222,0,15.33333333,8.666666667,5.833333333,0.050925926,0.101851852,0.055944056,0,0.611111111,0,0,0,0,0.011904762,0.023809524,0.012820513,0,0,0,0,0.142857143,0,22.30745053,42.73842593,66.4079624,6.625,66.88888889,1.166666667,104.9166667,38,38.83333333
86,1972,72076,720623,2,21.6408,5.2,64.4,27.2,NA,NA,NA,NA,NA,NA,NA,NA,1,3.6176,2.5228,6.7592,4.4268,3.63201951,6.030092592,6.126308875,0.625,5.722222222,0,15.33333333,8.666666667,5.833333333,0.050925926,0.101851852,0.055944056,0,0.611111111,0,0,0,0,0.011904762,0.023809524,0.012820513,0,0,0,0,0.142857143,0,22.30745053,42.73842593,66.4079624,6.625,66.88888889,1.166666667,104.9166667,38,38.83333333
87,1972,72103,720702,2,21.0312,5.2,65.6,28.2,NA,NA,NA,NA,NA,NA,NA,NA,1,3.6176,2.5228,6.7592,4.4268,3.63201951,6.030092592,6.126308875,0.625,5.722222222,0,15.33333333,8.666666667,5.833333333,0.050925926,0.101851852,0.055944056,0,0.611111111,0,0,0,0,0.011904762,0.023809524,0.012820513,0,0,0,0,0.142857143,0,22.30745053,42.73842593,66.4079624,6.625,66.88888889,1.166666667,104.9166667,38,38.83333333
88,1972,72113,720705,2,20.1168,5.3,65.6,28.8,NA,NA,NA,NA,NA,NA,NA,NA,1,3.6176,2.5228,6.7592,4.4268,3.63201951,6.030092592,6.126308875,0.625,5.722222222,0,15.33333333,8.666666667,5.833333333,0.050925926,0.101851852,0.055944056,0,0.611111111,0,0,0,0,0.011904762,0.023809524,0.012820513,0,0,0,0,0.142857143,0,22.30745053,42.73842593,66.4079624,6.625,66.88888889,1.166666667,104.9166667,38,38.83333333
89,1972,72085,720628,2,20.4216,5.2,64.4,28.2,NA,NA,NA,NA,NA,NA,NA,NA,1,3.6176,2.5228,6.7592,4.4268,3.63201951,6.030092592,6.126308875,0.625,5.722222222,0,15.33333333,8.666666667,5.833333333,0.050925926,0.101851852,0.055944056,0,0.611111111,0,0,0,0,0.011904762,0.023809524,0.012820513,0,0,0,0,0.142857143,0,22.30745053,42.73842593,66.4079624,6.625,66.88888889,1.166666667,104.9166667,38,38.83333333
90,1972,72090,720629,2,20.1168,5.1,65.6,28.8,NA,NA,NA,NA,NA,NA,NA,NA,1,3.6176,2.5228,6.7592,4.4268,3.63201951,6.030092592,6.126308875,0.625,5.722222222,0,15.33333333,8.666666667,5.833333333,0.050925926,0.101851852,0.055944056,0,0.611111111,0,0,0,0,0.011904762,0.023809524,0.012820513,0,0,0,0,0.142857143,0,22.30745053,42.73842593,66.4079624,6.625,66.88888889,1.166666667,104.9166667,38,38.83333333
91,1972,72119,720707,2,17.3736,5.1,65.6,28.2,NA,NA,NA,NA,NA,NA,NA,NA,1,3.6176,2.5228,6.7592,4.4268,3.63201951,6.030092592,6.126308875,0.625,5.722222222,0,15.33333333,8.666666667,5.833333333,0.050925926,0.101851852,0.055944056,0,0.611111111,0,0,0,0,0.011904762,0.023809524,0.012820513,0,0,0,0,0.142857143,0,22.30745053,42.73842593,66.4079624,6.625,66.88888889,1.166666667,104.9166667,38,38.83333333
92,1972,72125,720710,2,19.812,5.2,65.4,28.8,NA,NA,NA,NA,NA,NA,NA,NA,1,3.6176,2.5228,6.7592,4.4268,3.63201951,6.030092592,6.126308875,0.625,5.722222222,0,15.33333333,8.666666667,5.833333333,0.050925926,0.101851852,0.055944056,0,0.611111111,0,0,0,0,0.011904762,0.023809524,0.012820513,0,0,0,0,0.142857143,0,22.30745053,42.73842593,66.4079624,6.625,66.88888889,1.166666667,104.9166667,38,38.83333333
93,1972,72304,720810,2,18.288,5.2,64.1,26.8,NA,NA,NA,NA,NA,NA,NA,NA,1,3.6176,2.5228,6.7592,4.4268,3.63201951,6.030092592,6.126308875,0.625,5.722222222,0,15.33333333,8.666666667,5.833333333,0.050925926,0.101851852,0.055944056,0,0.611111111,0,0,0,0,0.011904762,0.023809524,0.012820513,0,0,0,0,0.142857143,0,22.30745053,42.73842593,66.4079624,6.625,66.88888889,1.166666667,104.9166667,38,38.83333333
94,1972,72156,720716,2,20.4216,?6,64.4,26.2,NA,NA,NA,NA,NA,NA,NA,NA,0,3.6176,2.5228,6.7592,4.4268,3.63201951,6.030092592,6.126308875,0.625,5.722222222,0,15.33333333,8.666666667,5.833333333,0.050925926,0.101851852,0.055944056,0,0.611111111,0,0,0,0,0.011904762,0.023809524,0.012820513,0,0,0,0,0.142857143,0,22.30745053,42.73842593,66.4079624,6.625,66.88888889,1.166666667,104.9166667,38,38.83333333
95,1972,72168,720718,2,17.6784,5.2,65.75,28.8,NA,NA,NA,NA,NA,NA,NA,NA,1,3.6176,2.5228,6.7592,4.4268,3.63201951,6.030092592,6.126308875,0.625,5.722222222,0,15.33333333,8.666666667,5.833333333,0.050925926,0.101851852,0.055944056,0,0.611111111,0,0,0,0,0.011904762,0.023809524,0.012820513,0,0,0,0,0.142857143,0,22.30745053,42.73842593,66.4079624,6.625,66.88888889,1.166666667,104.9166667,38,38.83333333
96,1972,72144,720713,2,18.288,5.2,65.6,28.2,NA,NA,NA,NA,NA,NA,NA,NA,1,3.6176,2.5228,6.7592,4.4268,3.63201951,6.030092592,6.126308875,0.625,5.722222222,0,15.33333333,8.666666667,5.833333333,0.050925926,0.101851852,0.055944056,0,0.611111111,0,0,0,0,0.011904762,0.023809524,0.012820513,0,0,0,0,0.142857143,0,22.30745053,42.73842593,66.4079624,6.625,66.88888889,1.166666667,104.9166667,38,38.83333333
97,1972,72151,720715,2,20.1168,5.2,65.4,27.8,NA,NA,NA,NA,NA,NA,NA,NA,1,3.6176,2.5228,6.7592,4.4268,3.63201951,6.030092592,6.126308875,0.625,5.722222222,0,15.33333333,8.666666667,5.833333333,0.050925926,0.101851852,0.055944056,0,0.611111111,0,0,0,0,0.011904762,0.023809524,0.012820513,0,0,0,0,0.142857143,0,22.30745053,42.73842593,66.4079624,6.625,66.88888889,1.166666667,104.9166667,38,38.83333333
98,1972,72253,720801,2,18.5928,5.2,64.9,27.2,NA,NA,NA,NA,NA,NA,NA,NA,1,3.6176,2.5228,6.7592,4.4268,3.63201951,6.030092592,6.126308875,0.625,5.722222222,0,15.33333333,8.666666667,5.833333333,0.050925926,0.101851852,0.055944056,0,0.611111111,0,0,0,0,0.011904762,0.023809524,0.012820513,0,0,0,0,0.142857143,0,22.30745053,42.73842593,66.4079624,6.625,66.88888889,1.166666667,104.9166667,38,38.83333333
99,1972,72274,720804,2,21.336,5.2,63.1,24.2,NA,NA,NA,NA,NA,NA,NA,NA,1,3.6176,2.5228,6.7592,4.4268,3.63201951,6.030092592,6.126308875,0.625,5.722222222,0,15.33333333,8.666666667,5.833333333,0.050925926,0.101851852,0.055944056,0,0.611111111,0,0,0,0,0.011904762,0.023809524,0.012820513,0,0,0,0,0.142857143,0,22.30745053,42.73842593,66.4079624,6.625,66.88888889,1.166666667,104.9166667,38,38.83333333
100,1972,72222,720728,2,18.5928,5.2,64.4,26.8,NA,NA,NA,NA,NA,NA,NA,NA,1,3.6176,2.5228,6.7592,4.4268,3.63201951,6.030092592,6.126308875,0.625,5.722222222,0,15.33333333,8.666666667,5.833333333,0.050925926,0.101851852,0.055944056,0,0.611111111,0,0,0,0,0.011904762,0.023809524,0.012820513,0,0,0,0,0.142857143,0,22.30745053,42.73842593,66.4079624,6.625,66.88888889,1.166666667,104.9166667,38,38.83333333
101,1972,72243,720731,2,18.288,5.3,62.9,25.8,NA,NA,NA,NA,NA,NA,NA,NA,1,3.6176,2.5228,6.7592,4.4268,3.63201951,6.030092592,6.126308875,0.625,5.722222222,0,15.33333333,8.666666667,5.833333333,0.050925926,0.101851852,0.055944056,0,0.611111111,0,0,0,0,0.011904762,0.023809524,0.012820513,0,0,0,0,0.142857143,0,22.30745053,42.73842593,66.4079624,6.625,66.88888889,1.166666667,104.9166667,38,38.83333333
102,1972,72276,720805,2,18.5928,?6,62.9,24.2,NA,NA,NA,NA,NA,NA,NA,NA,0,3.6176,2.5228,6.7592,4.4268,3.63201951,6.030092592,6.126308875,0.625,5.722222222,0,15.33333333,8.666666667,5.833333333,0.050925926,0.101851852,0.055944056,0,0.611111111,0,0,0,0,0.011904762,0.023809524,0.012820513,0,0,0,0,0.142857143,0,22.30745053,42.73842593,66.4079624,6.625,66.88888889,1.166666667,104.9166667,38,38.83333333
103,1972,72303,720810,2,19.2024,5.3,64.4,26.8,NA,NA,NA,NA,NA,NA,NA,NA,1,3.6176,2.5228,6.7592,4.4268,3.63201951,6.030092592,6.126308875,0.625,5.722222222,0,15.33333333,8.666666667,5.833333333,0.050925926,0.101851852,0.055944056,0,0.611111111,0,0,0,0,0.011904762,0.023809524,0.012820513,0,0,0,0,0.142857143,0,22.30745053,42.73842593,66.4079624,6.625,66.88888889,1.166666667,104.9166667,38,38.83333333
104,1972,72034,720612,2,18.8976,5.3,63.1,26.8,NA,NA,NA,NA,NA,NA,NA,NA,1,3.6176,2.5228,6.7592,4.4268,3.63201951,6.030092592,6.126308875,0.625,5.722222222,0,15.33333333,8.666666667,5.833333333,0.050925926,0.101851852,0.055944056,0,0.611111111,0,0,0,0,0.011904762,0.023809524,0.012820513,0,0,0,0,0.142857143,0,22.30745053,42.73842593,66.4079624,6.625,66.88888889,1.166666667,104.9166667,38,38.83333333
105,1972,72442,720921,2,19.5072,5.3,64.4,27.8,NA,NA,NA,NA,NA,NA,NA,NA,1,3.6176,2.5228,6.7592,4.4268,3.63201951,6.030092592,6.126308875,0.625,5.722222222,0,15.33333333,8.666666667,5.833333333,0.050925926,0.101851852,0.055944056,0,0.611111111,0,0,0,0,0.011904762,0.023809524,0.012820513,0,0,0,0,0.142857143,0,22.30745053,42.73842593,66.4079624,6.625,66.88888889,1.166666667,104.9166667,38,38.83333333
106,1972,72443,720922,2,18.288,6,64.1,27.8,NA,NA,NA,NA,NA,NA,NA,NA,0,3.6176,2.5228,6.7592,4.4268,3.63201951,6.030092592,6.126308875,0.625,5.722222222,0,15.33333333,8.666666667,5.833333333,0.050925926,0.101851852,0.055944056,0,0.611111111,0,0,0,0,0.011904762,0.023809524,0.012820513,0,0,0,0,0.142857143,0,22.30745053,42.73842593,66.4079624,6.625,66.88888889,1.166666667,104.9166667,38,38.83333333
107,1972,72310,720812,2,20.1168,5.3,64.1,27.2,NA,NA,NA,NA,NA,NA,NA,NA,1,3.6176,2.5228,6.7592,4.4268,3.63201951,6.030092592,6.126308875,0.625,5.722222222,0,15.33333333,8.666666667,5.833333333,0.050925926,0.101851852,0.055944056,0,0.611111111,0,0,0,0,0.011904762,0.023809524,0.012820513,0,0,0,0,0.142857143,0,22.30745053,42.73842593,66.4079624,6.625,66.88888889,1.166666667,104.9166667,38,38.83333333
108,1972,72324,720817,2,19.2024,5.3,64.1,26.8,NA,NA,NA,NA,NA,NA,NA,NA,1,3.6176,2.5228,6.7592,4.4268,3.63201951,6.030092592,6.126308875,0.625,5.722222222,0,15.33333333,8.666666667,5.833333333,0.050925926,0.101851852,0.055944056,0,0.611111111,0,0,0,0,0.011904762,0.023809524,0.012820513,0,0,0,0,0.142857143,0,22.30745053,42.73842593,66.4079624,6.625,66.88888889,1.166666667,104.9166667,38,38.83333333
109,1972,72016,720608,2,21.336,5.2,63.6,25.8,NA,NA,NA,NA,NA,NA,NA,NA,1,3.6176,2.5228,6.7592,4.4268,3.63201951,6.030092592,6.126308875,0.625,5.722222222,0,15.33333333,8.666666667,5.833333333,0.050925926,0.101851852,0.055944056,0,0.611111111,0,0,0,0,0.011904762,0.023809524,0.012820513,0,0,0,0,0.142857143,0,22.30745053,42.73842593,66.4079624,6.625,66.88888889,1.166666667,104.9166667,38,38.83333333
110,1972,72010,720607,2,20.4216,5.1,63.1,25.8,NA,NA,NA,NA,NA,NA,NA,NA,1,3.6176,2.5228,6.7592,4.4268,3.63201951,6.030092592,6.126308875,0.625,5.722222222,0,15.33333333,8.666666667,5.833333333,0.050925926,0.101851852,0.055944056,0,0.611111111,0,0,0,0,0.011904762,0.023809524,0.012820513,0,0,0,0,0.142857143,0,22.30745053,42.73842593,66.4079624,6.625,66.88888889,1.166666667,104.9166667,38,38.83333333
111,1972,72062,720620,2,21.0312,5.2,65.1,28.2,NA,NA,NA,NA,NA,NA,NA,NA,1,3.6176,2.5228,6.7592,4.4268,3.63201951,6.030092592,6.126308875,0.625,5.722222222,0,15.33333333,8.666666667,5.833333333,0.050925926,0.101851852,0.055944056,0,0.611111111,0,0,0,0,0.011904762,0.023809524,0.012820513,0,0,0,0,0.142857143,0,22.30745053,42.73842593,66.4079624,6.625,66.88888889,1.166666667,104.9166667,38,38.83333333
112,1972,72013,720607,2,18.288,4,62.9,26.8,50,NA,NA,NA,NA,NA,NA,NA,0,3.6176,2.5228,6.7592,4.4268,3.63201951,6.030092592,6.126308875,0.625,5.722222222,0,15.33333333,8.666666667,5.833333333,0.050925926,0.101851852,0.055944056,0,0.611111111,0,0,0,0,0.011904762,0.023809524,0.012820513,0,0,0,0,0.142857143,0,22.30745053,42.73842593,66.4079624,6.625,66.88888889,1.166666667,104.9166667,38,38.83333333
113,1972,72011,720607,2,19.2024,5.2,63.6,26.2,NA,NA,NA,NA,NA,NA,NA,NA,1,3.6176,2.5228,6.7592,4.4268,3.63201951,6.030092592,6.126308875,0.625,5.722222222,0,15.33333333,8.666666667,5.833333333,0.050925926,0.101851852,0.055944056,0,0.611111111,0,0,0,0,0.011904762,0.023809524,0.012820513,0,0,0,0,0.142857143,0,22.30745053,42.73842593,66.4079624,6.625,66.88888889,1.166666667,104.9166667,38,38.83333333
114,1972,72030,720611,2,21.0312,5.2,63.4,27.2,NA,NA,NA,NA,NA,NA,NA,NA,1,3.6176,2.5228,6.7592,4.4268,3.63201951,6.030092592,6.126308875,0.625,5.722222222,0,15.33333333,8.666666667,5.833333333,0.050925926,0.101851852,0.055944056,0,0.611111111,0,0,0,0,0.011904762,0.023809524,0.012820513,0,0,0,0,0.142857143,0,22.30745053,42.73842593,66.4079624,6.625,66.88888889,1.166666667,104.9166667,38,38.83333333
115,1973,73033,730619,2,21.0312,5.2,63.4,28.2,NA,NA,NA,NA,NA,NA,NA,NA,1,12.0904,1.7612,3.6176,2.5228,6.128781513,8.683193278,6.030092592,6,NA,12.5,22.04761905,0.80952381,2.058823529,0.078645833,0.1125,0.101851852,0,NA,0.5625,0,0,0,0.011904762,0.019047619,0.023809524,0,NA,0,0.095238095,0,0,59.35916054,90.75941877,42.73842593,17,NA,94.8125,328.0952381,12.0952381,1.794117647
116,1973,73037,730620,2,19.5072,5.2,63.1,27.2,NA,NA,NA,NA,NA,NA,NA,NA,1,12.0904,1.7612,3.6176,2.5228,6.128781513,8.683193278,6.030092592,6,NA,12.5,22.04761905,0.80952381,2.058823529,0.078645833,0.1125,0.101851852,0,NA,0.5625,0,0,0,0.011904762,0.019047619,0.023809524,0,NA,0,0.095238095,0,0,59.35916054,90.75941877,42.73842593,17,NA,94.8125,328.0952381,12.0952381,1.794117647
117,1973,73015,730612,2,20.4216,5.3,63.75,29.2,NA,NA,NA,NA,NA,NA,NA,NA,1,12.0904,1.7612,3.6176,2.5228,6.128781513,8.683193278,6.030092592,6,NA,12.5,22.04761905,0.80952381,2.058823529,0.078645833,0.1125,0.101851852,0,NA,0.5625,0,0,0,0.011904762,0.019047619,0.023809524,0,NA,0,0.095238095,0,0,59.35916054,90.75941877,42.73842593,17,NA,94.8125,328.0952381,12.0952381,1.794117647
118,1973,73094,730703,2,18.5928,5.2,64.4,27.2,NA,NA,NA,NA,NA,NA,NA,NA,1,12.0904,1.7612,3.6176,2.5228,6.128781513,8.683193278,6.030092592,6,NA,12.5,22.04761905,0.80952381,2.058823529,0.078645833,0.1125,0.101851852,0,NA,0.5625,0,0,0,0.011904762,0.019047619,0.023809524,0,NA,0,0.095238095,0,0,59.35916054,90.75941877,42.73842593,17,NA,94.8125,328.0952381,12.0952381,1.794117647
119,1973,73110,730707,2,19.2024,5.2,63.9,26.8,NA,NA,NA,NA,NA,NA,NA,NA,1,12.0904,1.7612,3.6176,2.5228,6.128781513,8.683193278,6.030092592,6,NA,12.5,22.04761905,0.80952381,2.058823529,0.078645833,0.1125,0.101851852,0,NA,0.5625,0,0,0,0.011904762,0.019047619,0.023809524,0,NA,0,0.095238095,0,0,59.35916054,90.75941877,42.73842593,17,NA,94.8125,328.0952381,12.0952381,1.794117647
120,1973,73130,730710,2,19.2024,5.2,64.1,27.8,NA,NA,NA,NA,NA,NA,NA,NA,1,12.0904,1.7612,3.6176,2.5228,6.128781513,8.683193278,6.030092592,6,NA,12.5,22.04761905,0.80952381,2.058823529,0.078645833,0.1125,0.101851852,0,NA,0.5625,0,0,0,0.011904762,0.019047619,0.023809524,0,NA,0,0.095238095,0,0,59.35916054,90.75941877,42.73842593,17,NA,94.8125,328.0952381,12.0952381,1.794117647
121,1973,73172,730719,2,20.1168,9,65.4,27.8,60,85,NA,NA,NA,NA,NA,NA,1,12.0904,1.7612,3.6176,2.5228,6.128781513,8.683193278,6.030092592,6,NA,12.5,22.04761905,0.80952381,2.058823529,0.078645833,0.1125,0.101851852,0,NA,0.5625,0,0,0,0.011904762,0.019047619,0.023809524,0,NA,0,0.095238095,0,0,59.35916054,90.75941877,42.73842593,17,NA,94.8125,328.0952381,12.0952381,1.794117647
122,1973,73173,730719,2,19.812,5.2,65.6,28.8,55,80,NA,NA,NA,NA,NA,NA,1,12.0904,1.7612,3.6176,2.5228,6.128781513,8.683193278,6.030092592,6,NA,12.5,22.04761905,0.80952381,2.058823529,0.078645833,0.1125,0.101851852,0,NA,0.5625,0,0,0,0.011904762,0.019047619,0.023809524,0,NA,0,0.095238095,0,0,59.35916054,90.75941877,42.73842593,17,NA,94.8125,328.0952381,12.0952381,1.794117647
123,1973,73174,730719,2,18.288,5.3,65.6,27.8,55,80,NA,NA,NA,NA,NA,NA,1,12.0904,1.7612,3.6176,2.5228,6.128781513,8.683193278,6.030092592,6,NA,12.5,22.04761905,0.80952381,2.058823529,0.078645833,0.1125,0.101851852,0,NA,0.5625,0,0,0,0.011904762,0.019047619,0.023809524,0,NA,0,0.095238095,0,0,59.35916054,90.75941877,42.73842593,17,NA,94.8125,328.0952381,12.0952381,1.794117647
124,1973,73175,730719,2,19.812,9,65.6,27.8,80,85,NA,NA,NA,NA,NA,NA,1,12.0904,1.7612,3.6176,2.5228,6.128781513,8.683193278,6.030092592,6,NA,12.5,22.04761905,0.80952381,2.058823529,0.078645833,0.1125,0.101851852,0,NA,0.5625,0,0,0,0.011904762,0.019047619,0.023809524,0,NA,0,0.095238095,0,0,59.35916054,90.75941877,42.73842593,17,NA,94.8125,328.0952381,12.0952381,1.794117647
125,1973,73180,730721,2,19.5072,4,65.4,28.8,60,90,NA,NA,NA,NA,NA,NA,0,12.0904,1.7612,3.6176,2.5228,6.128781513,8.683193278,6.030092592,6,NA,12.5,22.04761905,0.80952381,2.058823529,0.078645833,0.1125,0.101851852,0,NA,0.5625,0,0,0,0.011904762,0.019047619,0.023809524,0,NA,0,0.095238095,0,0,59.35916054,90.75941877,42.73842593,17,NA,94.8125,328.0952381,12.0952381,1.794117647
126,1973,73181,730721,2,19.2024,5.3,65.4,28.8,80,100,NA,NA,NA,NA,NA,NA,1,12.0904,1.7612,3.6176,2.5228,6.128781513,8.683193278,6.030092592,6,NA,12.5,22.04761905,0.80952381,2.058823529,0.078645833,0.1125,0.101851852,0,NA,0.5625,0,0,0,0.011904762,0.019047619,0.023809524,0,NA,0,0.095238095,0,0,59.35916054,90.75941877,42.73842593,17,NA,94.8125,328.0952381,12.0952381,1.794117647
127,1973,73182,730721,2,20.7264,9,64.6,27.5,60,NA,NA,NA,NA,NA,NA,NA,1,12.0904,1.7612,3.6176,2.5228,6.128781513,8.683193278,6.030092592,6,NA,12.5,22.04761905,0.80952381,2.058823529,0.078645833,0.1125,0.101851852,0,NA,0.5625,0,0,0,0.011904762,0.019047619,0.023809524,0,NA,0,0.095238095,0,0,59.35916054,90.75941877,42.73842593,17,NA,94.8125,328.0952381,12.0952381,1.794117647
128,1973,73184,730722,2,20.7264,5.3,65.4,27.2,70,80,NA,NA,NA,NA,NA,NA,1,12.0904,1.7612,3.6176,2.5228,6.128781513,8.683193278,6.030092592,6,NA,12.5,22.04761905,0.80952381,2.058823529,0.078645833,0.1125,0.101851852,0,NA,0.5625,0,0,0,0.011904762,0.019047619,0.023809524,0,NA,0,0.095238095,0,0,59.35916054,90.75941877,42.73842593,17,NA,94.8125,328.0952381,12.0952381,1.794117647
129,1973,73187,730722,2,19.2024,4,65.1,28.2,45,60,NA,NA,NA,NA,NA,NA,0,12.0904,1.7612,3.6176,2.5228,6.128781513,8.683193278,6.030092592,6,NA,12.5,22.04761905,0.80952381,2.058823529,0.078645833,0.1125,0.101851852,0,NA,0.5625,0,0,0,0.011904762,0.019047619,0.023809524,0,NA,0,0.095238095,0,0,59.35916054,90.75941877,42.73842593,17,NA,94.8125,328.0952381,12.0952381,1.794117647
130,1973,73188,730723,2,19.812,4,64.4,26.8,40,70,NA,NA,NA,NA,NA,NA,0,12.0904,1.7612,3.6176,2.5228,6.128781513,8.683193278,6.030092592,6,NA,12.5,22.04761905,0.80952381,2.058823529,0.078645833,0.1125,0.101851852,0,NA,0.5625,0,0,0,0.011904762,0.019047619,0.023809524,0,NA,0,0.095238095,0,0,59.35916054,90.75941877,42.73842593,17,NA,94.8125,328.0952381,12.0952381,1.794117647
131,1973,73199,730724,2,20.4216,9,64.6,27.8,70,NA,NA,NA,NA,NA,NA,NA,1,12.0904,1.7612,3.6176,2.5228,6.128781513,8.683193278,6.030092592,6,NA,12.5,22.04761905,0.80952381,2.058823529,0.078645833,0.1125,0.101851852,0,NA,0.5625,0,0,0,0.011904762,0.019047619,0.023809524,0,NA,0,0.095238095,0,0,59.35916054,90.75941877,42.73842593,17,NA,94.8125,328.0952381,12.0952381,1.794117647
132,1973,73208,730725,2,20.4216,9,64.6,27.2,80,NA,NA,NA,NA,NA,NA,NA,1,12.0904,1.7612,3.6176,2.5228,6.128781513,8.683193278,6.030092592,6,NA,12.5,22.04761905,0.80952381,2.058823529,0.078645833,0.1125,0.101851852,0,NA,0.5625,0,0,0,0.011904762,0.019047619,0.023809524,0,NA,0,0.095238095,0,0,59.35916054,90.75941877,42.73842593,17,NA,94.8125,328.0952381,12.0952381,1.794117647
133,1973,73222,730730,2,20.4216,4,64.1,27.2,NA,NA,NA,NA,NA,NA,NA,NA,0,12.0904,1.7612,3.6176,2.5228,6.128781513,8.683193278,6.030092592,6,NA,12.5,22.04761905,0.80952381,2.058823529,0.078645833,0.1125,0.101851852,0,NA,0.5625,0,0,0,0.011904762,0.019047619,0.023809524,0,NA,0,0.095238095,0,0,59.35916054,90.75941877,42.73842593,17,NA,94.8125,328.0952381,12.0952381,1.794117647
134,1973,73227,730801,2,18.5928,5.2,64.4,26.8,50,NA,NA,NA,NA,NA,NA,NA,1,12.0904,1.7612,3.6176,2.5228,6.128781513,8.683193278,6.030092592,6,NA,12.5,22.04761905,0.80952381,2.058823529,0.078645833,0.1125,0.101851852,0,NA,0.5625,0,0,0,0.011904762,0.019047619,0.023809524,0,NA,0,0.095238095,0,0,59.35916054,90.75941877,42.73842593,17,NA,94.8125,328.0952381,12.0952381,1.794117647
135,1973,73234,730802,2,17.9832,5,64.6,26.8,NA,NA,NA,NA,NA,NA,NA,NA,1,12.0904,1.7612,3.6176,2.5228,6.128781513,8.683193278,6.030092592,6,NA,12.5,22.04761905,0.80952381,2.058823529,0.078645833,0.1125,0.101851852,0,NA,0.5625,0,0,0,0.011904762,0.019047619,0.023809524,0,NA,0,0.095238095,0,0,59.35916054,90.75941877,42.73842593,17,NA,94.8125,328.0952381,12.0952381,1.794117647
136,1973,73236,730803,2,18.8976,9,64.6,26.8,80,100,NA,NA,NA,NA,NA,NA,1,12.0904,1.7612,3.6176,2.5228,6.128781513,8.683193278,6.030092592,6,NA,12.5,22.04761905,0.80952381,2.058823529,0.078645833,0.1125,0.101851852,0,NA,0.5625,0,0,0,0.011904762,0.019047619,0.023809524,0,NA,0,0.095238095,0,0,59.35916054,90.75941877,42.73842593,17,NA,94.8125,328.0952381,12.0952381,1.794117647
137,1973,73240,730803,2,18.5928,5.3,64.6,27.2,55,NA,NA,NA,NA,NA,NA,NA,1,12.0904,1.7612,3.6176,2.5228,6.128781513,8.683193278,6.030092592,6,NA,12.5,22.04761905,0.80952381,2.058823529,0.078645833,0.1125,0.101851852,0,NA,0.5625,0,0,0,0.011904762,0.019047619,0.023809524,0,NA,0,0.095238095,0,0,59.35916054,90.75941877,42.73842593,17,NA,94.8125,328.0952381,12.0952381,1.794117647
138,1973,73241,730803,2,19.5072,4,64.6,26.8,55,NA,NA,NA,NA,NA,NA,NA,0,12.0904,1.7612,3.6176,2.5228,6.128781513,8.683193278,6.030092592,6,NA,12.5,22.04761905,0.80952381,2.058823529,0.078645833,0.1125,0.101851852,0,NA,0.5625,0,0,0,0.011904762,0.019047619,0.023809524,0,NA,0,0.095238095,0,0,59.35916054,90.75941877,42.73842593,17,NA,94.8125,328.0952381,12.0952381,1.794117647
139,1973,73245,730807,2,20.4216,5.3,65.4,27.8,NA,NA,NA,NA,NA,NA,NA,NA,1,12.0904,1.7612,3.6176,2.5228,6.128781513,8.683193278,6.030092592,6,NA,12.5,22.04761905,0.80952381,2.058823529,0.078645833,0.1125,0.101851852,0,NA,0.5625,0,0,0,0.011904762,0.019047619,0.023809524,0,NA,0,0.095238095,0,0,59.35916054,90.75941877,42.73842593,17,NA,94.8125,328.0952381,12.0952381,1.794117647
140,1973,73247,730807,2,18.5928,9,65.4,27.5,50,NA,NA,NA,NA,NA,NA,NA,1,12.0904,1.7612,3.6176,2.5228,6.128781513,8.683193278,6.030092592,6,NA,12.5,22.04761905,0.80952381,2.058823529,0.078645833,0.1125,0.101851852,0,NA,0.5625,0,0,0,0.011904762,0.019047619,0.023809524,0,NA,0,0.095238095,0,0,59.35916054,90.75941877,42.73842593,17,NA,94.8125,328.0952381,12.0952381,1.794117647
141,1973,73251,730807,2,19.5072,5.3,65.4,27.8,50,75,NA,NA,NA,NA,NA,NA,1,12.0904,1.7612,3.6176,2.5228,6.128781513,8.683193278,6.030092592,6,NA,12.5,22.04761905,0.80952381,2.058823529,0.078645833,0.1125,0.101851852,0,NA,0.5625,0,0,0,0.011904762,0.019047619,0.023809524,0,NA,0,0.095238095,0,0,59.35916054,90.75941877,42.73842593,17,NA,94.8125,328.0952381,12.0952381,1.794117647
142,1973,73252,730708,2,19.812,6.4,65.6,27.2,NA,NA,NA,NA,NA,NA,NA,NA,0,12.0904,1.7612,3.6176,2.5228,6.128781513,8.683193278,6.030092592,6,NA,12.5,22.04761905,0.80952381,2.058823529,0.078645833,0.1125,0.101851852,0,NA,0.5625,0,0,0,0.011904762,0.019047619,0.023809524,0,NA,0,0.095238095,0,0,59.35916054,90.75941877,42.73842593,17,NA,94.8125,328.0952381,12.0952381,1.794117647
143,1973,73255,730809,2,18.5928,5.2,65.4,27.8,70,85,NA,NA,NA,NA,NA,NA,1,12.0904,1.7612,3.6176,2.5228,6.128781513,8.683193278,6.030092592,6,NA,12.5,22.04761905,0.80952381,2.058823529,0.078645833,0.1125,0.101851852,0,NA,0.5625,0,0,0,0.011904762,0.019047619,0.023809524,0,NA,0,0.095238095,0,0,59.35916054,90.75941877,42.73842593,17,NA,94.8125,328.0952381,12.0952381,1.794117647
144,1973,73259,730810,2,19.5072,5.3,65.6,28.2,70,95,NA,NA,NA,NA,NA,NA,1,12.0904,1.7612,3.6176,2.5228,6.128781513,8.683193278,6.030092592,6,NA,12.5,22.04761905,0.80952381,2.058823529,0.078645833,0.1125,0.101851852,0,NA,0.5625,0,0,0,0.011904762,0.019047619,0.023809524,0,NA,0,0.095238095,0,0,59.35916054,90.75941877,42.73842593,17,NA,94.8125,328.0952381,12.0952381,1.794117647
145,1973,73260,730810,2,20.1168,5.3,65.6,27.8,NA,NA,NA,NA,NA,NA,NA,NA,1,12.0904,1.7612,3.6176,2.5228,6.128781513,8.683193278,6.030092592,6,NA,12.5,22.04761905,0.80952381,2.058823529,0.078645833,0.1125,0.101851852,0,NA,0.5625,0,0,0,0.011904762,0.019047619,0.023809524,0,NA,0,0.095238095,0,0,59.35916054,90.75941877,42.73842593,17,NA,94.8125,328.0952381,12.0952381,1.794117647
146,1973,73270,730812,2,18.8976,5.1,65.4,27.2,70,75,NA,NA,NA,NA,NA,NA,1,12.0904,1.7612,3.6176,2.5228,6.128781513,8.683193278,6.030092592,6,NA,12.5,22.04761905,0.80952381,2.058823529,0.078645833,0.1125,0.101851852,0,NA,0.5625,0,0,0,0.011904762,0.019047619,0.023809524,0,NA,0,0.095238095,0,0,59.35916054,90.75941877,42.73842593,17,NA,94.8125,328.0952381,12.0952381,1.794117647
147,1973,73299,730821,2,19.5072,5.3,64.9,27.2,NA,NA,NA,NA,NA,NA,NA,NA,1,12.0904,1.7612,3.6176,2.5228,6.128781513,8.683193278,6.030092592,6,NA,12.5,22.04761905,0.80952381,2.058823529,0.078645833,0.1125,0.101851852,0,NA,0.5625,0,0,0,0.011904762,0.019047619,0.023809524,0,NA,0,0.095238095,0,0,59.35916054,90.75941877,42.73842593,17,NA,94.8125,328.0952381,12.0952381,1.794117647
148,1973,73310,730822,2,20.1168,5.3,65.4,28.2,85,NA,NA,NA,NA,NA,NA,NA,1,12.0904,1.7612,3.6176,2.5228,6.128781513,8.683193278,6.030092592,6,NA,12.5,22.04761905,0.80952381,2.058823529,0.078645833,0.1125,0.101851852,0,NA,0.5625,0,0,0,0.011904762,0.019047619,0.023809524,0,NA,0,0.095238095,0,0,59.35916054,90.75941877,42.73842593,17,NA,94.8125,328.0952381,12.0952381,1.794117647
149,1973,73313,730823,2,19.2024,4,65.4,28.2,50,NA,NA,NA,NA,NA,NA,NA,0,12.0904,1.7612,3.6176,2.5228,6.128781513,8.683193278,6.030092592,6,NA,12.5,22.04761905,0.80952381,2.058823529,0.078645833,0.1125,0.101851852,0,NA,0.5625,0,0,0,0.011904762,0.019047619,0.023809524,0,NA,0,0.095238095,0,0,59.35916054,90.75941877,42.73842593,17,NA,94.8125,328.0952381,12.0952381,1.794117647
150,1973,73320,730827,2,20.4216,9,65.4,28.2,60,NA,NA,NA,NA,NA,NA,NA,1,12.0904,1.7612,3.6176,2.5228,6.128781513,8.683193278,6.030092592,6,NA,12.5,22.04761905,0.80952381,2.058823529,0.078645833,0.1125,0.101851852,0,NA,0.5625,0,0,0,0.011904762,0.019047619,0.023809524,0,NA,0,0.095238095,0,0,59.35916054,90.75941877,42.73842593,17,NA,94.8125,328.0952381,12.0952381,1.794117647
151,1973,73325,730828,2,19.812,5.3,65.6,28.2,60,90,NA,NA,NA,NA,NA,NA,1,12.0904,1.7612,3.6176,2.5228,6.128781513,8.683193278,6.030092592,6,NA,12.5,22.04761905,0.80952381,2.058823529,0.078645833,0.1125,0.101851852,0,NA,0.5625,0,0,0,0.011904762,0.019047619,0.023809524,0,NA,0,0.095238095,0,0,59.35916054,90.75941877,42.73842593,17,NA,94.8125,328.0952381,12.0952381,1.794117647
152,1973,73355,730906,2,19.5072,4,65.4,29.8,90,NA,NA,NA,NA,NA,NA,NA,0,12.0904,1.7612,3.6176,2.5228,6.128781513,8.683193278,6.030092592,6,NA,12.5,22.04761905,0.80952381,2.058823529,0.078645833,0.1125,0.101851852,0,NA,0.5625,0,0,0,0.011904762,0.019047619,0.023809524,0,NA,0,0.095238095,0,0,59.35916054,90.75941877,42.73842593,17,NA,94.8125,328.0952381,12.0952381,1.794117647
153,1973,73365,730907,2,18.5928,4,65.6,27.2,70,70,NA,NA,NA,NA,NA,NA,0,12.0904,1.7612,3.6176,2.5228,6.128781513,8.683193278,6.030092592,6,NA,12.5,22.04761905,0.80952381,2.058823529,0.078645833,0.1125,0.101851852,0,NA,0.5625,0,0,0,0.011904762,0.019047619,0.023809524,0,NA,0,0.095238095,0,0,59.35916054,90.75941877,42.73842593,17,NA,94.8125,328.0952381,12.0952381,1.794117647
154,1973,73038,730620,2,20.1168,5.2,63.1,27.2,NA,NA,NA,NA,NA,NA,NA,NA,1,12.0904,1.7612,3.6176,2.5228,6.128781513,8.683193278,6.030092592,6,NA,12.5,22.04761905,0.80952381,2.058823529,0.078645833,0.1125,0.101851852,0,NA,0.5625,0,0,0,0.011904762,0.019047619,0.023809524,0,NA,0,0.095238095,0,0,59.35916054,90.75941877,42.73842593,17,NA,94.8125,328.0952381,12.0952381,1.794117647
155,1973,73050,730624,2,20.1168,5.3,63.1,25.8,NA,NA,NA,NA,NA,NA,NA,NA,1,12.0904,1.7612,3.6176,2.5228,6.128781513,8.683193278,6.030092592,6,NA,12.5,22.04761905,0.80952381,2.058823529,0.078645833,0.1125,0.101851852,0,NA,0.5625,0,0,0,0.011904762,0.019047619,0.023809524,0,NA,0,0.095238095,0,0,59.35916054,90.75941877,42.73842593,17,NA,94.8125,328.0952381,12.0952381,1.794117647
156,1973,73058,730625,2,19.812,5.2,62.9,25.8,NA,NA,NA,NA,NA,NA,NA,NA,1,12.0904,1.7612,3.6176,2.5228,6.128781513,8.683193278,6.030092592,6,NA,12.5,22.04761905,0.80952381,2.058823529,0.078645833,0.1125,0.101851852,0,NA,0.5625,0,0,0,0.011904762,0.019047619,0.023809524,0,NA,0,0.095238095,0,0,59.35916054,90.75941877,42.73842593,17,NA,94.8125,328.0952381,12.0952381,1.794117647
157,1973,73071,730628,2,19.2024,5.2,63.6,27.2,NA,NA,NA,NA,NA,NA,NA,NA,1,12.0904,1.7612,3.6176,2.5228,6.128781513,8.683193278,6.030092592,6,NA,12.5,22.04761905,0.80952381,2.058823529,0.078645833,0.1125,0.101851852,0,NA,0.5625,0,0,0,0.011904762,0.019047619,0.023809524,0,NA,0,0.095238095,0,0,59.35916054,90.75941877,42.73842593,17,NA,94.8125,328.0952381,12.0952381,1.794117647
158,1973,73372,730908,2,19.812,5.3,65.6,27.8,90,100,NA,NA,NA,NA,NA,NA,1,12.0904,1.7612,3.6176,2.5228,6.128781513,8.683193278,6.030092592,6,NA,12.5,22.04761905,0.80952381,2.058823529,0.078645833,0.1125,0.101851852,0,NA,0.5625,0,0,0,0.011904762,0.019047619,0.023809524,0,NA,0,0.095238095,0,0,59.35916054,90.75941877,42.73842593,17,NA,94.8125,328.0952381,12.0952381,1.794117647
159,1974,74294,740820,2,19.5072,5.3,65.4,28.2,NA,NA,NA,NA,NA,NA,NA,NA,1,2.856,0.7616,12.0904,1.7612,4.911521702,7.168508392,8.683193278,4.636363636,12.35714286,2.263157895,6.333333333,6,11.42105263,0.04962406,0.082706767,0.1125,0,0.285714286,0.210526316,0,0,0,0,0,0.019047619,0,0,0,0,0,0,72.13779463,118.2105605,90.75941877,53.72727273,249.8571429,75.47368421,74.6,220.5,35.10526316
160,1974,74315,740828,2,20.4216,5.3,65.4,28.8,NA,NA,NA,NA,NA,NA,NA,NA,1,2.856,0.7616,12.0904,1.7612,4.911521702,7.168508392,8.683193278,4.636363636,12.35714286,2.263157895,6.333333333,6,11.42105263,0.04962406,0.082706767,0.1125,0,0.285714286,0.210526316,0,0,0,0,0,0.019047619,0,0,0,0,0,0,72.13779463,118.2105605,90.75941877,53.72727273,249.8571429,75.47368421,74.6,220.5,35.10526316
161,1974,74329,740902,2,19.812,5.2,65.6,28.8,NA,NA,NA,NA,NA,NA,NA,NA,1,2.856,0.7616,12.0904,1.7612,4.911521702,7.168508392,8.683193278,4.636363636,12.35714286,2.263157895,6.333333333,6,11.42105263,0.04962406,0.082706767,0.1125,0,0.285714286,0.210526316,0,0,0,0,0,0.019047619,0,0,0,0,0,0,72.13779463,118.2105605,90.75941877,53.72727273,249.8571429,75.47368421,74.6,220.5,35.10526316
162,1974,74233,740805,2,18.5928,5.3,65.25,28.2,NA,NA,NA,NA,NA,NA,NA,NA,1,2.856,0.7616,12.0904,1.7612,4.911521702,7.168508392,8.683193278,4.636363636,12.35714286,2.263157895,6.333333333,6,11.42105263,0.04962406,0.082706767,0.1125,0,0.285714286,0.210526316,0,0,0,0,0,0.019047619,0,0,0,0,0,0,72.13779463,118.2105605,90.75941877,53.72727273,249.8571429,75.47368421,74.6,220.5,35.10526316
163,1974,74181,740722,2,18.8976,6,65.1,28.8,NA,NA,NA,NA,NA,NA,NA,NA,0,2.856,0.7616,12.0904,1.7612,4.911521702,7.168508392,8.683193278,4.636363636,12.35714286,2.263157895,6.333333333,6,11.42105263,0.04962406,0.082706767,0.1125,0,0.285714286,0.210526316,0,0,0,0,0,0.019047619,0,0,0,0,0,0,72.13779463,118.2105605,90.75941877,53.72727273,249.8571429,75.47368421,74.6,220.5,35.10526316
164,1974,74187,740723,2,18.5928,5.2,65.1,28.5,NA,NA,NA,NA,NA,NA,NA,NA,1,2.856,0.7616,12.0904,1.7612,4.911521702,7.168508392,8.683193278,4.636363636,12.35714286,2.263157895,6.333333333,6,11.42105263,0.04962406,0.082706767,0.1125,0,0.285714286,0.210526316,0,0,0,0,0,0.019047619,0,0,0,0,0,0,72.13779463,118.2105605,90.75941877,53.72727273,249.8571429,75.47368421,74.6,220.5,35.10526316
165,1974,74250,740809,2,20.1168,5.2,65.9,27.2,NA,NA,NA,NA,NA,NA,NA,NA,1,2.856,0.7616,12.0904,1.7612,4.911521702,7.168508392,8.683193278,4.636363636,12.35714286,2.263157895,6.333333333,6,11.42105263,0.04962406,0.082706767,0.1125,0,0.285714286,0.210526316,0,0,0,0,0,0.019047619,0,0,0,0,0,0,72.13779463,118.2105605,90.75941877,53.72727273,249.8571429,75.47368421,74.6,220.5,35.10526316
166,1974,74024,740610,2,20.4216,5.2,65.4,28.2,NA,NA,NA,NA,NA,NA,NA,NA,1,2.856,0.7616,12.0904,1.7612,4.911521702,7.168508392,8.683193278,4.636363636,12.35714286,2.263157895,6.333333333,6,11.42105263,0.04962406,0.082706767,0.1125,0,0.285714286,0.210526316,0,0,0,0,0,0.019047619,0,0,0,0,0,0,72.13779463,118.2105605,90.75941877,53.72727273,249.8571429,75.47368421,74.6,220.5,35.10526316
167,1974,74202,740727,2,19.5072,6,65.4,28.2,NA,NA,NA,NA,NA,NA,NA,NA,0,2.856,0.7616,12.0904,1.7612,4.911521702,7.168508392,8.683193278,4.636363636,12.35714286,2.263157895,6.333333333,6,11.42105263,0.04962406,0.082706767,0.1125,0,0.285714286,0.210526316,0,0,0,0,0,0.019047619,0,0,0,0,0,0,72.13779463,118.2105605,90.75941877,53.72727273,249.8571429,75.47368421,74.6,220.5,35.10526316
168,1974,74266,740812,2,18.288,5.2,65.6,28.2,NA,NA,NA,NA,NA,NA,NA,NA,1,2.856,0.7616,12.0904,1.7612,4.911521702,7.168508392,8.683193278,4.636363636,12.35714286,2.263157895,6.333333333,6,11.42105263,0.04962406,0.082706767,0.1125,0,0.285714286,0.210526316,0,0,0,0,0,0.019047619,0,0,0,0,0,0,72.13779463,118.2105605,90.75941877,53.72727273,249.8571429,75.47368421,74.6,220.5,35.10526316
169,1974,74284,740816,2,21.9456,5.3,65.6,28.8,NA,NA,NA,NA,NA,NA,NA,NA,1,2.856,0.7616,12.0904,1.7612,4.911521702,7.168508392,8.683193278,4.636363636,12.35714286,2.263157895,6.333333333,6,11.42105263,0.04962406,0.082706767,0.1125,0,0.285714286,0.210526316,0,0,0,0,0,0.019047619,0,0,0,0,0,0,72.13779463,118.2105605,90.75941877,53.72727273,249.8571429,75.47368421,74.6,220.5,35.10526316
170,1974,74036,740615,2,19.2024,5.3,63.75,27.2,NA,NA,NA,NA,NA,NA,NA,NA,1,2.856,0.7616,12.0904,1.7612,4.911521702,7.168508392,8.683193278,4.636363636,12.35714286,2.263157895,6.333333333,6,11.42105263,0.04962406,0.082706767,0.1125,0,0.285714286,0.210526316,0,0,0,0,0,0.019047619,0,0,0,0,0,0,72.13779463,118.2105605,90.75941877,53.72727273,249.8571429,75.47368421,74.6,220.5,35.10526316
171,1974,74105,740703,2,19.5072,5.2,64.4,27.8,NA,NA,NA,NA,NA,NA,NA,NA,1,2.856,0.7616,12.0904,1.7612,4.911521702,7.168508392,8.683193278,4.636363636,12.35714286,2.263157895,6.333333333,6,11.42105263,0.04962406,0.082706767,0.1125,0,0.285714286,0.210526316,0,0,0,0,0,0.019047619,0,0,0,0,0,0,72.13779463,118.2105605,90.75941877,53.72727273,249.8571429,75.47368421,74.6,220.5,35.10526316
172,1974,74106,740703,2,21.0312,6,64.4,27.8,NA,NA,NA,NA,NA,NA,NA,NA,0,2.856,0.7616,12.0904,1.7612,4.911521702,7.168508392,8.683193278,4.636363636,12.35714286,2.263157895,6.333333333,6,11.42105263,0.04962406,0.082706767,0.1125,0,0.285714286,0.210526316,0,0,0,0,0,0.019047619,0,0,0,0,0,0,72.13779463,118.2105605,90.75941877,53.72727273,249.8571429,75.47368421,74.6,220.5,35.10526316
173,1974,74167,740718,2,19.812,6,65.1,28.8,NA,NA,NA,NA,NA,NA,NA,NA,0,2.856,0.7616,12.0904,1.7612,4.911521702,7.168508392,8.683193278,4.636363636,12.35714286,2.263157895,6.333333333,6,11.42105263,0.04962406,0.082706767,0.1125,0,0.285714286,0.210526316,0,0,0,0,0,0.019047619,0,0,0,0,0,0,72.13779463,118.2105605,90.75941877,53.72727273,249.8571429,75.47368421,74.6,220.5,35.10526316
174,1974,74191,740725,2,19.5072,6,64.9,28.8,NA,NA,NA,NA,NA,NA,NA,NA,0,2.856,0.7616,12.0904,1.7612,4.911521702,7.168508392,8.683193278,4.636363636,12.35714286,2.263157895,6.333333333,6,11.42105263,0.04962406,0.082706767,0.1125,0,0.285714286,0.210526316,0,0,0,0,0,0.019047619,0,0,0,0,0,0,72.13779463,118.2105605,90.75941877,53.72727273,249.8571429,75.47368421,74.6,220.5,35.10526316
175,1974,74131,740709,2,20.7264,5.3,63.9,27.8,NA,NA,NA,NA,NA,NA,NA,NA,1,2.856,0.7616,12.0904,1.7612,4.911521702,7.168508392,8.683193278,4.636363636,12.35714286,2.263157895,6.333333333,6,11.42105263,0.04962406,0.082706767,0.1125,0,0.285714286,0.210526316,0,0,0,0,0,0.019047619,0,0,0,0,0,0,72.13779463,118.2105605,90.75941877,53.72727273,249.8571429,75.47368421,74.6,220.5,35.10526316
176,1974,74161,740716,2,20.1168,5.3,64.4,28.2,NA,NA,NA,NA,NA,NA,NA,NA,1,2.856,0.7616,12.0904,1.7612,4.911521702,7.168508392,8.683193278,4.636363636,12.35714286,2.263157895,6.333333333,6,11.42105263,0.04962406,0.082706767,0.1125,0,0.285714286,0.210526316,0,0,0,0,0,0.019047619,0,0,0,0,0,0,72.13779463,118.2105605,90.75941877,53.72727273,249.8571429,75.47368421,74.6,220.5,35.10526316
177,1974,74055,740620,2,20.1168,5.2,65.1,29.8,NA,NA,NA,NA,NA,NA,NA,NA,1,2.856,0.7616,12.0904,1.7612,4.911521702,7.168508392,8.683193278,4.636363636,12.35714286,2.263157895,6.333333333,6,11.42105263,0.04962406,0.082706767,0.1125,0,0.285714286,0.210526316,0,0,0,0,0,0.019047619,0,0,0,0,0,0,72.13779463,118.2105605,90.75941877,53.72727273,249.8571429,75.47368421,74.6,220.5,35.10526316
178,1974,74193,740725,2,21.336,5.1,64.9,28.8,NA,NA,NA,NA,NA,NA,NA,NA,1,2.856,0.7616,12.0904,1.7612,4.911521702,7.168508392,8.683193278,4.636363636,12.35714286,2.263157895,6.333333333,6,11.42105263,0.04962406,0.082706767,0.1125,0,0.285714286,0.210526316,0,0,0,0,0,0.019047619,0,0,0,0,0,0,72.13779463,118.2105605,90.75941877,53.72727273,249.8571429,75.47368421,74.6,220.5,35.10526316
179,1975,75040,750624,2,20.4216,5.2,63.4,27.5,NA,NA,NA,NA,NA,NA,NA,NA,1,4.0936,1.6184,2.856,0.7616,5.13965544,8.951954887,7.168508392,7.052631579,NA,2.75,9.166666667,10.61904762,15.17142857,0.005050505,0,0.082706767,0,NA,0,0,0,0,0.004784689,0.010526316,0,0.052631579,NA,0,0,0,0,28.48158033,46.09442356,118.2105605,57.89473684,NA,97.625,13.66666667,49.42857143,11.85714286
180,1975,75044,750624,2,19.812,5.2,63.1,26.8,NA,NA,NA,NA,NA,NA,NA,NA,1,4.0936,1.6184,2.856,0.7616,5.13965544,8.951954887,7.168508392,7.052631579,NA,2.75,9.166666667,10.61904762,15.17142857,0.005050505,0,0.082706767,0,NA,0,0,0,0,0.004784689,0.010526316,0,0.052631579,NA,0,0,0,0,28.48158033,46.09442356,118.2105605,57.89473684,NA,97.625,13.66666667,49.42857143,11.85714286
181,1975,75048,750626,2,19.2024,5.1,63.6,27.2,NA,NA,NA,NA,NA,NA,NA,NA,1,4.0936,1.6184,2.856,0.7616,5.13965544,8.951954887,7.168508392,7.052631579,NA,2.75,9.166666667,10.61904762,15.17142857,0.005050505,0,0.082706767,0,NA,0,0,0,0,0.004784689,0.010526316,0,0.052631579,NA,0,0,0,0,28.48158033,46.09442356,118.2105605,57.89473684,NA,97.625,13.66666667,49.42857143,11.85714286
182,1975,75053,750626,2,20.7264,5.2,63.4,28.2,NA,NA,NA,NA,NA,NA,NA,NA,1,4.0936,1.6184,2.856,0.7616,5.13965544,8.951954887,7.168508392,7.052631579,NA,2.75,9.166666667,10.61904762,15.17142857,0.005050505,0,0.082706767,0,NA,0,0,0,0,0.004784689,0.010526316,0,0.052631579,NA,0,0,0,0,28.48158033,46.09442356,118.2105605,57.89473684,NA,97.625,13.66666667,49.42857143,11.85714286
183,1975,75028,750621,2,20.1168,5.1,63.6,27.5,NA,NA,NA,NA,NA,NA,NA,NA,1,4.0936,1.6184,2.856,0.7616,5.13965544,8.951954887,7.168508392,7.052631579,NA,2.75,9.166666667,10.61904762,15.17142857,0.005050505,0,0.082706767,0,NA,0,0,0,0,0.004784689,0.010526316,0,0.052631579,NA,0,0,0,0,28.48158033,46.09442356,118.2105605,57.89473684,NA,97.625,13.66666667,49.42857143,11.85714286
184,1975,75032,750621,2,20.1168,5.1,63.4,27.2,NA,NA,NA,NA,NA,NA,NA,NA,1,4.0936,1.6184,2.856,0.7616,5.13965544,8.951954887,7.168508392,7.052631579,NA,2.75,9.166666667,10.61904762,15.17142857,0.005050505,0,0.082706767,0,NA,0,0,0,0,0.004784689,0.010526316,0,0.052631579,NA,0,0,0,0,28.48158033,46.09442356,118.2105605,57.89473684,NA,97.625,13.66666667,49.42857143,11.85714286
185,1975,75036,750623,2,19.2024,6,63.4,27.8,NA,NA,NA,NA,NA,NA,NA,NA,0,4.0936,1.6184,2.856,0.7616,5.13965544,8.951954887,7.168508392,7.052631579,NA,2.75,9.166666667,10.61904762,15.17142857,0.005050505,0,0.082706767,0,NA,0,0,0,0,0.004784689,0.010526316,0,0.052631579,NA,0,0,0,0,28.48158033,46.09442356,118.2105605,57.89473684,NA,97.625,13.66666667,49.42857143,11.85714286
186,1975,75184,750721,2,18.288,5.2,64.4,29.2,NA,NA,NA,NA,NA,NA,NA,NA,1,4.0936,1.6184,2.856,0.7616,5.13965544,8.951954887,7.168508392,7.052631579,NA,2.75,9.166666667,10.61904762,15.17142857,0.005050505,0,0.082706767,0,NA,0,0,0,0,0.004784689,0.010526316,0,0.052631579,NA,0,0,0,0,28.48158033,46.09442356,118.2105605,57.89473684,NA,97.625,13.66666667,49.42857143,11.85714286
187,1975,75219,750728,2,18.8976,5.3,63.4,27.2,NA,NA,NA,NA,NA,NA,NA,NA,1,4.0936,1.6184,2.856,0.7616,5.13965544,8.951954887,7.168508392,7.052631579,NA,2.75,9.166666667,10.61904762,15.17142857,0.005050505,0,0.082706767,0,NA,0,0,0,0,0.004784689,0.010526316,0,0.052631579,NA,0,0,0,0,28.48158033,46.09442356,118.2105605,57.89473684,NA,97.625,13.66666667,49.42857143,11.85714286
188,1975,75222,750728,2,19.2024,6,63.6,27.8,NA,NA,NA,NA,NA,NA,NA,NA,0,4.0936,1.6184,2.856,0.7616,5.13965544,8.951954887,7.168508392,7.052631579,NA,2.75,9.166666667,10.61904762,15.17142857,0.005050505,0,0.082706767,0,NA,0,0,0,0,0.004784689,0.010526316,0,0.052631579,NA,0,0,0,0,28.48158033,46.09442356,118.2105605,57.89473684,NA,97.625,13.66666667,49.42857143,11.85714286
189,1975,75229,750730,2,20.4216,5.2,64.4,28.8,NA,NA,NA,NA,NA,NA,NA,NA,1,4.0936,1.6184,2.856,0.7616,5.13965544,8.951954887,7.168508392,7.052631579,NA,2.75,9.166666667,10.61904762,15.17142857,0.005050505,0,0.082706767,0,NA,0,0,0,0,0.004784689,0.010526316,0,0.052631579,NA,0,0,0,0,28.48158033,46.09442356,118.2105605,57.89473684,NA,97.625,13.66666667,49.42857143,11.85714286
190,1975,75057,750628,2,18.8976,5.1,63.6,27.2,NA,NA,NA,NA,NA,NA,NA,NA,1,4.0936,1.6184,2.856,0.7616,5.13965544,8.951954887,7.168508392,7.052631579,NA,2.75,9.166666667,10.61904762,15.17142857,0.005050505,0,0.082706767,0,NA,0,0,0,0,0.004784689,0.010526316,0,0.052631579,NA,0,0,0,0,28.48158033,46.09442356,118.2105605,57.89473684,NA,97.625,13.66666667,49.42857143,11.85714286
191,1975,75060,750628,2,20.1168,5.2,63.6,27.2,NA,NA,NA,NA,NA,NA,NA,NA,1,4.0936,1.6184,2.856,0.7616,5.13965544,8.951954887,7.168508392,7.052631579,NA,2.75,9.166666667,10.61904762,15.17142857,0.005050505,0,0.082706767,0,NA,0,0,0,0,0.004784689,0.010526316,0,0.052631579,NA,0,0,0,0,28.48158033,46.09442356,118.2105605,57.89473684,NA,97.625,13.66666667,49.42857143,11.85714286
192,1975,75068,750701,2,19.2024,5.2,63.9,27.2,NA,NA,NA,NA,NA,NA,NA,NA,1,4.0936,1.6184,2.856,0.7616,5.13965544,8.951954887,7.168508392,7.052631579,NA,2.75,9.166666667,10.61904762,15.17142857,0.005050505,0,0.082706767,0,NA,0,0,0,0,0.004784689,0.010526316,0,0.052631579,NA,0,0,0,0,28.48158033,46.09442356,118.2105605,57.89473684,NA,97.625,13.66666667,49.42857143,11.85714286
193,1975,75079,750703,2,18.288,5.2,63.9,27.8,NA,NA,NA,NA,NA,NA,NA,NA,1,4.0936,1.6184,2.856,0.7616,5.13965544,8.951954887,7.168508392,7.052631579,NA,2.75,9.166666667,10.61904762,15.17142857,0.005050505,0,0.082706767,0,NA,0,0,0,0,0.004784689,0.010526316,0,0.052631579,NA,0,0,0,0,28.48158033,46.09442356,118.2105605,57.89473684,NA,97.625,13.66666667,49.42857143,11.85714286
194,1975,75083,750704,2,20.7264,5.2,64.1,27.8,NA,NA,NA,NA,NA,NA,NA,NA,1,4.0936,1.6184,2.856,0.7616,5.13965544,8.951954887,7.168508392,7.052631579,NA,2.75,9.166666667,10.61904762,15.17142857,0.005050505,0,0.082706767,0,NA,0,0,0,0,0.004784689,0.010526316,0,0.052631579,NA,0,0,0,0,28.48158033,46.09442356,118.2105605,57.89473684,NA,97.625,13.66666667,49.42857143,11.85714286
195,1975,75088,750704,2,19.812,5.2,63.6,27.8,NA,NA,NA,NA,NA,NA,NA,NA,1,4.0936,1.6184,2.856,0.7616,5.13965544,8.951954887,7.168508392,7.052631579,NA,2.75,9.166666667,10.61904762,15.17142857,0.005050505,0,0.082706767,0,NA,0,0,0,0,0.004784689,0.010526316,0,0.052631579,NA,0,0,0,0,28.48158033,46.09442356,118.2105605,57.89473684,NA,97.625,13.66666667,49.42857143,11.85714286
196,1975,75096,750706,2,19.812,5.3,63.4,27.5,NA,NA,NA,NA,NA,NA,NA,NA,1,4.0936,1.6184,2.856,0.7616,5.13965544,8.951954887,7.168508392,7.052631579,NA,2.75,9.166666667,10.61904762,15.17142857,0.005050505,0,0.082706767,0,NA,0,0,0,0,0.004784689,0.010526316,0,0.052631579,NA,0,0,0,0,28.48158033,46.09442356,118.2105605,57.89473684,NA,97.625,13.66666667,49.42857143,11.85714286
197,1975,75112,750709,2,19.2024,5.2,64.4,27.5,NA,NA,NA,NA,NA,NA,NA,NA,1,4.0936,1.6184,2.856,0.7616,5.13965544,8.951954887,7.168508392,7.052631579,NA,2.75,9.166666667,10.61904762,15.17142857,0.005050505,0,0.082706767,0,NA,0,0,0,0,0.004784689,0.010526316,0,0.052631579,NA,0,0,0,0,28.48158033,46.09442356,118.2105605,57.89473684,NA,97.625,13.66666667,49.42857143,11.85714286
198,1975,75127,750712,2,17.9832,5.2,63.9,27.8,NA,NA,NA,NA,NA,NA,NA,NA,1,4.0936,1.6184,2.856,0.7616,5.13965544,8.951954887,7.168508392,7.052631579,NA,2.75,9.166666667,10.61904762,15.17142857,0.005050505,0,0.082706767,0,NA,0,0,0,0,0.004784689,0.010526316,0,0.052631579,NA,0,0,0,0,28.48158033,46.09442356,118.2105605,57.89473684,NA,97.625,13.66666667,49.42857143,11.85714286
199,1975,75262,750804,2,20.4216,5.3,62.9,27.2,NA,NA,NA,NA,NA,NA,NA,NA,1,4.0936,1.6184,2.856,0.7616,5.13965544,8.951954887,7.168508392,7.052631579,NA,2.75,9.166666667,10.61904762,15.17142857,0.005050505,0,0.082706767,0,NA,0,0,0,0,0.004784689,0.010526316,0,0.052631579,NA,0,0,0,0,28.48158033,46.09442356,118.2105605,57.89473684,NA,97.625,13.66666667,49.42857143,11.85714286
200,1976,76089,760629,2,19.2024,5.2,63.9,27.2,NA,NA,NA,NA,NA,NA,NA,NA,1,11.1384,2.6656,4.0936,1.6184,11.21725649,16.71685606,8.951954887,17.5,55,6.9375,9.285714286,8.363636364,3.214285714,0,0,0,0,0,0,0,0,0,0.00625,0.010416667,0.010526316,0.0625,0,0,0,0,0,37.65554654,56.52601912,46.09442356,15.8125,55,18.125,94.5,106.5757576,49.14285714
201,1976,76121,760707,2,18.5928,?6,63.9,27.8,NA,NA,NA,NA,NA,NA,NA,NA,0,11.1384,2.6656,4.0936,1.6184,11.21725649,16.71685606,8.951954887,17.5,55,6.9375,9.285714286,8.363636364,3.214285714,0,0,0,0,0,0,0,0,0,0.00625,0.010416667,0.010526316,0.0625,0,0,0,0,0,37.65554654,56.52601912,46.09442356,15.8125,55,18.125,94.5,106.5757576,49.14285714
202,1976,76122,760707,2,20.4216,5.1,63.9,27.8,NA,NA,NA,NA,NA,NA,NA,NA,1,11.1384,2.6656,4.0936,1.6184,11.21725649,16.71685606,8.951954887,17.5,55,6.9375,9.285714286,8.363636364,3.214285714,0,0,0,0,0,0,0,0,0,0.00625,0.010416667,0.010526316,0.0625,0,0,0,0,0,37.65554654,56.52601912,46.09442356,15.8125,55,18.125,94.5,106.5757576,49.14285714
203,1976,76129,760708,2,19.2024,5.2,63.9,27.8,NA,NA,NA,NA,NA,NA,NA,NA,1,11.1384,2.6656,4.0936,1.6184,11.21725649,16.71685606,8.951954887,17.5,55,6.9375,9.285714286,8.363636364,3.214285714,0,0,0,0,0,0,0,0,0,0.00625,0.010416667,0.010526316,0.0625,0,0,0,0,0,37.65554654,56.52601912,46.09442356,15.8125,55,18.125,94.5,106.5757576,49.14285714
204,1976,76284,760817,2,19.812,9,65.4,28.2,NA,NA,NA,NA,NA,NA,NA,NA,1,11.1384,2.6656,4.0936,1.6184,11.21725649,16.71685606,8.951954887,17.5,55,6.9375,9.285714286,8.363636364,3.214285714,0,0,0,0,0,0,0,0,0,0.00625,0.010416667,0.010526316,0.0625,0,0,0,0,0,37.65554654,56.52601912,46.09442356,15.8125,55,18.125,94.5,106.5757576,49.14285714
205,1976,76131,760708,2,19.2024,9,63.9,27.2,NA,NA,NA,NA,NA,NA,NA,NA,1,11.1384,2.6656,4.0936,1.6184,11.21725649,16.71685606,8.951954887,17.5,55,6.9375,9.285714286,8.363636364,3.214285714,0,0,0,0,0,0,0,0,0,0.00625,0.010416667,0.010526316,0.0625,0,0,0,0,0,37.65554654,56.52601912,46.09442356,15.8125,55,18.125,94.5,106.5757576,49.14285714
206,1976,76296,760820,2,19.5072,9,65.6,28.2,NA,NA,NA,NA,NA,NA,NA,NA,1,11.1384,2.6656,4.0936,1.6184,11.21725649,16.71685606,8.951954887,17.5,55,6.9375,9.285714286,8.363636364,3.214285714,0,0,0,0,0,0,0,0,0,0.00625,0.010416667,0.010526316,0.0625,0,0,0,0,0,37.65554654,56.52601912,46.09442356,15.8125,55,18.125,94.5,106.5757576,49.14285714
207,1976,76137,760709,2,19.812,9,63.9,27.2,NA,NA,NA,NA,NA,NA,NA,NA,1,11.1384,2.6656,4.0936,1.6184,11.21725649,16.71685606,8.951954887,17.5,55,6.9375,9.285714286,8.363636364,3.214285714,0,0,0,0,0,0,0,0,0,0.00625,0.010416667,0.010526316,0.0625,0,0,0,0,0,37.65554654,56.52601912,46.09442356,15.8125,55,18.125,94.5,106.5757576,49.14285714
208,1976,76139,760710,2,19.5072,4,63.9,27.8,NA,NA,NA,NA,NA,NA,NA,NA,0,11.1384,2.6656,4.0936,1.6184,11.21725649,16.71685606,8.951954887,17.5,55,6.9375,9.285714286,8.363636364,3.214285714,0,0,0,0,0,0,0,0,0,0.00625,0.010416667,0.010526316,0.0625,0,0,0,0,0,37.65554654,56.52601912,46.09442356,15.8125,55,18.125,94.5,106.5757576,49.14285714
209,1976,76140,760710,2,19.812,4,63.9,27.8,NA,NA,NA,NA,NA,NA,NA,NA,0,11.1384,2.6656,4.0936,1.6184,11.21725649,16.71685606,8.951954887,17.5,55,6.9375,9.285714286,8.363636364,3.214285714,0,0,0,0,0,0,0,0,0,0.00625,0.010416667,0.010526316,0.0625,0,0,0,0,0,37.65554654,56.52601912,46.09442356,15.8125,55,18.125,94.5,106.5757576,49.14285714
210,1976,76150,760712,2,19.5072,4,63.9,27.5,NA,NA,NA,NA,NA,NA,NA,NA,0,11.1384,2.6656,4.0936,1.6184,11.21725649,16.71685606,8.951954887,17.5,55,6.9375,9.285714286,8.363636364,3.214285714,0,0,0,0,0,0,0,0,0,0.00625,0.010416667,0.010526316,0.0625,0,0,0,0,0,37.65554654,56.52601912,46.09442356,15.8125,55,18.125,94.5,106.5757576,49.14285714
211,1976,76156,760714,2,19.5072,4,63.9,27.8,NA,NA,NA,NA,NA,NA,NA,NA,0,11.1384,2.6656,4.0936,1.6184,11.21725649,16.71685606,8.951954887,17.5,55,6.9375,9.285714286,8.363636364,3.214285714,0,0,0,0,0,0,0,0,0,0.00625,0.010416667,0.010526316,0.0625,0,0,0,0,0,37.65554654,56.52601912,46.09442356,15.8125,55,18.125,94.5,106.5757576,49.14285714
212,1976,76159,760714,2,17.9832,5.3,63.9,28.2,NA,NA,NA,NA,NA,NA,NA,NA,1,11.1384,2.6656,4.0936,1.6184,11.21725649,16.71685606,8.951954887,17.5,55,6.9375,9.285714286,8.363636364,3.214285714,0,0,0,0,0,0,0,0,0,0.00625,0.010416667,0.010526316,0.0625,0,0,0,0,0,37.65554654,56.52601912,46.09442356,15.8125,55,18.125,94.5,106.5757576,49.14285714
213,1976,76166,760717,2,19.5072,5.2,63.9,27.8,NA,NA,NA,NA,NA,NA,NA,NA,1,11.1384,2.6656,4.0936,1.6184,11.21725649,16.71685606,8.951954887,17.5,55,6.9375,9.285714286,8.363636364,3.214285714,0,0,0,0,0,0,0,0,0,0.00625,0.010416667,0.010526316,0.0625,0,0,0,0,0,37.65554654,56.52601912,46.09442356,15.8125,55,18.125,94.5,106.5757576,49.14285714
214,1976,76170,760717,2,17.9832,4,63.9,27.2,NA,NA,NA,NA,NA,NA,NA,NA,0,11.1384,2.6656,4.0936,1.6184,11.21725649,16.71685606,8.951954887,17.5,55,6.9375,9.285714286,8.363636364,3.214285714,0,0,0,0,0,0,0,0,0,0.00625,0.010416667,0.010526316,0.0625,0,0,0,0,0,37.65554654,56.52601912,46.09442356,15.8125,55,18.125,94.5,106.5757576,49.14285714
215,1976,76127,760708,2,19.5072,4,63.9,27.8,NA,NA,NA,NA,NA,NA,NA,NA,0,11.1384,2.6656,4.0936,1.6184,11.21725649,16.71685606,8.951954887,17.5,55,6.9375,9.285714286,8.363636364,3.214285714,0,0,0,0,0,0,0,0,0,0.00625,0.010416667,0.010526316,0.0625,0,0,0,0,0,37.65554654,56.52601912,46.09442356,15.8125,55,18.125,94.5,106.5757576,49.14285714
216,1976,76187,760721,2,20.1168,4,64.4,27.8,NA,NA,NA,NA,NA,NA,NA,NA,0,11.1384,2.6656,4.0936,1.6184,11.21725649,16.71685606,8.951954887,17.5,55,6.9375,9.285714286,8.363636364,3.214285714,0,0,0,0,0,0,0,0,0,0.00625,0.010416667,0.010526316,0.0625,0,0,0,0,0,37.65554654,56.52601912,46.09442356,15.8125,55,18.125,94.5,106.5757576,49.14285714
217,1976,76130,760708,2,19.812,5.3,63.9,27.2,NA,NA,NA,NA,NA,NA,NA,NA,1,11.1384,2.6656,4.0936,1.6184,11.21725649,16.71685606,8.951954887,17.5,55,6.9375,9.285714286,8.363636364,3.214285714,0,0,0,0,0,0,0,0,0,0.00625,0.010416667,0.010526316,0.0625,0,0,0,0,0,37.65554654,56.52601912,46.09442356,15.8125,55,18.125,94.5,106.5757576,49.14285714
218,1976,76189,760722,2,19.5072,5.2,64.25,27.8,NA,NA,NA,NA,NA,NA,NA,NA,1,11.1384,2.6656,4.0936,1.6184,11.21725649,16.71685606,8.951954887,17.5,55,6.9375,9.285714286,8.363636364,3.214285714,0,0,0,0,0,0,0,0,0,0.00625,0.010416667,0.010526316,0.0625,0,0,0,0,0,37.65554654,56.52601912,46.09442356,15.8125,55,18.125,94.5,106.5757576,49.14285714
219,1976,76192,760723,2,19.2024,4,64.4,27.8,NA,NA,NA,NA,NA,NA,NA,NA,0,11.1384,2.6656,4.0936,1.6184,11.21725649,16.71685606,8.951954887,17.5,55,6.9375,9.285714286,8.363636364,3.214285714,0,0,0,0,0,0,0,0,0,0.00625,0.010416667,0.010526316,0.0625,0,0,0,0,0,37.65554654,56.52601912,46.09442356,15.8125,55,18.125,94.5,106.5757576,49.14285714
220,1976,76195,760724,2,19.812,5.3,63.9,27.8,NA,NA,NA,NA,NA,NA,NA,NA,1,11.1384,2.6656,4.0936,1.6184,11.21725649,16.71685606,8.951954887,17.5,55,6.9375,9.285714286,8.363636364,3.214285714,0,0,0,0,0,0,0,0,0,0.00625,0.010416667,0.010526316,0.0625,0,0,0,0,0,37.65554654,56.52601912,46.09442356,15.8125,55,18.125,94.5,106.5757576,49.14285714
221,1976,76203,760726,2,19.5072,9,65.1,28.2,NA,NA,NA,NA,NA,NA,NA,NA,1,11.1384,2.6656,4.0936,1.6184,11.21725649,16.71685606,8.951954887,17.5,55,6.9375,9.285714286,8.363636364,3.214285714,0,0,0,0,0,0,0,0,0,0.00625,0.010416667,0.010526316,0.0625,0,0,0,0,0,37.65554654,56.52601912,46.09442356,15.8125,55,18.125,94.5,106.5757576,49.14285714
222,1976,76142,760710,2,20.1168,4,63.6,27.8,NA,NA,NA,NA,NA,NA,NA,NA,0,11.1384,2.6656,4.0936,1.6184,11.21725649,16.71685606,8.951954887,17.5,55,6.9375,9.285714286,8.363636364,3.214285714,0,0,0,0,0,0,0,0,0,0.00625,0.010416667,0.010526316,0.0625,0,0,0,0,0,37.65554654,56.52601912,46.09442356,15.8125,55,18.125,94.5,106.5757576,49.14285714
223,1976,76209,760727,2,18.288,5.3,64.4,28.2,NA,NA,NA,NA,NA,NA,NA,NA,1,11.1384,2.6656,4.0936,1.6184,11.21725649,16.71685606,8.951954887,17.5,55,6.9375,9.285714286,8.363636364,3.214285714,0,0,0,0,0,0,0,0,0,0.00625,0.010416667,0.010526316,0.0625,0,0,0,0,0,37.65554654,56.52601912,46.09442356,15.8125,55,18.125,94.5,106.5757576,49.14285714
224,1976,76217,760730,2,18.288,4,63.9,28.2,NA,NA,NA,NA,NA,NA,NA,NA,0,11.1384,2.6656,4.0936,1.6184,11.21725649,16.71685606,8.951954887,17.5,55,6.9375,9.285714286,8.363636364,3.214285714,0,0,0,0,0,0,0,0,0,0.00625,0.010416667,0.010526316,0.0625,0,0,0,0,0,37.65554654,56.52601912,46.09442356,15.8125,55,18.125,94.5,106.5757576,49.14285714
225,1976,76226,760801,2,18.288,5.1,65.1,29.2,NA,NA,NA,NA,NA,NA,NA,NA,1,11.1384,2.6656,4.0936,1.6184,11.21725649,16.71685606,8.951954887,17.5,55,6.9375,9.285714286,8.363636364,3.214285714,0,0,0,0,0,0,0,0,0,0.00625,0.010416667,0.010526316,0.0625,0,0,0,0,0,37.65554654,56.52601912,46.09442356,15.8125,55,18.125,94.5,106.5757576,49.14285714
226,1976,76248,760808,2,19.5072,4,65.4,28.8,NA,NA,NA,NA,NA,NA,NA,NA,0,11.1384,2.6656,4.0936,1.6184,11.21725649,16.71685606,8.951954887,17.5,55,6.9375,9.285714286,8.363636364,3.214285714,0,0,0,0,0,0,0,0,0,0.00625,0.010416667,0.010526316,0.0625,0,0,0,0,0,37.65554654,56.52601912,46.09442356,15.8125,55,18.125,94.5,106.5757576,49.14285714
227,1976,76254,760809,2,17.9832,4,65.4,29.2,NA,NA,NA,NA,NA,NA,NA,NA,0,11.1384,2.6656,4.0936,1.6184,11.21725649,16.71685606,8.951954887,17.5,55,6.9375,9.285714286,8.363636364,3.214285714,0,0,0,0,0,0,0,0,0,0.00625,0.010416667,0.010526316,0.0625,0,0,0,0,0,37.65554654,56.52601912,46.09442356,15.8125,55,18.125,94.5,106.5757576,49.14285714
228,1976,76176,760719,2,17.3736,4,63.9,28.2,NA,NA,NA,NA,NA,NA,NA,NA,0,11.1384,2.6656,4.0936,1.6184,11.21725649,16.71685606,8.951954887,17.5,55,6.9375,9.285714286,8.363636364,3.214285714,0,0,0,0,0,0,0,0,0,0.00625,0.010416667,0.010526316,0.0625,0,0,0,0,0,37.65554654,56.52601912,46.09442356,15.8125,55,18.125,94.5,106.5757576,49.14285714
229,1976,76260,760811,2,21.0312,5.3,65.4,28.8,NA,NA,NA,NA,NA,NA,NA,NA,1,11.1384,2.6656,4.0936,1.6184,11.21725649,16.71685606,8.951954887,17.5,55,6.9375,9.285714286,8.363636364,3.214285714,0,0,0,0,0,0,0,0,0,0.00625,0.010416667,0.010526316,0.0625,0,0,0,0,0,37.65554654,56.52601912,46.09442356,15.8125,55,18.125,94.5,106.5757576,49.14285714
230,1976,76262,760811,2,19.812,5.3,65.6,28.8,NA,NA,NA,NA,NA,NA,NA,NA,1,11.1384,2.6656,4.0936,1.6184,11.21725649,16.71685606,8.951954887,17.5,55,6.9375,9.285714286,8.363636364,3.214285714,0,0,0,0,0,0,0,0,0,0.00625,0.010416667,0.010526316,0.0625,0,0,0,0,0,37.65554654,56.52601912,46.09442356,15.8125,55,18.125,94.5,106.5757576,49.14285714
231,1976,76268,760813,2,17.9832,5.3,65.4,28.8,NA,NA,NA,NA,NA,NA,NA,NA,1,11.1384,2.6656,4.0936,1.6184,11.21725649,16.71685606,8.951954887,17.5,55,6.9375,9.285714286,8.363636364,3.214285714,0,0,0,0,0,0,0,0,0,0.00625,0.010416667,0.010526316,0.0625,0,0,0,0,0,37.65554654,56.52601912,46.09442356,15.8125,55,18.125,94.5,106.5757576,49.14285714
232,1976,76285,760817,2,19.5072,9,65.4,28.2,NA,NA,NA,NA,NA,NA,NA,NA,1,11.1384,2.6656,4.0936,1.6184,11.21725649,16.71685606,8.951954887,17.5,55,6.9375,9.285714286,8.363636364,3.214285714,0,0,0,0,0,0,0,0,0,0.00625,0.010416667,0.010526316,0.0625,0,0,0,0,0,37.65554654,56.52601912,46.09442356,15.8125,55,18.125,94.5,106.5757576,49.14285714
233,1976,76201,760726,2,20.1168,9,65.1,27.8,NA,NA,NA,NA,NA,NA,NA,NA,1,11.1384,2.6656,4.0936,1.6184,11.21725649,16.71685606,8.951954887,17.5,55,6.9375,9.285714286,8.363636364,3.214285714,0,0,0,0,0,0,0,0,0,0.00625,0.010416667,0.010526316,0.0625,0,0,0,0,0,37.65554654,56.52601912,46.09442356,15.8125,55,18.125,94.5,106.5757576,49.14285714
234,1976,76307,760823,2,19.812,4,65.4,28.8,NA,NA,NA,NA,NA,NA,NA,NA,0,11.1384,2.6656,4.0936,1.6184,11.21725649,16.71685606,8.951954887,17.5,55,6.9375,9.285714286,8.363636364,3.214285714,0,0,0,0,0,0,0,0,0,0.00625,0.010416667,0.010526316,0.0625,0,0,0,0,0,37.65554654,56.52601912,46.09442356,15.8125,55,18.125,94.5,106.5757576,49.14285714
235,1976,76207,760727,2,18.5928,4,64.4,28.2,NA,NA,NA,NA,NA,NA,NA,NA,0,11.1384,2.6656,4.0936,1.6184,11.21725649,16.71685606,8.951954887,17.5,55,6.9375,9.285714286,8.363636364,3.214285714,0,0,0,0,0,0,0,0,0,0.00625,0.010416667,0.010526316,0.0625,0,0,0,0,0,37.65554654,56.52601912,46.09442356,15.8125,55,18.125,94.5,106.5757576,49.14285714
236,1976,76042,760618,2,20.1168,5.2,63.1,26.8,NA,NA,NA,NA,NA,NA,NA,NA,1,11.1384,2.6656,4.0936,1.6184,11.21725649,16.71685606,8.951954887,17.5,55,6.9375,9.285714286,8.363636364,3.214285714,0,0,0,0,0,0,0,0,0,0.00625,0.010416667,0.010526316,0.0625,0,0,0,0,0,37.65554654,56.52601912,46.09442356,15.8125,55,18.125,94.5,106.5757576,49.14285714
237,1976,76043,760618,2,20.1168,5.1,63.1,26.8,NA,NA,NA,NA,NA,NA,NA,NA,1,11.1384,2.6656,4.0936,1.6184,11.21725649,16.71685606,8.951954887,17.5,55,6.9375,9.285714286,8.363636364,3.214285714,0,0,0,0,0,0,0,0,0,0.00625,0.010416667,0.010526316,0.0625,0,0,0,0,0,37.65554654,56.52601912,46.09442356,15.8125,55,18.125,94.5,106.5757576,49.14285714
238,1976,76078,760626,2,20.1168,5.1,64.1,28.2,NA,NA,NA,NA,NA,NA,NA,NA,1,11.1384,2.6656,4.0936,1.6184,11.21725649,16.71685606,8.951954887,17.5,55,6.9375,9.285714286,8.363636364,3.214285714,0,0,0,0,0,0,0,0,0,0.00625,0.010416667,0.010526316,0.0625,0,0,0,0,0,37.65554654,56.52601912,46.09442356,15.8125,55,18.125,94.5,106.5757576,49.14285714
239,1977,77013,770625,2,18.5928,4,64.1,27.8,NA,NA,NA,NA,NA,NA,NA,NA,0,2.1896,5.1408,11.1384,2.6656,6.467569532,8.156171366,16.71685606,7.777777778,11.07692308,NA,2.888888889,14.42857143,4.608695652,0.013986014,0.030769231,0,0,0.153846154,NA,0,0,0,0.006993007,0.015384615,0.010416667,0,0.076923077,NA,0,0,0,49.58591915,95.34129638,56.52601912,43.44444444,324.6153846,NA,3.888888889,90.71428571,14.04347826
240,1977,77014,770626,2,17.6784,9,63.1,25.8,NA,NA,NA,NA,NA,NA,NA,NA,1,2.1896,5.1408,11.1384,2.6656,6.467569532,8.156171366,16.71685606,7.777777778,11.07692308,NA,2.888888889,14.42857143,4.608695652,0.013986014,0.030769231,0,0,0.153846154,NA,0,0,0,0.006993007,0.015384615,0.010416667,0,0.076923077,NA,0,0,0,49.58591915,95.34129638,56.52601912,43.44444444,324.6153846,NA,3.888888889,90.71428571,14.04347826
241,1977,77016,770627,2,18.5928,5.3,63.9,27.2,NA,NA,NA,NA,NA,NA,NA,NA,1,2.1896,5.1408,11.1384,2.6656,6.467569532,8.156171366,16.71685606,7.777777778,11.07692308,NA,2.888888889,14.42857143,4.608695652,0.013986014,0.030769231,0,0,0.153846154,NA,0,0,0,0.006993007,0.015384615,0.010416667,0,0.076923077,NA,0,0,0,49.58591915,95.34129638,56.52601912,43.44444444,324.6153846,NA,3.888888889,90.71428571,14.04347826
242,1977,77017,770627,2,18.288,5.1-?,64.4,26.8,NA,NA,NA,NA,NA,NA,NA,NA,1,2.1896,5.1408,11.1384,2.6656,6.467569532,8.156171366,16.71685606,7.777777778,11.07692308,NA,2.888888889,14.42857143,4.608695652,0.013986014,0.030769231,0,0,0.153846154,NA,0,0,0,0.006993007,0.015384615,0.010416667,0,0.076923077,NA,0,0,0,49.58591915,95.34129638,56.52601912,43.44444444,324.6153846,NA,3.888888889,90.71428571,14.04347826
243,1977,77018,770627,2,19.2024,5.2,64.1,27.8,NA,NA,NA,NA,NA,NA,NA,NA,1,2.1896,5.1408,11.1384,2.6656,6.467569532,8.156171366,16.71685606,7.777777778,11.07692308,NA,2.888888889,14.42857143,4.608695652,0.013986014,0.030769231,0,0,0.153846154,NA,0,0,0,0.006993007,0.015384615,0.010416667,0,0.076923077,NA,0,0,0,49.58591915,95.34129638,56.52601912,43.44444444,324.6153846,NA,3.888888889,90.71428571,14.04347826
244,1977,77019,770627,2,20.1168,6.4,63.1,25.2,NA,NA,NA,NA,NA,NA,NA,NA,0,2.1896,5.1408,11.1384,2.6656,6.467569532,8.156171366,16.71685606,7.777777778,11.07692308,NA,2.888888889,14.42857143,4.608695652,0.013986014,0.030769231,0,0,0.153846154,NA,0,0,0,0.006993007,0.015384615,0.010416667,0,0.076923077,NA,0,0,0,49.58591915,95.34129638,56.52601912,43.44444444,324.6153846,NA,3.888888889,90.71428571,14.04347826
245,1977,77020,770627,2,20.4216,5.1-,63.1,25.8,NA,NA,NA,NA,NA,NA,NA,NA,1,2.1896,5.1408,11.1384,2.6656,6.467569532,8.156171366,16.71685606,7.777777778,11.07692308,NA,2.888888889,14.42857143,4.608695652,0.013986014,0.030769231,0,0,0.153846154,NA,0,0,0,0.006993007,0.015384615,0.010416667,0,0.076923077,NA,0,0,0,49.58591915,95.34129638,56.52601912,43.44444444,324.6153846,NA,3.888888889,90.71428571,14.04347826
246,1977,77021,770627,2,20.4216,4,63.9,27.2,NA,NA,NA,NA,NA,NA,NA,NA,0,2.1896,5.1408,11.1384,2.6656,6.467569532,8.156171366,16.71685606,7.777777778,11.07692308,NA,2.888888889,14.42857143,4.608695652,0.013986014,0.030769231,0,0,0.153846154,NA,0,0,0,0.006993007,0.015384615,0.010416667,0,0.076923077,NA,0,0,0,49.58591915,95.34129638,56.52601912,43.44444444,324.6153846,NA,3.888888889,90.71428571,14.04347826
247,1977,77022,770627,2,19.2024,3-Apr,63.9,27.8,NA,NA,NA,NA,NA,NA,NA,NA,0,2.1896,5.1408,11.1384,2.6656,6.467569532,8.156171366,16.71685606,7.777777778,11.07692308,NA,2.888888889,14.42857143,4.608695652,0.013986014,0.030769231,0,0,0.153846154,NA,0,0,0,0.006993007,0.015384615,0.010416667,0,0.076923077,NA,0,0,0,49.58591915,95.34129638,56.52601912,43.44444444,324.6153846,NA,3.888888889,90.71428571,14.04347826
248,1977,77023,770628,2,19.5072,5.1-,64.1,26.8,NA,NA,NA,NA,NA,NA,NA,NA,1,2.1896,5.1408,11.1384,2.6656,6.467569532,8.156171366,16.71685606,7.777777778,11.07692308,NA,2.888888889,14.42857143,4.608695652,0.013986014,0.030769231,0,0,0.153846154,NA,0,0,0,0.006993007,0.015384615,0.010416667,0,0.076923077,NA,0,0,0,49.58591915,95.34129638,56.52601912,43.44444444,324.6153846,NA,3.888888889,90.71428571,14.04347826
249,1977,77025,770628,2,20.7264,5.3,64.1,27.2,NA,NA,NA,NA,NA,NA,NA,NA,1,2.1896,5.1408,11.1384,2.6656,6.467569532,8.156171366,16.71685606,7.777777778,11.07692308,NA,2.888888889,14.42857143,4.608695652,0.013986014,0.030769231,0,0,0.153846154,NA,0,0,0,0.006993007,0.015384615,0.010416667,0,0.076923077,NA,0,0,0,49.58591915,95.34129638,56.52601912,43.44444444,324.6153846,NA,3.888888889,90.71428571,14.04347826
250,1977,77026,770629,2,19.5072,5.2-,62.9,26.2,NA,NA,NA,NA,NA,NA,NA,NA,1,2.1896,5.1408,11.1384,2.6656,6.467569532,8.156171366,16.71685606,7.777777778,11.07692308,NA,2.888888889,14.42857143,4.608695652,0.013986014,0.030769231,0,0,0.153846154,NA,0,0,0,0.006993007,0.015384615,0.010416667,0,0.076923077,NA,0,0,0,49.58591915,95.34129638,56.52601912,43.44444444,324.6153846,NA,3.888888889,90.71428571,14.04347826
251,1977,77028,770630,2,17.6784,5.2-,63.9,27.8,NA,NA,NA,NA,NA,NA,NA,NA,1,2.1896,5.1408,11.1384,2.6656,6.467569532,8.156171366,16.71685606,7.777777778,11.07692308,NA,2.888888889,14.42857143,4.608695652,0.013986014,0.030769231,0,0,0.153846154,NA,0,0,0,0.006993007,0.015384615,0.010416667,0,0.076923077,NA,0,0,0,49.58591915,95.34129638,56.52601912,43.44444444,324.6153846,NA,3.888888889,90.71428571,14.04347826
252,1977,77032,770630,2,18.288,4,63.25,27.2,NA,NA,NA,NA,NA,NA,NA,NA,0,2.1896,5.1408,11.1384,2.6656,6.467569532,8.156171366,16.71685606,7.777777778,11.07692308,NA,2.888888889,14.42857143,4.608695652,0.013986014,0.030769231,0,0,0.153846154,NA,0,0,0,0.006993007,0.015384615,0.010416667,0,0.076923077,NA,0,0,0,49.58591915,95.34129638,56.52601912,43.44444444,324.6153846,NA,3.888888889,90.71428571,14.04347826
253,1977,77034,770701,2,18.8976,4,62.9,25.8,NA,NA,NA,NA,NA,NA,NA,NA,0,2.1896,5.1408,11.1384,2.6656,6.467569532,8.156171366,16.71685606,7.777777778,11.07692308,NA,2.888888889,14.42857143,4.608695652,0.013986014,0.030769231,0,0,0.153846154,NA,0,0,0,0.006993007,0.015384615,0.010416667,0,0.076923077,NA,0,0,0,49.58591915,95.34129638,56.52601912,43.44444444,324.6153846,NA,3.888888889,90.71428571,14.04347826
254,1977,77035,770702,2,20.7264,5.3,62.9,25.8,NA,NA,NA,NA,NA,NA,NA,NA,1,2.1896,5.1408,11.1384,2.6656,6.467569532,8.156171366,16.71685606,7.777777778,11.07692308,NA,2.888888889,14.42857143,4.608695652,0.013986014,0.030769231,0,0,0.153846154,NA,0,0,0,0.006993007,0.015384615,0.010416667,0,0.076923077,NA,0,0,0,49.58591915,95.34129638,56.52601912,43.44444444,324.6153846,NA,3.888888889,90.71428571,14.04347826
255,1977,77038,770705,2,19.5072,6.4,63.9,28.2,NA,NA,NA,NA,NA,NA,NA,NA,0,2.1896,5.1408,11.1384,2.6656,6.467569532,8.156171366,16.71685606,7.777777778,11.07692308,NA,2.888888889,14.42857143,4.608695652,0.013986014,0.030769231,0,0,0.153846154,NA,0,0,0,0.006993007,0.015384615,0.010416667,0,0.076923077,NA,0,0,0,49.58591915,95.34129638,56.52601912,43.44444444,324.6153846,NA,3.888888889,90.71428571,14.04347826
256,1977,77045,770707,2,20.7264,5.3,65.9,28.2,NA,NA,NA,NA,NA,NA,NA,NA,1,2.1896,5.1408,11.1384,2.6656,6.467569532,8.156171366,16.71685606,7.777777778,11.07692308,NA,2.888888889,14.42857143,4.608695652,0.013986014,0.030769231,0,0,0.153846154,NA,0,0,0,0.006993007,0.015384615,0.010416667,0,0.076923077,NA,0,0,0,49.58591915,95.34129638,56.52601912,43.44444444,324.6153846,NA,3.888888889,90.71428571,14.04347826
257,1977,77046,770708,2,18.5928,3,64.1,26.8,NA,NA,NA,NA,NA,NA,NA,NA,0,2.1896,5.1408,11.1384,2.6656,6.467569532,8.156171366,16.71685606,7.777777778,11.07692308,NA,2.888888889,14.42857143,4.608695652,0.013986014,0.030769231,0,0,0.153846154,NA,0,0,0,0.006993007,0.015384615,0.010416667,0,0.076923077,NA,0,0,0,49.58591915,95.34129638,56.52601912,43.44444444,324.6153846,NA,3.888888889,90.71428571,14.04347826
258,1977,77052,770709,2,20.1168,4,65.6,27.2,NA,NA,NA,NA,NA,NA,NA,NA,0,2.1896,5.1408,11.1384,2.6656,6.467569532,8.156171366,16.71685606,7.777777778,11.07692308,NA,2.888888889,14.42857143,4.608695652,0.013986014,0.030769231,0,0,0.153846154,NA,0,0,0,0.006993007,0.015384615,0.010416667,0,0.076923077,NA,0,0,0,49.58591915,95.34129638,56.52601912,43.44444444,324.6153846,NA,3.888888889,90.71428571,14.04347826
259,1977,77053,770709,2,18.8976,4,65.6,27.2,NA,NA,NA,NA,NA,NA,NA,NA,0,2.1896,5.1408,11.1384,2.6656,6.467569532,8.156171366,16.71685606,7.777777778,11.07692308,NA,2.888888889,14.42857143,4.608695652,0.013986014,0.030769231,0,0,0.153846154,NA,0,0,0,0.006993007,0.015384615,0.010416667,0,0.076923077,NA,0,0,0,49.58591915,95.34129638,56.52601912,43.44444444,324.6153846,NA,3.888888889,90.71428571,14.04347826
260,1977,77054,770710,2,17.9832,4,65.6,27.2,NA,NA,NA,NA,NA,NA,NA,NA,0,2.1896,5.1408,11.1384,2.6656,6.467569532,8.156171366,16.71685606,7.777777778,11.07692308,NA,2.888888889,14.42857143,4.608695652,0.013986014,0.030769231,0,0,0.153846154,NA,0,0,0,0.006993007,0.015384615,0.010416667,0,0.076923077,NA,0,0,0,49.58591915,95.34129638,56.52601912,43.44444444,324.6153846,NA,3.888888889,90.71428571,14.04347826
261,1977,77060,770711,2,18.8976,4,65.4,27.8,NA,NA,NA,NA,NA,NA,NA,NA,0,2.1896,5.1408,11.1384,2.6656,6.467569532,8.156171366,16.71685606,7.777777778,11.07692308,NA,2.888888889,14.42857143,4.608695652,0.013986014,0.030769231,0,0,0.153846154,NA,0,0,0,0.006993007,0.015384615,0.010416667,0,0.076923077,NA,0,0,0,49.58591915,95.34129638,56.52601912,43.44444444,324.6153846,NA,3.888888889,90.71428571,14.04347826
262,1977,77062,770711,2,17.9832,5.1-,65.6,27.2,NA,NA,NA,NA,NA,NA,NA,NA,1,2.1896,5.1408,11.1384,2.6656,6.467569532,8.156171366,16.71685606,7.777777778,11.07692308,NA,2.888888889,14.42857143,4.608695652,0.013986014,0.030769231,0,0,0.153846154,NA,0,0,0,0.006993007,0.015384615,0.010416667,0,0.076923077,NA,0,0,0,49.58591915,95.34129638,56.52601912,43.44444444,324.6153846,NA,3.888888889,90.71428571,14.04347826
263,1977,77070,770712,2,20.4216,4,65.4,27.8,NA,NA,NA,NA,NA,NA,NA,NA,0,2.1896,5.1408,11.1384,2.6656,6.467569532,8.156171366,16.71685606,7.777777778,11.07692308,NA,2.888888889,14.42857143,4.608695652,0.013986014,0.030769231,0,0,0.153846154,NA,0,0,0,0.006993007,0.015384615,0.010416667,0,0.076923077,NA,0,0,0,49.58591915,95.34129638,56.52601912,43.44444444,324.6153846,NA,3.888888889,90.71428571,14.04347826
264,1977,77072,770713,2,18.288,5.2-,65.25,28.2,NA,NA,NA,NA,NA,NA,NA,NA,1,2.1896,5.1408,11.1384,2.6656,6.467569532,8.156171366,16.71685606,7.777777778,11.07692308,NA,2.888888889,14.42857143,4.608695652,0.013986014,0.030769231,0,0,0.153846154,NA,0,0,0,0.006993007,0.015384615,0.010416667,0,0.076923077,NA,0,0,0,49.58591915,95.34129638,56.52601912,43.44444444,324.6153846,NA,3.888888889,90.71428571,14.04347826
265,1977,77074,770715,2,21.0312,5.1?,65.1,27.8,NA,NA,NA,NA,NA,NA,NA,NA,1,2.1896,5.1408,11.1384,2.6656,6.467569532,8.156171366,16.71685606,7.777777778,11.07692308,NA,2.888888889,14.42857143,4.608695652,0.013986014,0.030769231,0,0,0.153846154,NA,0,0,0,0.006993007,0.015384615,0.010416667,0,0.076923077,NA,0,0,0,49.58591915,95.34129638,56.52601912,43.44444444,324.6153846,NA,3.888888889,90.71428571,14.04347826
266,1977,77097,770722,2,17.6784,5.3-,65.4,27.2,NA,NA,NA,NA,NA,NA,NA,NA,1,2.1896,5.1408,11.1384,2.6656,6.467569532,8.156171366,16.71685606,7.777777778,11.07692308,NA,2.888888889,14.42857143,4.608695652,0.013986014,0.030769231,0,0,0.153846154,NA,0,0,0,0.006993007,0.015384615,0.010416667,0,0.076923077,NA,0,0,0,49.58591915,95.34129638,56.52601912,43.44444444,324.6153846,NA,3.888888889,90.71428571,14.04347826
267,1977,77104,770724,2,19.2024,9,63.4,26.8,73,72,NA,NA,NA,NA,NA,NA,1,2.1896,5.1408,11.1384,2.6656,6.467569532,8.156171366,16.71685606,7.777777778,11.07692308,NA,2.888888889,14.42857143,4.608695652,0.013986014,0.030769231,0,0,0.153846154,NA,0,0,0,0.006993007,0.015384615,0.010416667,0,0.076923077,NA,0,0,0,49.58591915,95.34129638,56.52601912,43.44444444,324.6153846,NA,3.888888889,90.71428571,14.04347826
268,1977,77110,770726,2,18.8976,5.3,65.4,27.2,NA,NA,NA,NA,NA,NA,NA,NA,1,2.1896,5.1408,11.1384,2.6656,6.467569532,8.156171366,16.71685606,7.777777778,11.07692308,NA,2.888888889,14.42857143,4.608695652,0.013986014,0.030769231,0,0,0.153846154,NA,0,0,0,0.006993007,0.015384615,0.010416667,0,0.076923077,NA,0,0,0,49.58591915,95.34129638,56.52601912,43.44444444,324.6153846,NA,3.888888889,90.71428571,14.04347826
269,1977,77137,770803,2,17.3736,4,65.1,27.2,NA,NA,NA,NA,NA,NA,NA,NA,0,2.1896,5.1408,11.1384,2.6656,6.467569532,8.156171366,16.71685606,7.777777778,11.07692308,NA,2.888888889,14.42857143,4.608695652,0.013986014,0.030769231,0,0,0.153846154,NA,0,0,0,0.006993007,0.015384615,0.010416667,0,0.076923077,NA,0,0,0,49.58591915,95.34129638,56.52601912,43.44444444,324.6153846,NA,3.888888889,90.71428571,14.04347826
270,1977,77148,770806,2,19.812,9,63.9,27.8,78,95,NA,NA,NA,NA,NA,NA,1,2.1896,5.1408,11.1384,2.6656,6.467569532,8.156171366,16.71685606,7.777777778,11.07692308,NA,2.888888889,14.42857143,4.608695652,0.013986014,0.030769231,0,0,0.153846154,NA,0,0,0,0.006993007,0.015384615,0.010416667,0,0.076923077,NA,0,0,0,49.58591915,95.34129638,56.52601912,43.44444444,324.6153846,NA,3.888888889,90.71428571,14.04347826
271,1977,77155,770808,2,21.0312,6.4,65.6,27.2,68,38,NA,NA,NA,NA,NA,NA,0,2.1896,5.1408,11.1384,2.6656,6.467569532,8.156171366,16.71685606,7.777777778,11.07692308,NA,2.888888889,14.42857143,4.608695652,0.013986014,0.030769231,0,0,0.153846154,NA,0,0,0,0.006993007,0.015384615,0.010416667,0,0.076923077,NA,0,0,0,49.58591915,95.34129638,56.52601912,43.44444444,324.6153846,NA,3.888888889,90.71428571,14.04347826
272,1977,77329,770917,2,19.5072,5.3,65.4,28.5,70,75,NA,NA,NA,NA,NA,NA,1,2.1896,5.1408,11.1384,2.6656,6.467569532,8.156171366,16.71685606,7.777777778,11.07692308,NA,2.888888889,14.42857143,4.608695652,0.013986014,0.030769231,0,0,0.153846154,NA,0,0,0,0.006993007,0.015384615,0.010416667,0,0.076923077,NA,0,0,0,49.58591915,95.34129638,56.52601912,43.44444444,324.6153846,NA,3.888888889,90.71428571,14.04347826
273,1977,77330,770917,2,19.2024,4,65.6,28.8,55,60,NA,NA,NA,NA,NA,NA,0,2.1896,5.1408,11.1384,2.6656,6.467569532,8.156171366,16.71685606,7.777777778,11.07692308,NA,2.888888889,14.42857143,4.608695652,0.013986014,0.030769231,0,0,0.153846154,NA,0,0,0,0.006993007,0.015384615,0.010416667,0,0.076923077,NA,0,0,0,49.58591915,95.34129638,56.52601912,43.44444444,324.6153846,NA,3.888888889,90.71428571,14.04347826
274,1977,77340,770922,2,18.288,5.3,63.9,27.8,60,81,NA,NA,NA,NA,NA,NA,1,2.1896,5.1408,11.1384,2.6656,6.467569532,8.156171366,16.71685606,7.777777778,11.07692308,NA,2.888888889,14.42857143,4.608695652,0.013986014,0.030769231,0,0,0.153846154,NA,0,0,0,0.006993007,0.015384615,0.010416667,0,0.076923077,NA,0,0,0,49.58591915,95.34129638,56.52601912,43.44444444,324.6153846,NA,3.888888889,90.71428571,14.04347826
275,1977,77007,770625,2,19.2024,9,63.9,28.2,NA,NA,NA,NA,NA,NA,NA,NA,1,2.1896,5.1408,11.1384,2.6656,6.467569532,8.156171366,16.71685606,7.777777778,11.07692308,NA,2.888888889,14.42857143,4.608695652,0.013986014,0.030769231,0,0,0.153846154,NA,0,0,0,0.006993007,0.015384615,0.010416667,0,0.076923077,NA,0,0,0,49.58591915,95.34129638,56.52601912,43.44444444,324.6153846,NA,3.888888889,90.71428571,14.04347826
276,1977,77008,770625,2,20.4216,5.2,63.9,28.2,NA,NA,NA,NA,NA,NA,NA,NA,1,2.1896,5.1408,11.1384,2.6656,6.467569532,8.156171366,16.71685606,7.777777778,11.07692308,NA,2.888888889,14.42857143,4.608695652,0.013986014,0.030769231,0,0,0.153846154,NA,0,0,0,0.006993007,0.015384615,0.010416667,0,0.076923077,NA,0,0,0,49.58591915,95.34129638,56.52601912,43.44444444,324.6153846,NA,3.888888889,90.71428571,14.04347826
277,1977,77009,770625,2,17.3736,4,63.9,27.8,NA,NA,NA,NA,NA,NA,NA,NA,0,2.1896,5.1408,11.1384,2.6656,6.467569532,8.156171366,16.71685606,7.777777778,11.07692308,NA,2.888888889,14.42857143,4.608695652,0.013986014,0.030769231,0,0,0.153846154,NA,0,0,0,0.006993007,0.015384615,0.010416667,0,0.076923077,NA,0,0,0,49.58591915,95.34129638,56.52601912,43.44444444,324.6153846,NA,3.888888889,90.71428571,14.04347826
278,1977,77012,770626,2,20.7264,5.2,63.1,25.8,NA,NA,NA,NA,NA,NA,NA,NA,1,2.1896,5.1408,11.1384,2.6656,6.467569532,8.156171366,16.71685606,7.777777778,11.07692308,NA,2.888888889,14.42857143,4.608695652,0.013986014,0.030769231,0,0,0.153846154,NA,0,0,0,0.006993007,0.015384615,0.010416667,0,0.076923077,NA,0,0,0,49.58591915,95.34129638,56.52601912,43.44444444,324.6153846,NA,3.888888889,90.71428571,14.04347826
279,1977,77342,770922,2,20.1168,4,65.1,29.2,36,50,NA,NA,NA,NA,NA,NA,0,2.1896,5.1408,11.1384,2.6656,6.467569532,8.156171366,16.71685606,7.777777778,11.07692308,NA,2.888888889,14.42857143,4.608695652,0.013986014,0.030769231,0,0,0.153846154,NA,0,0,0,0.006993007,0.015384615,0.010416667,0,0.076923077,NA,0,0,0,49.58591915,95.34129638,56.52601912,43.44444444,324.6153846,NA,3.888888889,90.71428571,14.04347826
280,1977,77343,770923,2,18.288,4,63.9,28.2,60,56,NA,NA,NA,NA,NA,NA,0,2.1896,5.1408,11.1384,2.6656,6.467569532,8.156171366,16.71685606,7.777777778,11.07692308,NA,2.888888889,14.42857143,4.608695652,0.013986014,0.030769231,0,0,0.153846154,NA,0,0,0,0.006993007,0.015384615,0.010416667,0,0.076923077,NA,0,0,0,49.58591915,95.34129638,56.52601912,43.44444444,324.6153846,NA,3.888888889,90.71428571,14.04347826
281,1977,77344,770923,2,17.6784,4,63.9,28.2,48,58,NA,NA,NA,NA,NA,NA,0,2.1896,5.1408,11.1384,2.6656,6.467569532,8.156171366,16.71685606,7.777777778,11.07692308,NA,2.888888889,14.42857143,4.608695652,0.013986014,0.030769231,0,0,0.153846154,NA,0,0,0,0.006993007,0.015384615,0.010416667,0,0.076923077,NA,0,0,0,49.58591915,95.34129638,56.52601912,43.44444444,324.6153846,NA,3.888888889,90.71428571,14.04347826
282,1977,77346,770923,2,19.2024,4,63.6,27.8,47,82,NA,NA,NA,NA,NA,NA,0,2.1896,5.1408,11.1384,2.6656,6.467569532,8.156171366,16.71685606,7.777777778,11.07692308,NA,2.888888889,14.42857143,4.608695652,0.013986014,0.030769231,0,0,0.153846154,NA,0,0,0,0.006993007,0.015384615,0.010416667,0,0.076923077,NA,0,0,0,49.58591915,95.34129638,56.52601912,43.44444444,324.6153846,NA,3.888888889,90.71428571,14.04347826
283,1978,78035,780609,2,18.8976,3,63.6,27.8,NA,NA,NA,NA,NA,NA,NA,NA,0,2.6656,3.8556,2.1896,5.1408,4.499450549,7.467261905,8.156171366,2.333333333,NA,NA,18.75,7.285714286,1.5,0,0,0.030769231,0,NA,NA,0,0,0,0,0,0.015384615,0,NA,NA,0,0,0,27.37715855,47.4017857,95.34129638,6.5,NA,NA,105.3928571,51.71428571,26
284,1978,78038,780612,2,20.1168,5.2,64.4,28.8,NA,NA,NA,NA,NA,NA,NA,NA,1,2.6656,3.8556,2.1896,5.1408,4.499450549,7.467261905,8.156171366,2.333333333,NA,NA,18.75,7.285714286,1.5,0,0,0.030769231,0,NA,NA,0,0,0,0,0,0.015384615,0,NA,NA,0,0,0,27.37715855,47.4017857,95.34129638,6.5,NA,NA,105.3928571,51.71428571,26
285,1978,78043,780614,2,20.4216,4,63.6,27.2,NA,NA,NA,NA,NA,NA,NA,NA,0,2.6656,3.8556,2.1896,5.1408,4.499450549,7.467261905,8.156171366,2.333333333,NA,NA,18.75,7.285714286,1.5,0,0,0.030769231,0,NA,NA,0,0,0,0,0,0.015384615,0,NA,NA,0,0,0,27.37715855,47.4017857,95.34129638,6.5,NA,NA,105.3928571,51.71428571,26
286,1978,78085,780624,2,19.5072,5.1,65.6,28.2,NA,NA,NA,NA,NA,NA,NA,NA,1,2.6656,3.8556,2.1896,5.1408,4.499450549,7.467261905,8.156171366,2.333333333,NA,NA,18.75,7.285714286,1.5,0,0,0.030769231,0,NA,NA,0,0,0,0,0,0.015384615,0,NA,NA,0,0,0,27.37715855,47.4017857,95.34129638,6.5,NA,NA,105.3928571,51.71428571,26
287,1978,78231,780726,2,19.812,5.2-,63.4,26.5,75,85,NA,NA,NA,NA,NA,NA,1,2.6656,3.8556,2.1896,5.1408,4.499450549,7.467261905,8.156171366,2.333333333,NA,NA,18.75,7.285714286,1.5,0,0,0.030769231,0,NA,NA,0,0,0,0,0,0.015384615,0,NA,NA,0,0,0,27.37715855,47.4017857,95.34129638,6.5,NA,NA,105.3928571,51.71428571,26
288,1978,78060,780618,2,20.4216,4,65.6,27.2,NA,NA,NA,NA,NA,NA,NA,NA,0,2.6656,3.8556,2.1896,5.1408,4.499450549,7.467261905,8.156171366,2.333333333,NA,NA,18.75,7.285714286,1.5,0,0,0.030769231,0,NA,NA,0,0,0,0,0,0.015384615,0,NA,NA,0,0,0,27.37715855,47.4017857,95.34129638,6.5,NA,NA,105.3928571,51.71428571,26
289,1978,78075,780622,2,19.2024,3,65.6,27.8,NA,NA,NA,NA,NA,NA,NA,NA,0,2.6656,3.8556,2.1896,5.1408,4.499450549,7.467261905,8.156171366,2.333333333,NA,NA,18.75,7.285714286,1.5,0,0,0.030769231,0,NA,NA,0,0,0,0,0,0.015384615,0,NA,NA,0,0,0,27.37715855,47.4017857,95.34129638,6.5,NA,NA,105.3928571,51.71428571,26
290,1978,78076,780622,2,18.8976,4,65.6,27.8,NA,NA,NA,NA,NA,NA,NA,NA,0,2.6656,3.8556,2.1896,5.1408,4.499450549,7.467261905,8.156171366,2.333333333,NA,NA,18.75,7.285714286,1.5,0,0,0.030769231,0,NA,NA,0,0,0,0,0,0.015384615,0,NA,NA,0,0,0,27.37715855,47.4017857,95.34129638,6.5,NA,NA,105.3928571,51.71428571,26
291,1978,78110,780627,2,20.1168,5,65.1,28.2,NA,NA,NA,NA,NA,NA,NA,NA,1,2.6656,3.8556,2.1896,5.1408,4.499450549,7.467261905,8.156171366,2.333333333,NA,NA,18.75,7.285714286,1.5,0,0,0.030769231,0,NA,NA,0,0,0,0,0,0.015384615,0,NA,NA,0,0,0,27.37715855,47.4017857,95.34129638,6.5,NA,NA,105.3928571,51.71428571,26
292,1978,78112,780628,2,18.5928,5-Mar,63.6,27.2,NA,NA,NA,NA,NA,NA,NA,NA,1,2.6656,3.8556,2.1896,5.1408,4.499450549,7.467261905,8.156171366,2.333333333,NA,NA,18.75,7.285714286,1.5,0,0,0.030769231,0,NA,NA,0,0,0,0,0,0.015384615,0,NA,NA,0,0,0,27.37715855,47.4017857,95.34129638,6.5,NA,NA,105.3928571,51.71428571,26
293,1978,78113,780629,2,19.5072,3,63.9,27.2,NA,NA,NA,NA,NA,NA,NA,NA,0,2.6656,3.8556,2.1896,5.1408,4.499450549,7.467261905,8.156171366,2.333333333,NA,NA,18.75,7.285714286,1.5,0,0,0.030769231,0,NA,NA,0,0,0,0,0,0.015384615,0,NA,NA,0,0,0,27.37715855,47.4017857,95.34129638,6.5,NA,NA,105.3928571,51.71428571,26
294,1978,78129,780703,2,17.6784,4,65.9,26.8,NA,NA,NA,NA,NA,NA,NA,NA,0,2.6656,3.8556,2.1896,5.1408,4.499450549,7.467261905,8.156171366,2.333333333,NA,NA,18.75,7.285714286,1.5,0,0,0.030769231,0,NA,NA,0,0,0,0,0,0.015384615,0,NA,NA,0,0,0,27.37715855,47.4017857,95.34129638,6.5,NA,NA,105.3928571,51.71428571,26
295,1978,78053,780617,2,19.812,9,65.4,28.2,NA,NA,NA,NA,NA,NA,NA,NA,1,2.6656,3.8556,2.1896,5.1408,4.499450549,7.467261905,8.156171366,2.333333333,NA,NA,18.75,7.285714286,1.5,0,0,0.030769231,0,NA,NA,0,0,0,0,0,0.015384615,0,NA,NA,0,0,0,27.37715855,47.4017857,95.34129638,6.5,NA,NA,105.3928571,51.71428571,26
296,1978,78280,780808,2,20.4216,5.3-,63.4,16.8,100,70,NA,NA,NA,NA,NA,NA,1,2.6656,3.8556,2.1896,5.1408,4.499450549,7.467261905,8.156171366,2.333333333,NA,NA,18.75,7.285714286,1.5,0,0,0.030769231,0,NA,NA,0,0,0,0,0,0.015384615,0,NA,NA,0,0,0,27.37715855,47.4017857,95.34129638,6.5,NA,NA,105.3928571,51.71428571,26
297,1978,78222,780725,2,19.2024,5.3,63.75,26.2,100,48,NA,NA,NA,NA,NA,NA,1,2.6656,3.8556,2.1896,5.1408,4.499450549,7.467261905,8.156171366,2.333333333,NA,NA,18.75,7.285714286,1.5,0,0,0.030769231,0,NA,NA,0,0,0,0,0,0.015384615,0,NA,NA,0,0,0,27.37715855,47.4017857,95.34129638,6.5,NA,NA,105.3928571,51.71428571,26
298,1978,78078,780622,2,19.5072,9,64.1,27.8,NA,NA,NA,NA,NA,NA,NA,NA,1,2.6656,3.8556,2.1896,5.1408,4.499450549,7.467261905,8.156171366,2.333333333,NA,NA,18.75,7.285714286,1.5,0,0,0.030769231,0,NA,NA,0,0,0,0,0,0.015384615,0,NA,NA,0,0,0,27.37715855,47.4017857,95.34129638,6.5,NA,NA,105.3928571,51.71428571,26
299,1978,78229,780726,2,19.2024,4,63.6,26.2,33,55,NA,NA,NA,NA,NA,NA,0,2.6656,3.8556,2.1896,5.1408,4.499450549,7.467261905,8.156171366,2.333333333,NA,NA,18.75,7.285714286,1.5,0,0,0.030769231,0,NA,NA,0,0,0,0,0,0.015384615,0,NA,NA,0,0,0,27.37715855,47.4017857,95.34129638,6.5,NA,NA,105.3928571,51.71428571,26
300,1978,78140,780705,2,19.5072,5,65.9,27.2,NA,NA,NA,NA,NA,NA,NA,NA,1,2.6656,3.8556,2.1896,5.1408,4.499450549,7.467261905,8.156171366,2.333333333,NA,NA,18.75,7.285714286,1.5,0,0,0.030769231,0,NA,NA,0,0,0,0,0,0.015384615,0,NA,NA,0,0,0,27.37715855,47.4017857,95.34129638,6.5,NA,NA,105.3928571,51.71428571,26
301,1978,78203,780720,2,18.8976,6.4,63.1,25.8,NA,NA,NA,NA,NA,NA,NA,NA,0,2.6656,3.8556,2.1896,5.1408,4.499450549,7.467261905,8.156171366,2.333333333,NA,NA,18.75,7.285714286,1.5,0,0,0.030769231,0,NA,NA,0,0,0,0,0,0.015384615,0,NA,NA,0,0,0,27.37715855,47.4017857,95.34129638,6.5,NA,NA,105.3928571,51.71428571,26
302,1978,78213,780722,2,19.2024,3,63.1,26.2,72,138,NA,NA,NA,NA,NA,NA,0,2.6656,3.8556,2.1896,5.1408,4.499450549,7.467261905,8.156171366,2.333333333,NA,NA,18.75,7.285714286,1.5,0,0,0.030769231,0,NA,NA,0,0,0,0,0,0.015384615,0,NA,NA,0,0,0,27.37715855,47.4017857,95.34129638,6.5,NA,NA,105.3928571,51.71428571,26
303,1978,78104,780627,2,20.4216,5,63.6,26.8,NA,NA,NA,NA,NA,NA,NA,NA,1,2.6656,3.8556,2.1896,5.1408,4.499450549,7.467261905,8.156171366,2.333333333,NA,NA,18.75,7.285714286,1.5,0,0,0.030769231,0,NA,NA,0,0,0,0,0,0.015384615,0,NA,NA,0,0,0,27.37715855,47.4017857,95.34129638,6.5,NA,NA,105.3928571,51.71428571,26
304,1978,78236,780728,2,18.8976,5.2-,62.6,26.5,70,80,NA,NA,NA,NA,NA,NA,1,2.6656,3.8556,2.1896,5.1408,4.499450549,7.467261905,8.156171366,2.333333333,NA,NA,18.75,7.285714286,1.5,0,0,0.030769231,0,NA,NA,0,0,0,0,0,0.015384615,0,NA,NA,0,0,0,27.37715855,47.4017857,95.34129638,6.5,NA,NA,105.3928571,51.71428571,26
305,1978,78239,780728,2,19.2024,4,62.6,25.8,80,75,NA,NA,NA,NA,NA,NA,0,2.6656,3.8556,2.1896,5.1408,4.499450549,7.467261905,8.156171366,2.333333333,NA,NA,18.75,7.285714286,1.5,0,0,0.030769231,0,NA,NA,0,0,0,0,0,0.015384615,0,NA,NA,0,0,0,27.37715855,47.4017857,95.34129638,6.5,NA,NA,105.3928571,51.71428571,26
306,1978,78240,780729,2,18.8976,4,62.9,25.8,42,58,NA,NA,NA,NA,NA,NA,0,2.6656,3.8556,2.1896,5.1408,4.499450549,7.467261905,8.156171366,2.333333333,NA,NA,18.75,7.285714286,1.5,0,0,0.030769231,0,NA,NA,0,0,0,0,0,0.015384615,0,NA,NA,0,0,0,27.37715855,47.4017857,95.34129638,6.5,NA,NA,105.3928571,51.71428571,26
307,1978,78248,780730,2,19.5072,4?,63.1,25.8,60,55,NA,NA,NA,NA,NA,NA,0,2.6656,3.8556,2.1896,5.1408,4.499450549,7.467261905,8.156171366,2.333333333,NA,NA,18.75,7.285714286,1.5,0,0,0.030769231,0,NA,NA,0,0,0,0,0,0.015384615,0,NA,NA,0,0,0,27.37715855,47.4017857,95.34129638,6.5,NA,NA,105.3928571,51.71428571,26
308,1978,78138,780705,2,18.5928,5.2,66.1,26.8,NA,NA,NA,NA,NA,NA,NA,NA,1,2.6656,3.8556,2.1896,5.1408,4.499450549,7.467261905,8.156171366,2.333333333,NA,NA,18.75,7.285714286,1.5,0,0,0.030769231,0,NA,NA,0,0,0,0,0,0.015384615,0,NA,NA,0,0,0,27.37715855,47.4017857,95.34129638,6.5,NA,NA,105.3928571,51.71428571,26
309,1978,78058,780618,2,20.4216,9,64.9,28.2,NA,NA,NA,NA,NA,NA,NA,NA,1,2.6656,3.8556,2.1896,5.1408,4.499450549,7.467261905,8.156171366,2.333333333,NA,NA,18.75,7.285714286,1.5,0,0,0.030769231,0,NA,NA,0,0,0,0,0,0.015384615,0,NA,NA,0,0,0,27.37715855,47.4017857,95.34129638,6.5,NA,NA,105.3928571,51.71428571,26
310,1978,78306,780820,2,18.8976,4,62.6,25.8,45,65,NA,NA,NA,NA,NA,NA,0,2.6656,3.8556,2.1896,5.1408,4.499450549,7.467261905,8.156171366,2.333333333,NA,NA,18.75,7.285714286,1.5,0,0,0.030769231,0,NA,NA,0,0,0,0,0,0.015384615,0,NA,NA,0,0,0,27.37715855,47.4017857,95.34129638,6.5,NA,NA,105.3928571,51.71428571,26
311,1978,78227,780725,2,18.5928,9,63.9,26.2,48,50,NA,NA,NA,NA,NA,NA,1,2.6656,3.8556,2.1896,5.1408,4.499450549,7.467261905,8.156171366,2.333333333,NA,NA,18.75,7.285714286,1.5,0,0,0.030769231,0,NA,NA,0,0,0,0,0,0.015384615,0,NA,NA,0,0,0,27.37715855,47.4017857,95.34129638,6.5,NA,NA,105.3928571,51.71428571,26
312,1978,78255,780731,2,20.4216,5.1-,63.1,26.2,70,75,NA,NA,NA,NA,NA,NA,1,2.6656,3.8556,2.1896,5.1408,4.499450549,7.467261905,8.156171366,2.333333333,NA,NA,18.75,7.285714286,1.5,0,0,0.030769231,0,NA,NA,0,0,0,0,0,0.015384615,0,NA,NA,0,0,0,27.37715855,47.4017857,95.34129638,6.5,NA,NA,105.3928571,51.71428571,26
313,1978,78269,780804,2,18.5928,4,65.6,27.2,50,50,NA,NA,NA,NA,NA,NA,0,2.6656,3.8556,2.1896,5.1408,4.499450549,7.467261905,8.156171366,2.333333333,NA,NA,18.75,7.285714286,1.5,0,0,0.030769231,0,NA,NA,0,0,0,0,0,0.015384615,0,NA,NA,0,0,0,27.37715855,47.4017857,95.34129638,6.5,NA,NA,105.3928571,51.71428571,26
314,1978,78274,780806,2,19.2024,5.1-,64.9,27.8,65,65,NA,NA,NA,NA,NA,NA,1,2.6656,3.8556,2.1896,5.1408,4.499450549,7.467261905,8.156171366,2.333333333,NA,NA,18.75,7.285714286,1.5,0,0,0.030769231,0,NA,NA,0,0,0,0,0,0.015384615,0,NA,NA,0,0,0,27.37715855,47.4017857,95.34129638,6.5,NA,NA,105.3928571,51.71428571,26
315,1978,78086,780624,2,17.3736,9,65.6,28.5,NA,NA,NA,NA,NA,NA,NA,NA,1,2.6656,3.8556,2.1896,5.1408,4.499450549,7.467261905,8.156171366,2.333333333,NA,NA,18.75,7.285714286,1.5,0,0,0.030769231,0,NA,NA,0,0,0,0,0,0.015384615,0,NA,NA,0,0,0,27.37715855,47.4017857,95.34129638,6.5,NA,NA,105.3928571,51.71428571,26
316,1978,78235,780727,2,19.5072,4,62.9,25.5,38,58,NA,NA,NA,NA,NA,NA,0,2.6656,3.8556,2.1896,5.1408,4.499450549,7.467261905,8.156171366,2.333333333,NA,NA,18.75,7.285714286,1.5,0,0,0.030769231,0,NA,NA,0,0,0,0,0,0.015384615,0,NA,NA,0,0,0,27.37715855,47.4017857,95.34129638,6.5,NA,NA,105.3928571,51.71428571,26
317,1978,78019,780604,2,19.812,3,63.1,27.2,NA,NA,NA,NA,NA,NA,NA,NA,0,2.6656,3.8556,2.1896,5.1408,4.499450549,7.467261905,8.156171366,2.333333333,NA,NA,18.75,7.285714286,1.5,0,0,0.030769231,0,NA,NA,0,0,0,0,0,0.015384615,0,NA,NA,0,0,0,27.37715855,47.4017857,95.34129638,6.5,NA,NA,105.3928571,51.71428571,26
318,1978,78024,780606,2,20.7264,4,63.1,26.5,NA,NA,NA,NA,NA,NA,NA,NA,0,2.6656,3.8556,2.1896,5.1408,4.499450549,7.467261905,8.156171366,2.333333333,NA,NA,18.75,7.285714286,1.5,0,0,0.030769231,0,NA,NA,0,0,0,0,0,0.015384615,0,NA,NA,0,0,0,27.37715855,47.4017857,95.34129638,6.5,NA,NA,105.3928571,51.71428571,26
319,1978,78031,780609,2,19.812,5.2,62.9,26.2,NA,NA,NA,NA,NA,NA,NA,NA,1,2.6656,3.8556,2.1896,5.1408,4.499450549,7.467261905,8.156171366,2.333333333,NA,NA,18.75,7.285714286,1.5,0,0,0.030769231,0,NA,NA,0,0,0,0,0,0.015384615,0,NA,NA,0,0,0,27.37715855,47.4017857,95.34129638,6.5,NA,NA,105.3928571,51.71428571,26
320,1978,78314,780824,2,17.9832,5.3-,65.1,27.2,55,60,NA,NA,NA,NA,NA,NA,1,2.6656,3.8556,2.1896,5.1408,4.499450549,7.467261905,8.156171366,2.333333333,NA,NA,18.75,7.285714286,1.5,0,0,0.030769231,0,NA,NA,0,0,0,0,0,0.015384615,0,NA,NA,0,0,0,27.37715855,47.4017857,95.34129638,6.5,NA,NA,105.3928571,51.71428571,26
321,1978,78315,780824,2,18.5928,4,65.4,27.8,55,60,NA,NA,NA,NA,NA,NA,0,2.6656,3.8556,2.1896,5.1408,4.499450549,7.467261905,8.156171366,2.333333333,NA,NA,18.75,7.285714286,1.5,0,0,0.030769231,0,NA,NA,0,0,0,0,0,0.015384615,0,NA,NA,0,0,0,27.37715855,47.4017857,95.34129638,6.5,NA,NA,105.3928571,51.71428571,26
322,1978,78316,780824,2,20.1168,4,65.4,27.8,40,40,NA,NA,NA,NA,NA,NA,0,2.6656,3.8556,2.1896,5.1408,4.499450549,7.467261905,8.156171366,2.333333333,NA,NA,18.75,7.285714286,1.5,0,0,0.030769231,0,NA,NA,0,0,0,0,0,0.015384615,0,NA,NA,0,0,0,27.37715855,47.4017857,95.34129638,6.5,NA,NA,105.3928571,51.71428571,26
323,1978,78318,780824,2,20.1168,4,65.9,27.5,50,60,NA,NA,NA,NA,NA,NA,0,2.6656,3.8556,2.1896,5.1408,4.499450549,7.467261905,8.156171366,2.333333333,NA,NA,18.75,7.285714286,1.5,0,0,0.030769231,0,NA,NA,0,0,0,0,0,0.015384615,0,NA,NA,0,0,0,27.37715855,47.4017857,95.34129638,6.5,NA,NA,105.3928571,51.71428571,26
324,1978,78330,780828,2,17.9832,5.2-,66.1,26.8,40,60,NA,NA,NA,NA,NA,NA,1,2.6656,3.8556,2.1896,5.1408,4.499450549,7.467261905,8.156171366,2.333333333,NA,NA,18.75,7.285714286,1.5,0,0,0.030769231,0,NA,NA,0,0,0,0,0,0.015384615,0,NA,NA,0,0,0,27.37715855,47.4017857,95.34129638,6.5,NA,NA,105.3928571,51.71428571,26
325,1978,78331,780828,2,19.2024,5.2-,66.1,26.8,70,70,NA,NA,NA,NA,NA,NA,1,2.6656,3.8556,2.1896,5.1408,4.499450549,7.467261905,8.156171366,2.333333333,NA,NA,18.75,7.285714286,1.5,0,0,0.030769231,0,NA,NA,0,0,0,0,0,0.015384615,0,NA,NA,0,0,0,27.37715855,47.4017857,95.34129638,6.5,NA,NA,105.3928571,51.71428571,26
326,1978,78343,780901,2,19.812,3,64.6,28.8,70,75,NA,NA,NA,NA,NA,NA,0,2.6656,3.8556,2.1896,5.1408,4.499450549,7.467261905,8.156171366,2.333333333,NA,NA,18.75,7.285714286,1.5,0,0,0.030769231,0,NA,NA,0,0,0,0,0,0.015384615,0,NA,NA,0,0,0,27.37715855,47.4017857,95.34129638,6.5,NA,NA,105.3928571,51.71428571,26
327,1978,78365,780915,2,17.6784,4,65.4,27.2,50,55,NA,NA,NA,NA,NA,NA,0,2.6656,3.8556,2.1896,5.1408,4.499450549,7.467261905,8.156171366,2.333333333,NA,NA,18.75,7.285714286,1.5,0,0,0.030769231,0,NA,NA,0,0,0,0,0,0.015384615,0,NA,NA,0,0,0,27.37715855,47.4017857,95.34129638,6.5,NA,NA,105.3928571,51.71428571,26
328,1979,79036,790621,2,19.5072,9,64.9,28.2,NA,NA,NA,NA,NA,NA,NA,NA,1,3.6176,3.094,2.6656,3.8556,8.996572028,15.89310932,7.467261905,5.333333333,17.8,19.23076923,14.23529412,35.25925926,3.5,0.063986014,0.117307692,0,0,0.55,0.153846154,0,0,0,0,0,0,0,0,0,0,0,0,37.87590437,68.17582468,47.4017857,35.44444444,177.5,145.4615385,17.76470588,17.25925926,15.625
329,1979,79039,790621,2,19.2024,9,64.6,28.2,75,35,NA,NA,NA,NA,NA,NA,1,3.6176,3.094,2.6656,3.8556,8.996572028,15.89310932,7.467261905,5.333333333,17.8,19.23076923,14.23529412,35.25925926,3.5,0.063986014,0.117307692,0,0,0.55,0.153846154,0,0,0,0,0,0,0,0,0,0,0,0,37.87590437,68.17582468,47.4017857,35.44444444,177.5,145.4615385,17.76470588,17.25925926,15.625
330,1979,79111,790705,2,19.2024,3,64.4,27.8,67,NA,NA,NA,NA,NA,NA,NA,0,3.6176,3.094,2.6656,3.8556,8.996572028,15.89310932,7.467261905,5.333333333,17.8,19.23076923,14.23529412,35.25925926,3.5,0.063986014,0.117307692,0,0,0.55,0.153846154,0,0,0,0,0,0,0,0,0,0,0,0,37.87590437,68.17582468,47.4017857,35.44444444,177.5,145.4615385,17.76470588,17.25925926,15.625
331,1979,79032,790619,2,19.2024,9,64.4,28.2,NA,NA,NA,NA,NA,NA,NA,NA,1,3.6176,3.094,2.6656,3.8556,8.996572028,15.89310932,7.467261905,5.333333333,17.8,19.23076923,14.23529412,35.25925926,3.5,0.063986014,0.117307692,0,0,0.55,0.153846154,0,0,0,0,0,0,0,0,0,0,0,0,37.87590437,68.17582468,47.4017857,35.44444444,177.5,145.4615385,17.76470588,17.25925926,15.625
332,1979,79033,790620,2,20.1168,9,64.6,28.2,NA,NA,NA,NA,NA,NA,NA,NA,1,3.6176,3.094,2.6656,3.8556,8.996572028,15.89310932,7.467261905,5.333333333,17.8,19.23076923,14.23529412,35.25925926,3.5,0.063986014,0.117307692,0,0,0.55,0.153846154,0,0,0,0,0,0,0,0,0,0,0,0,37.87590437,68.17582468,47.4017857,35.44444444,177.5,145.4615385,17.76470588,17.25925926,15.625
333,1979,79106,790704,2,19.2024,9,63.9,27.8,77,NA,NA,NA,NA,NA,NA,NA,1,3.6176,3.094,2.6656,3.8556,8.996572028,15.89310932,7.467261905,5.333333333,17.8,19.23076923,14.23529412,35.25925926,3.5,0.063986014,0.117307692,0,0,0.55,0.153846154,0,0,0,0,0,0,0,0,0,0,0,0,37.87590437,68.17582468,47.4017857,35.44444444,177.5,145.4615385,17.76470588,17.25925926,15.625
334,1979,79108,790704,2,18.8976,9,63.9,27.8,67,NA,NA,NA,NA,NA,NA,NA,1,3.6176,3.094,2.6656,3.8556,8.996572028,15.89310932,7.467261905,5.333333333,17.8,19.23076923,14.23529412,35.25925926,3.5,0.063986014,0.117307692,0,0,0.55,0.153846154,0,0,0,0,0,0,0,0,0,0,0,0,37.87590437,68.17582468,47.4017857,35.44444444,177.5,145.4615385,17.76470588,17.25925926,15.625
335,1979,79016,790615,2,21.336,9,64.6,28.8,NA,NA,NA,NA,NA,NA,NA,NA,1,3.6176,3.094,2.6656,3.8556,8.996572028,15.89310932,7.467261905,5.333333333,17.8,19.23076923,14.23529412,35.25925926,3.5,0.063986014,0.117307692,0,0,0.55,0.153846154,0,0,0,0,0,0,0,0,0,0,0,0,37.87590437,68.17582468,47.4017857,35.44444444,177.5,145.4615385,17.76470588,17.25925926,15.625
336,1979,79112,790705,2,20.7264,4,64.1,27.8,59,NA,NA,NA,NA,NA,NA,NA,0,3.6176,3.094,2.6656,3.8556,8.996572028,15.89310932,7.467261905,5.333333333,17.8,19.23076923,14.23529412,35.25925926,3.5,0.063986014,0.117307692,0,0,0.55,0.153846154,0,0,0,0,0,0,0,0,0,0,0,0,37.87590437,68.17582468,47.4017857,35.44444444,177.5,145.4615385,17.76470588,17.25925926,15.625
337,1979,79010,790613,2,19.812,4,63.9,27.2,NA,NA,NA,NA,NA,NA,NA,NA,0,3.6176,3.094,2.6656,3.8556,8.996572028,15.89310932,7.467261905,5.333333333,17.8,19.23076923,14.23529412,35.25925926,3.5,0.063986014,0.117307692,0,0,0.55,0.153846154,0,0,0,0,0,0,0,0,0,0,0,0,37.87590437,68.17582468,47.4017857,35.44444444,177.5,145.4615385,17.76470588,17.25925926,15.625
338,1979,79119,790706,2,19.2024,4,64.1,27.2,NA,NA,NA,NA,NA,NA,NA,NA,0,3.6176,3.094,2.6656,3.8556,8.996572028,15.89310932,7.467261905,5.333333333,17.8,19.23076923,14.23529412,35.25925926,3.5,0.063986014,0.117307692,0,0,0.55,0.153846154,0,0,0,0,0,0,0,0,0,0,0,0,37.87590437,68.17582468,47.4017857,35.44444444,177.5,145.4615385,17.76470588,17.25925926,15.625
339,1979,79122,790706,2,20.4216,9,64.1,27.8,70,NA,NA,NA,NA,NA,NA,NA,1,3.6176,3.094,2.6656,3.8556,8.996572028,15.89310932,7.467261905,5.333333333,17.8,19.23076923,14.23529412,35.25925926,3.5,0.063986014,0.117307692,0,0,0.55,0.153846154,0,0,0,0,0,0,0,0,0,0,0,0,37.87590437,68.17582468,47.4017857,35.44444444,177.5,145.4615385,17.76470588,17.25925926,15.625
340,1979,79079,790629,2,20.7264,4,64.9,28.2,100,NA,NA,NA,NA,NA,NA,NA,0,3.6176,3.094,2.6656,3.8556,8.996572028,15.89310932,7.467261905,5.333333333,17.8,19.23076923,14.23529412,35.25925926,3.5,0.063986014,0.117307692,0,0,0.55,0.153846154,0,0,0,0,0,0,0,0,0,0,0,0,37.87590437,68.17582468,47.4017857,35.44444444,177.5,145.4615385,17.76470588,17.25925926,15.625
341,1979,79087,790701,2,20.1168,9,63.4,26.2,107,NA,NA,NA,NA,NA,NA,NA,1,3.6176,3.094,2.6656,3.8556,8.996572028,15.89310932,7.467261905,5.333333333,17.8,19.23076923,14.23529412,35.25925926,3.5,0.063986014,0.117307692,0,0,0.55,0.153846154,0,0,0,0,0,0,0,0,0,0,0,0,37.87590437,68.17582468,47.4017857,35.44444444,177.5,145.4615385,17.76470588,17.25925926,15.625
342,1979,79030,790619,2,20.1168,9,64.4,28.8,NA,NA,NA,NA,NA,NA,NA,NA,1,3.6176,3.094,2.6656,3.8556,8.996572028,15.89310932,7.467261905,5.333333333,17.8,19.23076923,14.23529412,35.25925926,3.5,0.063986014,0.117307692,0,0,0.55,0.153846154,0,0,0,0,0,0,0,0,0,0,0,0,37.87590437,68.17582468,47.4017857,35.44444444,177.5,145.4615385,17.76470588,17.25925926,15.625
343,1979,79031,790619,2,18.8976,5.2,64.4,28.8,NA,NA,NA,NA,NA,NA,NA,NA,1,3.6176,3.094,2.6656,3.8556,8.996572028,15.89310932,7.467261905,5.333333333,17.8,19.23076923,14.23529412,35.25925926,3.5,0.063986014,0.117307692,0,0,0.55,0.153846154,0,0,0,0,0,0,0,0,0,0,0,0,37.87590437,68.17582468,47.4017857,35.44444444,177.5,145.4615385,17.76470588,17.25925926,15.625
344,1979,79097,790702,2,20.1168,4,65.6,29.2,104,NA,NA,NA,NA,NA,NA,NA,0,3.6176,3.094,2.6656,3.8556,8.996572028,15.89310932,7.467261905,5.333333333,17.8,19.23076923,14.23529412,35.25925926,3.5,0.063986014,0.117307692,0,0,0.55,0.153846154,0,0,0,0,0,0,0,0,0,0,0,0,37.87590437,68.17582468,47.4017857,35.44444444,177.5,145.4615385,17.76470588,17.25925926,15.625
345,1979,79102,790703,2,19.2024,4,64.1,26.8,63,NA,NA,NA,NA,NA,NA,NA,0,3.6176,3.094,2.6656,3.8556,8.996572028,15.89310932,7.467261905,5.333333333,17.8,19.23076923,14.23529412,35.25925926,3.5,0.063986014,0.117307692,0,0,0.55,0.153846154,0,0,0,0,0,0,0,0,0,0,0,0,37.87590437,68.17582468,47.4017857,35.44444444,177.5,145.4615385,17.76470588,17.25925926,15.625
346,1979,79046,790623,2,18.288,5.2,63.1,26.5,NA,NA,NA,NA,NA,NA,NA,NA,1,3.6176,3.094,2.6656,3.8556,8.996572028,15.89310932,7.467261905,5.333333333,17.8,19.23076923,14.23529412,35.25925926,3.5,0.063986014,0.117307692,0,0,0.55,0.153846154,0,0,0,0,0,0,0,0,0,0,0,0,37.87590437,68.17582468,47.4017857,35.44444444,177.5,145.4615385,17.76470588,17.25925926,15.625
347,1979,79061,790626,2,20.1168,9,64.6,28.2,NA,NA,NA,NA,NA,NA,NA,NA,1,3.6176,3.094,2.6656,3.8556,8.996572028,15.89310932,7.467261905,5.333333333,17.8,19.23076923,14.23529412,35.25925926,3.5,0.063986014,0.117307692,0,0,0.55,0.153846154,0,0,0,0,0,0,0,0,0,0,0,0,37.87590437,68.17582468,47.4017857,35.44444444,177.5,145.4615385,17.76470588,17.25925926,15.625
348,1979,79063,790626,2,20.1168,4,64.6,28.2,58,NA,NA,NA,NA,NA,NA,NA,0,3.6176,3.094,2.6656,3.8556,8.996572028,15.89310932,7.467261905,5.333333333,17.8,19.23076923,14.23529412,35.25925926,3.5,0.063986014,0.117307692,0,0,0.55,0.153846154,0,0,0,0,0,0,0,0,0,0,0,0,37.87590437,68.17582468,47.4017857,35.44444444,177.5,145.4615385,17.76470588,17.25925926,15.625
349,1979,79021,790617,2,18.8976,5.2,64.4,29.2,NA,NA,NA,NA,NA,NA,NA,NA,1,3.6176,3.094,2.6656,3.8556,8.996572028,15.89310932,7.467261905,5.333333333,17.8,19.23076923,14.23529412,35.25925926,3.5,0.063986014,0.117307692,0,0,0.55,0.153846154,0,0,0,0,0,0,0,0,0,0,0,0,37.87590437,68.17582468,47.4017857,35.44444444,177.5,145.4615385,17.76470588,17.25925926,15.625
350,1979,79029,790619,2,19.812,9,63.9,28.8,NA,NA,NA,NA,NA,NA,NA,NA,1,3.6176,3.094,2.6656,3.8556,8.996572028,15.89310932,7.467261905,5.333333333,17.8,19.23076923,14.23529412,35.25925926,3.5,0.063986014,0.117307692,0,0,0.55,0.153846154,0,0,0,0,0,0,0,0,0,0,0,0,37.87590437,68.17582468,47.4017857,35.44444444,177.5,145.4615385,17.76470588,17.25925926,15.625
351,1979,79011,790614,2,20.7264,9,64.1,28.2,NA,NA,NA,NA,NA,NA,NA,NA,1,3.6176,3.094,2.6656,3.8556,8.996572028,15.89310932,7.467261905,5.333333333,17.8,19.23076923,14.23529412,35.25925926,3.5,0.063986014,0.117307692,0,0,0.55,0.153846154,0,0,0,0,0,0,0,0,0,0,0,0,37.87590437,68.17582468,47.4017857,35.44444444,177.5,145.4615385,17.76470588,17.25925926,15.625
352,1979,79012,790614,2,18.8976,9,63.6,28.2,NA,NA,NA,NA,NA,NA,NA,NA,1,3.6176,3.094,2.6656,3.8556,8.996572028,15.89310932,7.467261905,5.333333333,17.8,19.23076923,14.23529412,35.25925926,3.5,0.063986014,0.117307692,0,0,0.55,0.153846154,0,0,0,0,0,0,0,0,0,0,0,0,37.87590437,68.17582468,47.4017857,35.44444444,177.5,145.4615385,17.76470588,17.25925926,15.625
353,1979,79124,790707,2,18.5928,9,64.1,27.2,51,NA,NA,NA,NA,NA,NA,NA,1,3.6176,3.094,2.6656,3.8556,8.996572028,15.89310932,7.467261905,5.333333333,17.8,19.23076923,14.23529412,35.25925926,3.5,0.063986014,0.117307692,0,0,0.55,0.153846154,0,0,0,0,0,0,0,0,0,0,0,0,37.87590437,68.17582468,47.4017857,35.44444444,177.5,145.4615385,17.76470588,17.25925926,15.625
354,1979,79130,790708,2,20.7264,4,64.1,26.2,53,NA,NA,NA,NA,NA,NA,NA,0,3.6176,3.094,2.6656,3.8556,8.996572028,15.89310932,7.467261905,5.333333333,17.8,19.23076923,14.23529412,35.25925926,3.5,0.063986014,0.117307692,0,0,0.55,0.153846154,0,0,0,0,0,0,0,0,0,0,0,0,37.87590437,68.17582468,47.4017857,35.44444444,177.5,145.4615385,17.76470588,17.25925926,15.625
355,1979,79090,790701,2,18.5928,9,63.9,27.8,64,NA,NA,NA,NA,NA,NA,NA,1,3.6176,3.094,2.6656,3.8556,8.996572028,15.89310932,7.467261905,5.333333333,17.8,19.23076923,14.23529412,35.25925926,3.5,0.063986014,0.117307692,0,0,0.55,0.153846154,0,0,0,0,0,0,0,0,0,0,0,0,37.87590437,68.17582468,47.4017857,35.44444444,177.5,145.4615385,17.76470588,17.25925926,15.625
356,1979,79096,790702,2,18.8976,3,65.6,28.2,NA,NA,NA,NA,NA,NA,NA,NA,0,3.6176,3.094,2.6656,3.8556,8.996572028,15.89310932,7.467261905,5.333333333,17.8,19.23076923,14.23529412,35.25925926,3.5,0.063986014,0.117307692,0,0,0.55,0.153846154,0,0,0,0,0,0,0,0,0,0,0,0,37.87590437,68.17582468,47.4017857,35.44444444,177.5,145.4615385,17.76470588,17.25925926,15.625
357,1979,79040,790621,2,20.7264,9,64.1,27.8,63,NA,NA,NA,NA,NA,NA,NA,1,3.6176,3.094,2.6656,3.8556,8.996572028,15.89310932,7.467261905,5.333333333,17.8,19.23076923,14.23529412,35.25925926,3.5,0.063986014,0.117307692,0,0,0.55,0.153846154,0,0,0,0,0,0,0,0,0,0,0,0,37.87590437,68.17582468,47.4017857,35.44444444,177.5,145.4615385,17.76470588,17.25925926,15.625
358,1979,79043,790621,2,19.5072,9,64.1,27.8,NA,NA,NA,NA,NA,NA,NA,NA,1,3.6176,3.094,2.6656,3.8556,8.996572028,15.89310932,7.467261905,5.333333333,17.8,19.23076923,14.23529412,35.25925926,3.5,0.063986014,0.117307692,0,0,0.55,0.153846154,0,0,0,0,0,0,0,0,0,0,0,0,37.87590437,68.17582468,47.4017857,35.44444444,177.5,145.4615385,17.76470588,17.25925926,15.625
359,1979,79114,790705,2,21.6408,9,63.9,26.8,96,NA,NA,NA,NA,NA,NA,NA,1,3.6176,3.094,2.6656,3.8556,8.996572028,15.89310932,7.467261905,5.333333333,17.8,19.23076923,14.23529412,35.25925926,3.5,0.063986014,0.117307692,0,0,0.55,0.153846154,0,0,0,0,0,0,0,0,0,0,0,0,37.87590437,68.17582468,47.4017857,35.44444444,177.5,145.4615385,17.76470588,17.25925926,15.625
360,1979,79141,790711,2,19.5072,4,64.4,27.8,80,NA,NA,NA,NA,NA,NA,NA,0,3.6176,3.094,2.6656,3.8556,8.996572028,15.89310932,7.467261905,5.333333333,17.8,19.23076923,14.23529412,35.25925926,3.5,0.063986014,0.117307692,0,0,0.55,0.153846154,0,0,0,0,0,0,0,0,0,0,0,0,37.87590437,68.17582468,47.4017857,35.44444444,177.5,145.4615385,17.76470588,17.25925926,15.625
361,1979,79143,790712,2,18.8976,4,64.6,28.2,51,NA,NA,NA,NA,NA,NA,NA,0,3.6176,3.094,2.6656,3.8556,8.996572028,15.89310932,7.467261905,5.333333333,17.8,19.23076923,14.23529412,35.25925926,3.5,0.063986014,0.117307692,0,0,0.55,0.153846154,0,0,0,0,0,0,0,0,0,0,0,0,37.87590437,68.17582468,47.4017857,35.44444444,177.5,145.4615385,17.76470588,17.25925926,15.625
362,1979,79146,790712,2,19.5072,9,64.6,28.2,76,NA,NA,NA,NA,NA,NA,NA,1,3.6176,3.094,2.6656,3.8556,8.996572028,15.89310932,7.467261905,5.333333333,17.8,19.23076923,14.23529412,35.25925926,3.5,0.063986014,0.117307692,0,0,0.55,0.153846154,0,0,0,0,0,0,0,0,0,0,0,0,37.87590437,68.17582468,47.4017857,35.44444444,177.5,145.4615385,17.76470588,17.25925926,15.625
363,1979,79152,790712,2,18.5928,4,64.6,28.2,79,NA,NA,NA,NA,NA,NA,NA,0,3.6176,3.094,2.6656,3.8556,8.996572028,15.89310932,7.467261905,5.333333333,17.8,19.23076923,14.23529412,35.25925926,3.5,0.063986014,0.117307692,0,0,0.55,0.153846154,0,0,0,0,0,0,0,0,0,0,0,0,37.87590437,68.17582468,47.4017857,35.44444444,177.5,145.4615385,17.76470588,17.25925926,15.625
364,1979,79153,790712,2,20.1168,5.3,64.6,28.2,78,NA,NA,NA,NA,NA,NA,NA,1,3.6176,3.094,2.6656,3.8556,8.996572028,15.89310932,7.467261905,5.333333333,17.8,19.23076923,14.23529412,35.25925926,3.5,0.063986014,0.117307692,0,0,0.55,0.153846154,0,0,0,0,0,0,0,0,0,0,0,0,37.87590437,68.17582468,47.4017857,35.44444444,177.5,145.4615385,17.76470588,17.25925926,15.625
365,1979,79162,790714,2,19.812,3,65.1,28.2,62,NA,NA,NA,NA,NA,NA,NA,0,3.6176,3.094,2.6656,3.8556,8.996572028,15.89310932,7.467261905,5.333333333,17.8,19.23076923,14.23529412,35.25925926,3.5,0.063986014,0.117307692,0,0,0.55,0.153846154,0,0,0,0,0,0,0,0,0,0,0,0,37.87590437,68.17582468,47.4017857,35.44444444,177.5,145.4615385,17.76470588,17.25925926,15.625
366,1979,79167,790715,2,18.5928,5.1,64.9,28.2,73,NA,NA,NA,NA,NA,NA,NA,1,3.6176,3.094,2.6656,3.8556,8.996572028,15.89310932,7.467261905,5.333333333,17.8,19.23076923,14.23529412,35.25925926,3.5,0.063986014,0.117307692,0,0,0.55,0.153846154,0,0,0,0,0,0,0,0,0,0,0,0,37.87590437,68.17582468,47.4017857,35.44444444,177.5,145.4615385,17.76470588,17.25925926,15.625
367,1979,79172,790716,2,19.812,5,64.9,28.2,85,NA,NA,NA,NA,NA,NA,NA,1,3.6176,3.094,2.6656,3.8556,8.996572028,15.89310932,7.467261905,5.333333333,17.8,19.23076923,14.23529412,35.25925926,3.5,0.063986014,0.117307692,0,0,0.55,0.153846154,0,0,0,0,0,0,0,0,0,0,0,0,37.87590437,68.17582468,47.4017857,35.44444444,177.5,145.4615385,17.76470588,17.25925926,15.625
368,1979,79174,790717,2,19.2024,4,65.1,28.2,67,NA,NA,NA,NA,NA,NA,NA,0,3.6176,3.094,2.6656,3.8556,8.996572028,15.89310932,7.467261905,5.333333333,17.8,19.23076923,14.23529412,35.25925926,3.5,0.063986014,0.117307692,0,0,0.55,0.153846154,0,0,0,0,0,0,0,0,0,0,0,0,37.87590437,68.17582468,47.4017857,35.44444444,177.5,145.4615385,17.76470588,17.25925926,15.625
369,1979,79179,790718,2,17.9832,5.2,65.1,27.8,67,NA,NA,NA,NA,NA,NA,NA,1,3.6176,3.094,2.6656,3.8556,8.996572028,15.89310932,7.467261905,5.333333333,17.8,19.23076923,14.23529412,35.25925926,3.5,0.063986014,0.117307692,0,0,0.55,0.153846154,0,0,0,0,0,0,0,0,0,0,0,0,37.87590437,68.17582468,47.4017857,35.44444444,177.5,145.4615385,17.76470588,17.25925926,15.625
370,1979,79186,790719,2,20.4216,4,65.1,28.2,80,NA,NA,NA,NA,NA,NA,NA,0,3.6176,3.094,2.6656,3.8556,8.996572028,15.89310932,7.467261905,5.333333333,17.8,19.23076923,14.23529412,35.25925926,3.5,0.063986014,0.117307692,0,0,0.55,0.153846154,0,0,0,0,0,0,0,0,0,0,0,0,37.87590437,68.17582468,47.4017857,35.44444444,177.5,145.4615385,17.76470588,17.25925926,15.625
371,1979,79189,790719,2,19.5072,3,65.1,27.8,48,NA,NA,NA,NA,NA,NA,NA,0,3.6176,3.094,2.6656,3.8556,8.996572028,15.89310932,7.467261905,5.333333333,17.8,19.23076923,14.23529412,35.25925926,3.5,0.063986014,0.117307692,0,0,0.55,0.153846154,0,0,0,0,0,0,0,0,0,0,0,0,37.87590437,68.17582468,47.4017857,35.44444444,177.5,145.4615385,17.76470588,17.25925926,15.625
372,1979,79191,790720,2,18.8976,9-Mar,65.4,27.2,60,NA,NA,NA,NA,NA,NA,NA,1,3.6176,3.094,2.6656,3.8556,8.996572028,15.89310932,7.467261905,5.333333333,17.8,19.23076923,14.23529412,35.25925926,3.5,0.063986014,0.117307692,0,0,0.55,0.153846154,0,0,0,0,0,0,0,0,0,0,0,0,37.87590437,68.17582468,47.4017857,35.44444444,177.5,145.4615385,17.76470588,17.25925926,15.625
373,1979,79192,790721,2,18.288,9,65.6,27.2,79,NA,NA,NA,NA,NA,NA,NA,1,3.6176,3.094,2.6656,3.8556,8.996572028,15.89310932,7.467261905,5.333333333,17.8,19.23076923,14.23529412,35.25925926,3.5,0.063986014,0.117307692,0,0,0.55,0.153846154,0,0,0,0,0,0,0,0,0,0,0,0,37.87590437,68.17582468,47.4017857,35.44444444,177.5,145.4615385,17.76470588,17.25925926,15.625
374,1979,79193,790721,2,19.2024,9,65.6,27.2,73,NA,NA,NA,NA,NA,NA,NA,1,3.6176,3.094,2.6656,3.8556,8.996572028,15.89310932,7.467261905,5.333333333,17.8,19.23076923,14.23529412,35.25925926,3.5,0.063986014,0.117307692,0,0,0.55,0.153846154,0,0,0,0,0,0,0,0,0,0,0,0,37.87590437,68.17582468,47.4017857,35.44444444,177.5,145.4615385,17.76470588,17.25925926,15.625
375,1979,79194,790721,2,18.8976,9,65.6,27.2,69,NA,NA,NA,NA,NA,NA,NA,1,3.6176,3.094,2.6656,3.8556,8.996572028,15.89310932,7.467261905,5.333333333,17.8,19.23076923,14.23529412,35.25925926,3.5,0.063986014,0.117307692,0,0,0.55,0.153846154,0,0,0,0,0,0,0,0,0,0,0,0,37.87590437,68.17582468,47.4017857,35.44444444,177.5,145.4615385,17.76470588,17.25925926,15.625
376,1979,79195,790721,2,18.8976,9,65.6,27.5,84,NA,NA,NA,NA,NA,NA,NA,1,3.6176,3.094,2.6656,3.8556,8.996572028,15.89310932,7.467261905,5.333333333,17.8,19.23076923,14.23529412,35.25925926,3.5,0.063986014,0.117307692,0,0,0.55,0.153846154,0,0,0,0,0,0,0,0,0,0,0,0,37.87590437,68.17582468,47.4017857,35.44444444,177.5,145.4615385,17.76470588,17.25925926,15.625
377,1979,79197,790721,2,19.5072,9,65.6,27.8,82,NA,NA,NA,NA,NA,NA,NA,1,3.6176,3.094,2.6656,3.8556,8.996572028,15.89310932,7.467261905,5.333333333,17.8,19.23076923,14.23529412,35.25925926,3.5,0.063986014,0.117307692,0,0,0.55,0.153846154,0,0,0,0,0,0,0,0,0,0,0,0,37.87590437,68.17582468,47.4017857,35.44444444,177.5,145.4615385,17.76470588,17.25925926,15.625
378,1979,79199,790722,2,18.8976,9,65.6,26.8,60,NA,NA,NA,NA,NA,NA,NA,1,3.6176,3.094,2.6656,3.8556,8.996572028,15.89310932,7.467261905,5.333333333,17.8,19.23076923,14.23529412,35.25925926,3.5,0.063986014,0.117307692,0,0,0.55,0.153846154,0,0,0,0,0,0,0,0,0,0,0,0,37.87590437,68.17582468,47.4017857,35.44444444,177.5,145.4615385,17.76470588,17.25925926,15.625
379,1979,79203,790722,2,18.8976,4,65.6,27.2,88,NA,NA,NA,NA,NA,NA,NA,0,3.6176,3.094,2.6656,3.8556,8.996572028,15.89310932,7.467261905,5.333333333,17.8,19.23076923,14.23529412,35.25925926,3.5,0.063986014,0.117307692,0,0,0.55,0.153846154,0,0,0,0,0,0,0,0,0,0,0,0,37.87590437,68.17582468,47.4017857,35.44444444,177.5,145.4615385,17.76470588,17.25925926,15.625
380,1979,79214,790724,2,19.5072,9,65.9,26.8,101,NA,NA,NA,NA,NA,NA,NA,1,3.6176,3.094,2.6656,3.8556,8.996572028,15.89310932,7.467261905,5.333333333,17.8,19.23076923,14.23529412,35.25925926,3.5,0.063986014,0.117307692,0,0,0.55,0.153846154,0,0,0,0,0,0,0,0,0,0,0,0,37.87590437,68.17582468,47.4017857,35.44444444,177.5,145.4615385,17.76470588,17.25925926,15.625
381,1979,79216,790726,2,20.4216,9,66.1,26.8,79,NA,NA,NA,NA,NA,NA,NA,1,3.6176,3.094,2.6656,3.8556,8.996572028,15.89310932,7.467261905,5.333333333,17.8,19.23076923,14.23529412,35.25925926,3.5,0.063986014,0.117307692,0,0,0.55,0.153846154,0,0,0,0,0,0,0,0,0,0,0,0,37.87590437,68.17582468,47.4017857,35.44444444,177.5,145.4615385,17.76470588,17.25925926,15.625
382,1979,79219,790726,2,19.812,9,63.6,26.8,71,NA,NA,NA,NA,NA,NA,NA,1,3.6176,3.094,2.6656,3.8556,8.996572028,15.89310932,7.467261905,5.333333333,17.8,19.23076923,14.23529412,35.25925926,3.5,0.063986014,0.117307692,0,0,0.55,0.153846154,0,0,0,0,0,0,0,0,0,0,0,0,37.87590437,68.17582468,47.4017857,35.44444444,177.5,145.4615385,17.76470588,17.25925926,15.625
383,1979,79226,790728,2,19.812,5.3,64.25,27.8,90,90,NA,NA,NA,NA,NA,NA,1,3.6176,3.094,2.6656,3.8556,8.996572028,15.89310932,7.467261905,5.333333333,17.8,19.23076923,14.23529412,35.25925926,3.5,0.063986014,0.117307692,0,0,0.55,0.153846154,0,0,0,0,0,0,0,0,0,0,0,0,37.87590437,68.17582468,47.4017857,35.44444444,177.5,145.4615385,17.76470588,17.25925926,15.625
384,1979,79229,790728,2,19.5072,3,65.4,27.8,45,55,NA,NA,NA,NA,NA,NA,0,3.6176,3.094,2.6656,3.8556,8.996572028,15.89310932,7.467261905,5.333333333,17.8,19.23076923,14.23529412,35.25925926,3.5,0.063986014,0.117307692,0,0,0.55,0.153846154,0,0,0,0,0,0,0,0,0,0,0,0,37.87590437,68.17582468,47.4017857,35.44444444,177.5,145.4615385,17.76470588,17.25925926,15.625
385,1979,79231,790730,2,20.1168,6.4,64.1,28.2,90,40,NA,NA,NA,NA,NA,NA,0,3.6176,3.094,2.6656,3.8556,8.996572028,15.89310932,7.467261905,5.333333333,17.8,19.23076923,14.23529412,35.25925926,3.5,0.063986014,0.117307692,0,0,0.55,0.153846154,0,0,0,0,0,0,0,0,0,0,0,0,37.87590437,68.17582468,47.4017857,35.44444444,177.5,145.4615385,17.76470588,17.25925926,15.625
386,1979,79233,790730,2,21.336,5.3-,64.4,27.8,90,70,NA,NA,NA,NA,NA,NA,1,3.6176,3.094,2.6656,3.8556,8.996572028,15.89310932,7.467261905,5.333333333,17.8,19.23076923,14.23529412,35.25925926,3.5,0.063986014,0.117307692,0,0,0.55,0.153846154,0,0,0,0,0,0,0,0,0,0,0,0,37.87590437,68.17582468,47.4017857,35.44444444,177.5,145.4615385,17.76470588,17.25925926,15.625
387,1979,79238,790801,2,19.812,4,65.6,28.2,60,55,NA,NA,NA,NA,NA,NA,0,3.6176,3.094,2.6656,3.8556,8.996572028,15.89310932,7.467261905,5.333333333,17.8,19.23076923,14.23529412,35.25925926,3.5,0.063986014,0.117307692,0,0,0.55,0.153846154,0,0,0,0,0,0,0,0,0,0,0,0,37.87590437,68.17582468,47.4017857,35.44444444,177.5,145.4615385,17.76470588,17.25925926,15.625
388,1979,79240,790802,2,21.6408,5.3-,62.9,25.5,60,70,NA,NA,NA,NA,NA,NA,1,3.6176,3.094,2.6656,3.8556,8.996572028,15.89310932,7.467261905,5.333333333,17.8,19.23076923,14.23529412,35.25925926,3.5,0.063986014,0.117307692,0,0,0.55,0.153846154,0,0,0,0,0,0,0,0,0,0,0,0,37.87590437,68.17582468,47.4017857,35.44444444,177.5,145.4615385,17.76470588,17.25925926,15.625
389,1979,79244,790803,2,19.5072,5.1-,62.6,25.5,70,70,NA,NA,NA,NA,NA,NA,1,3.6176,3.094,2.6656,3.8556,8.996572028,15.89310932,7.467261905,5.333333333,17.8,19.23076923,14.23529412,35.25925926,3.5,0.063986014,0.117307692,0,0,0.55,0.153846154,0,0,0,0,0,0,0,0,0,0,0,0,37.87590437,68.17582468,47.4017857,35.44444444,177.5,145.4615385,17.76470588,17.25925926,15.625
390,1979,79255,790805,2,19.5072,4,65.9,27.2,45,45,NA,NA,NA,NA,NA,NA,0,3.6176,3.094,2.6656,3.8556,8.996572028,15.89310932,7.467261905,5.333333333,17.8,19.23076923,14.23529412,35.25925926,3.5,0.063986014,0.117307692,0,0,0.55,0.153846154,0,0,0,0,0,0,0,0,0,0,0,0,37.87590437,68.17582468,47.4017857,35.44444444,177.5,145.4615385,17.76470588,17.25925926,15.625
391,1979,79263,790807,2,18.288,4,62.9,23.2,50,60,NA,NA,NA,NA,NA,NA,0,3.6176,3.094,2.6656,3.8556,8.996572028,15.89310932,7.467261905,5.333333333,17.8,19.23076923,14.23529412,35.25925926,3.5,0.063986014,0.117307692,0,0,0.55,0.153846154,0,0,0,0,0,0,0,0,0,0,0,0,37.87590437,68.17582468,47.4017857,35.44444444,177.5,145.4615385,17.76470588,17.25925926,15.625
392,1979,79279,790811,2,19.5072,5.3-,65.1,28.8,70,60,NA,NA,NA,NA,NA,NA,1,3.6176,3.094,2.6656,3.8556,8.996572028,15.89310932,7.467261905,5.333333333,17.8,19.23076923,14.23529412,35.25925926,3.5,0.063986014,0.117307692,0,0,0.55,0.153846154,0,0,0,0,0,0,0,0,0,0,0,0,37.87590437,68.17582468,47.4017857,35.44444444,177.5,145.4615385,17.76470588,17.25925926,15.625
393,1979,79285,790813,2,18.5928,5.3-,65.9,28.8,70,65,NA,NA,NA,NA,NA,NA,1,3.6176,3.094,2.6656,3.8556,8.996572028,15.89310932,7.467261905,5.333333333,17.8,19.23076923,14.23529412,35.25925926,3.5,0.063986014,0.117307692,0,0,0.55,0.153846154,0,0,0,0,0,0,0,0,0,0,0,0,37.87590437,68.17582468,47.4017857,35.44444444,177.5,145.4615385,17.76470588,17.25925926,15.625
394,1979,79300,790816,2,17.6784,5.3-,66.4,26.2,65,90,NA,NA,NA,NA,NA,NA,1,3.6176,3.094,2.6656,3.8556,8.996572028,15.89310932,7.467261905,5.333333333,17.8,19.23076923,14.23529412,35.25925926,3.5,0.063986014,0.117307692,0,0,0.55,0.153846154,0,0,0,0,0,0,0,0,0,0,0,0,37.87590437,68.17582468,47.4017857,35.44444444,177.5,145.4615385,17.76470588,17.25925926,15.625
395,1979,79301,790816,2,19.5072,9,66.6,26.2,60,120,NA,NA,NA,NA,NA,NA,1,3.6176,3.094,2.6656,3.8556,8.996572028,15.89310932,7.467261905,5.333333333,17.8,19.23076923,14.23529412,35.25925926,3.5,0.063986014,0.117307692,0,0,0.55,0.153846154,0,0,0,0,0,0,0,0,0,0,0,0,37.87590437,68.17582468,47.4017857,35.44444444,177.5,145.4615385,17.76470588,17.25925926,15.625
396,1979,79131,790708,2,18.288,9,64.1,28.2,67,NA,NA,NA,NA,NA,NA,NA,1,3.6176,3.094,2.6656,3.8556,8.996572028,15.89310932,7.467261905,5.333333333,17.8,19.23076923,14.23529412,35.25925926,3.5,0.063986014,0.117307692,0,0,0.55,0.153846154,0,0,0,0,0,0,0,0,0,0,0,0,37.87590437,68.17582468,47.4017857,35.44444444,177.5,145.4615385,17.76470588,17.25925926,15.625
397,1979,79132,790708,2,19.5072,4,64.1,28.2,54,NA,NA,NA,NA,NA,NA,NA,0,3.6176,3.094,2.6656,3.8556,8.996572028,15.89310932,7.467261905,5.333333333,17.8,19.23076923,14.23529412,35.25925926,3.5,0.063986014,0.117307692,0,0,0.55,0.153846154,0,0,0,0,0,0,0,0,0,0,0,0,37.87590437,68.17582468,47.4017857,35.44444444,177.5,145.4615385,17.76470588,17.25925926,15.625
398,1979,79136,790710,2,18.8976,9,64.1,28.2,92,NA,NA,NA,NA,NA,NA,NA,1,3.6176,3.094,2.6656,3.8556,8.996572028,15.89310932,7.467261905,5.333333333,17.8,19.23076923,14.23529412,35.25925926,3.5,0.063986014,0.117307692,0,0,0.55,0.153846154,0,0,0,0,0,0,0,0,0,0,0,0,37.87590437,68.17582468,47.4017857,35.44444444,177.5,145.4615385,17.76470588,17.25925926,15.625
399,1979,79137,790710,2,19.812,3,64.4,27.8,94,NA,NA,NA,NA,NA,NA,NA,0,3.6176,3.094,2.6656,3.8556,8.996572028,15.89310932,7.467261905,5.333333333,17.8,19.23076923,14.23529412,35.25925926,3.5,0.063986014,0.117307692,0,0,0.55,0.153846154,0,0,0,0,0,0,0,0,0,0,0,0,37.87590437,68.17582468,47.4017857,35.44444444,177.5,145.4615385,17.76470588,17.25925926,15.625
400,1979,79333,790821,2,18.8976,4,62.6,26.2,30,40,NA,NA,NA,NA,NA,NA,0,3.6176,3.094,2.6656,3.8556,8.996572028,15.89310932,7.467261905,5.333333333,17.8,19.23076923,14.23529412,35.25925926,3.5,0.063986014,0.117307692,0,0,0.55,0.153846154,0,0,0,0,0,0,0,0,0,0,0,0,37.87590437,68.17582468,47.4017857,35.44444444,177.5,145.4615385,17.76470588,17.25925926,15.625
401,1979,79396,790908,2,21.0312,5.2-,65.4,27.8,NA,NA,NA,NA,NA,NA,NA,NA,1,3.6176,3.094,2.6656,3.8556,8.996572028,15.89310932,7.467261905,5.333333333,17.8,19.23076923,14.23529412,35.25925926,3.5,0.063986014,0.117307692,0,0,0.55,0.153846154,0,0,0,0,0,0,0,0,0,0,0,0,37.87590437,68.17582468,47.4017857,35.44444444,177.5,145.4615385,17.76470588,17.25925926,15.625
402,1979,79411,790912,2,19.5072,4,62.6,26.2,72,105,NA,NA,NA,NA,NA,NA,0,3.6176,3.094,2.6656,3.8556,8.996572028,15.89310932,7.467261905,5.333333333,17.8,19.23076923,14.23529412,35.25925926,3.5,0.063986014,0.117307692,0,0,0.55,0.153846154,0,0,0,0,0,0,0,0,0,0,0,0,37.87590437,68.17582468,47.4017857,35.44444444,177.5,145.4615385,17.76470588,17.25925926,15.625
403,1979,79412,790912,2,20.7264,9,65.6,27.8,93,150,NA,NA,NA,NA,NA,NA,1,3.6176,3.094,2.6656,3.8556,8.996572028,15.89310932,7.467261905,5.333333333,17.8,19.23076923,14.23529412,35.25925926,3.5,0.063986014,0.117307692,0,0,0.55,0.153846154,0,0,0,0,0,0,0,0,0,0,0,0,37.87590437,68.17582468,47.4017857,35.44444444,177.5,145.4615385,17.76470588,17.25925926,15.625
404,1979,79413,790914,2,19.2024,4,62.6,25.8,NA,NA,NA,NA,NA,NA,NA,NA,0,3.6176,3.094,2.6656,3.8556,8.996572028,15.89310932,7.467261905,5.333333333,17.8,19.23076923,14.23529412,35.25925926,3.5,0.063986014,0.117307692,0,0,0.55,0.153846154,0,0,0,0,0,0,0,0,0,0,0,0,37.87590437,68.17582468,47.4017857,35.44444444,177.5,145.4615385,17.76470588,17.25925926,15.625
405,1980,80006,800603,2,20.4216,9,63.6,28.8,NA,NA,NA,NA,NA,NA,NA,NA,1,3.1416,2.0468,3.6176,3.094,8.398551885,13.81341281,15.89310932,4.444444444,14,17.6,17.23076923,17.5,12.10526316,0,0,0.117307692,0,0,0,0,0,0,0,0,0,0,0,0,0,0,0,29.86081214,49.23004948,68.17582468,6.333333333,72.4,110.4,25.61538462,28,52.63157895
406,1980,80007,800603,2,18.8976,9,63.9,28.2,NA,NA,NA,NA,NA,NA,NA,NA,1,3.1416,2.0468,3.6176,3.094,8.398551885,13.81341281,15.89310932,4.444444444,14,17.6,17.23076923,17.5,12.10526316,0,0,0.117307692,0,0,0,0,0,0,0,0,0,0,0,0,0,0,0,29.86081214,49.23004948,68.17582468,6.333333333,72.4,110.4,25.61538462,28,52.63157895
407,1980,80009,800604,2,19.5072,9,63.6,28.2,NA,NA,NA,NA,NA,NA,NA,NA,1,3.1416,2.0468,3.6176,3.094,8.398551885,13.81341281,15.89310932,4.444444444,14,17.6,17.23076923,17.5,12.10526316,0,0,0.117307692,0,0,0,0,0,0,0,0,0,0,0,0,0,0,0,29.86081214,49.23004948,68.17582468,6.333333333,72.4,110.4,25.61538462,28,52.63157895
408,1980,80034,800610,2,19.812,4,64.4,28.2,35,65,NA,NA,NA,NA,NA,NA,0,3.1416,2.0468,3.6176,3.094,8.398551885,13.81341281,15.89310932,4.444444444,14,17.6,17.23076923,17.5,12.10526316,0,0,0.117307692,0,0,0,0,0,0,0,0,0,0,0,0,0,0,0,29.86081214,49.23004948,68.17582468,6.333333333,72.4,110.4,25.61538462,28,52.63157895
409,1980,80089,800619,2,20.4216,5.1-,63.9,27.8,60,110,NA,NA,NA,NA,NA,NA,1,3.1416,2.0468,3.6176,3.094,8.398551885,13.81341281,15.89310932,4.444444444,14,17.6,17.23076923,17.5,12.10526316,0,0,0.117307692,0,0,0,0,0,0,0,0,0,0,0,0,0,0,0,29.86081214,49.23004948,68.17582468,6.333333333,72.4,110.4,25.61538462,28,52.63157895
410,1980,80020,800607,2,19.5072,4,63.25,27.8,NA,NA,NA,NA,NA,NA,NA,NA,0,3.1416,2.0468,3.6176,3.094,8.398551885,13.81341281,15.89310932,4.444444444,14,17.6,17.23076923,17.5,12.10526316,0,0,0.117307692,0,0,0,0,0,0,0,0,0,0,0,0,0,0,0,29.86081214,49.23004948,68.17582468,6.333333333,72.4,110.4,25.61538462,28,52.63157895
411,1980,80022,800607,2,19.812,9,64.1,27.8,NA,NA,NA,NA,NA,NA,NA,NA,1,3.1416,2.0468,3.6176,3.094,8.398551885,13.81341281,15.89310932,4.444444444,14,17.6,17.23076923,17.5,12.10526316,0,0,0.117307692,0,0,0,0,0,0,0,0,0,0,0,0,0,0,0,29.86081214,49.23004948,68.17582468,6.333333333,72.4,110.4,25.61538462,28,52.63157895
412,1980,80025,800608,2,17.9832,5.1,63.4,27.8,NA,NA,NA,NA,NA,NA,NA,NA,1,3.1416,2.0468,3.6176,3.094,8.398551885,13.81341281,15.89310932,4.444444444,14,17.6,17.23076923,17.5,12.10526316,0,0,0.117307692,0,0,0,0,0,0,0,0,0,0,0,0,0,0,0,29.86081214,49.23004948,68.17582468,6.333333333,72.4,110.4,25.61538462,28,52.63157895
413,1980,80044,800612,2,19.812,9,65.4,29.2,NA,NA,NA,NA,NA,NA,NA,NA,1,3.1416,2.0468,3.6176,3.094,8.398551885,13.81341281,15.89310932,4.444444444,14,17.6,17.23076923,17.5,12.10526316,0,0,0.117307692,0,0,0,0,0,0,0,0,0,0,0,0,0,0,0,29.86081214,49.23004948,68.17582468,6.333333333,72.4,110.4,25.61538462,28,52.63157895
414,1980,80049,800613,2,17.9832,4,65.1,28.8,50,50,NA,NA,NA,NA,NA,NA,0,3.1416,2.0468,3.6176,3.094,8.398551885,13.81341281,15.89310932,4.444444444,14,17.6,17.23076923,17.5,12.10526316,0,0,0.117307692,0,0,0,0,0,0,0,0,0,0,0,0,0,0,0,29.86081214,49.23004948,68.17582468,6.333333333,72.4,110.4,25.61538462,28,52.63157895
415,1980,80054,800614,2,18.8976,4,64.1,27.2,70,80,NA,NA,NA,NA,NA,NA,0,3.1416,2.0468,3.6176,3.094,8.398551885,13.81341281,15.89310932,4.444444444,14,17.6,17.23076923,17.5,12.10526316,0,0,0.117307692,0,0,0,0,0,0,0,0,0,0,0,0,0,0,0,29.86081214,49.23004948,68.17582468,6.333333333,72.4,110.4,25.61538462,28,52.63157895
416,1980,80012,800605,2,19.5072,3,63.1,27.8,NA,NA,NA,NA,NA,NA,NA,NA,0,3.1416,2.0468,3.6176,3.094,8.398551885,13.81341281,15.89310932,4.444444444,14,17.6,17.23076923,17.5,12.10526316,0,0,0.117307692,0,0,0,0,0,0,0,0,0,0,0,0,0,0,0,29.86081214,49.23004948,68.17582468,6.333333333,72.4,110.4,25.61538462,28,52.63157895
417,1980,80115,800626,2,18.8976,4,63.9,27.2,NA,NA,NA,NA,NA,NA,NA,NA,0,3.1416,2.0468,3.6176,3.094,8.398551885,13.81341281,15.89310932,4.444444444,14,17.6,17.23076923,17.5,12.10526316,0,0,0.117307692,0,0,0,0,0,0,0,0,0,0,0,0,0,0,0,29.86081214,49.23004948,68.17582468,6.333333333,72.4,110.4,25.61538462,28,52.63157895
418,1980,80068,800616,2,17.9832,4,63.9,27.2,40,50,NA,NA,NA,NA,NA,NA,0,3.1416,2.0468,3.6176,3.094,8.398551885,13.81341281,15.89310932,4.444444444,14,17.6,17.23076923,17.5,12.10526316,0,0,0.117307692,0,0,0,0,0,0,0,0,0,0,0,0,0,0,0,29.86081214,49.23004948,68.17582468,6.333333333,72.4,110.4,25.61538462,28,52.63157895
419,1980,80028,800608,2,21.0312,4,63.1,27.2,NA,NA,NA,NA,NA,NA,NA,NA,0,3.1416,2.0468,3.6176,3.094,8.398551885,13.81341281,15.89310932,4.444444444,14,17.6,17.23076923,17.5,12.10526316,0,0,0.117307692,0,0,0,0,0,0,0,0,0,0,0,0,0,0,0,29.86081214,49.23004948,68.17582468,6.333333333,72.4,110.4,25.61538462,28,52.63157895
420,1980,80032,800609,2,20.4216,5.2-,64.4,28.2,60,80,NA,NA,NA,NA,NA,NA,1,3.1416,2.0468,3.6176,3.094,8.398551885,13.81341281,15.89310932,4.444444444,14,17.6,17.23076923,17.5,12.10526316,0,0,0.117307692,0,0,0,0,0,0,0,0,0,0,0,0,0,0,0,29.86081214,49.23004948,68.17582468,6.333333333,72.4,110.4,25.61538462,28,52.63157895
421,1980,80086,800619,2,18.288,5,63.9,27.8,60,70,NA,NA,NA,NA,NA,NA,1,3.1416,2.0468,3.6176,3.094,8.398551885,13.81341281,15.89310932,4.444444444,14,17.6,17.23076923,17.5,12.10526316,0,0,0.117307692,0,0,0,0,0,0,0,0,0,0,0,0,0,0,0,29.86081214,49.23004948,68.17582468,6.333333333,72.4,110.4,25.61538462,28,52.63157895
422,1980,80060,800615,2,19.812,4,64.6,28.8,50,60,NA,NA,NA,NA,NA,NA,0,3.1416,2.0468,3.6176,3.094,8.398551885,13.81341281,15.89310932,4.444444444,14,17.6,17.23076923,17.5,12.10526316,0,0,0.117307692,0,0,0,0,0,0,0,0,0,0,0,0,0,0,0,29.86081214,49.23004948,68.17582468,6.333333333,72.4,110.4,25.61538462,28,52.63157895
423,1980,80061,800615,2,20.4216,9,64.4,28.8,60,70,NA,NA,NA,NA,NA,NA,1,3.1416,2.0468,3.6176,3.094,8.398551885,13.81341281,15.89310932,4.444444444,14,17.6,17.23076923,17.5,12.10526316,0,0,0.117307692,0,0,0,0,0,0,0,0,0,0,0,0,0,0,0,29.86081214,49.23004948,68.17582468,6.333333333,72.4,110.4,25.61538462,28,52.63157895
424,1980,80066,800616,2,19.2024,4,63.6,27.2,40,60,NA,NA,NA,NA,NA,NA,0,3.1416,2.0468,3.6176,3.094,8.398551885,13.81341281,15.89310932,4.444444444,14,17.6,17.23076923,17.5,12.10526316,0,0,0.117307692,0,0,0,0,0,0,0,0,0,0,0,0,0,0,0,29.86081214,49.23004948,68.17582468,6.333333333,72.4,110.4,25.61538462,28,52.63157895
425,1980,80043,800612,2,20.1168,9,63.4,27.8,60,100,NA,NA,NA,NA,NA,NA,1,3.1416,2.0468,3.6176,3.094,8.398551885,13.81341281,15.89310932,4.444444444,14,17.6,17.23076923,17.5,12.10526316,0,0,0.117307692,0,0,0,0,0,0,0,0,0,0,0,0,0,0,0,29.86081214,49.23004948,68.17582468,6.333333333,72.4,110.4,25.61538462,28,52.63157895
426,1980,80093,800620,2,18.288,4,64.4,28.2,NA,NA,NA,NA,NA,NA,NA,NA,0,3.1416,2.0468,3.6176,3.094,8.398551885,13.81341281,15.89310932,4.444444444,14,17.6,17.23076923,17.5,12.10526316,0,0,0.117307692,0,0,0,0,0,0,0,0,0,0,0,0,0,0,0,29.86081214,49.23004948,68.17582468,6.333333333,72.4,110.4,25.61538462,28,52.63157895
427,1980,80097,800621,2,19.5072,4,63.6,27.8,40,50,NA,NA,NA,NA,NA,NA,0,3.1416,2.0468,3.6176,3.094,8.398551885,13.81341281,15.89310932,4.444444444,14,17.6,17.23076923,17.5,12.10526316,0,0,0.117307692,0,0,0,0,0,0,0,0,0,0,0,0,0,0,0,29.86081214,49.23004948,68.17582468,6.333333333,72.4,110.4,25.61538462,28,52.63157895
428,1980,80102,800623,2,19.812,5,63.75,27.5,80,60,NA,NA,NA,NA,NA,NA,1,3.1416,2.0468,3.6176,3.094,8.398551885,13.81341281,15.89310932,4.444444444,14,17.6,17.23076923,17.5,12.10526316,0,0,0.117307692,0,0,0,0,0,0,0,0,0,0,0,0,0,0,0,29.86081214,49.23004948,68.17582468,6.333333333,72.4,110.4,25.61538462,28,52.63157895
429,1980,80059,800615,2,19.2024,5.3,63.6,27.2,70,80,NA,NA,NA,NA,NA,NA,1,3.1416,2.0468,3.6176,3.094,8.398551885,13.81341281,15.89310932,4.444444444,14,17.6,17.23076923,17.5,12.10526316,0,0,0.117307692,0,0,0,0,0,0,0,0,0,0,0,0,0,0,0,29.86081214,49.23004948,68.17582468,6.333333333,72.4,110.4,25.61538462,28,52.63157895
430,1980,80018,800607,2,19.2024,9,63.9,27.8,NA,NA,NA,NA,NA,NA,NA,NA,1,3.1416,2.0468,3.6176,3.094,8.398551885,13.81341281,15.89310932,4.444444444,14,17.6,17.23076923,17.5,12.10526316,0,0,0.117307692,0,0,0,0,0,0,0,0,0,0,0,0,0,0,0,29.86081214,49.23004948,68.17582468,6.333333333,72.4,110.4,25.61538462,28,52.63157895
431,1980,80118,800626,2,18.5928,3,63.4,25.8,NA,NA,NA,NA,NA,NA,NA,NA,0,3.1416,2.0468,3.6176,3.094,8.398551885,13.81341281,15.89310932,4.444444444,14,17.6,17.23076923,17.5,12.10526316,0,0,0.117307692,0,0,0,0,0,0,0,0,0,0,0,0,0,0,0,29.86081214,49.23004948,68.17582468,6.333333333,72.4,110.4,25.61538462,28,52.63157895
432,1980,80081,800618,2,18.5928,5,64.1,27.2,NA,90,NA,NA,NA,NA,NA,NA,1,3.1416,2.0468,3.6176,3.094,8.398551885,13.81341281,15.89310932,4.444444444,14,17.6,17.23076923,17.5,12.10526316,0,0,0.117307692,0,0,0,0,0,0,0,0,0,0,0,0,0,0,0,29.86081214,49.23004948,68.17582468,6.333333333,72.4,110.4,25.61538462,28,52.63157895
433,1980,80082,800618,2,18.8976,5,64.1,27.2,50,40,NA,NA,NA,NA,NA,NA,1,3.1416,2.0468,3.6176,3.094,8.398551885,13.81341281,15.89310932,4.444444444,14,17.6,17.23076923,17.5,12.10526316,0,0,0.117307692,0,0,0,0,0,0,0,0,0,0,0,0,0,0,0,29.86081214,49.23004948,68.17582468,6.333333333,72.4,110.4,25.61538462,28,52.63157895
434,1980,80104,800623,2,20.1168,6.4,63.9,27.2,70,55,NA,NA,NA,NA,NA,NA,0,3.1416,2.0468,3.6176,3.094,8.398551885,13.81341281,15.89310932,4.444444444,14,17.6,17.23076923,17.5,12.10526316,0,0,0.117307692,0,0,0,0,0,0,0,0,0,0,0,0,0,0,0,29.86081214,49.23004948,68.17582468,6.333333333,72.4,110.4,25.61538462,28,52.63157895
435,1980,80106,800624,2,19.5072,4,63.4,25.8,65,60,NA,NA,NA,NA,NA,NA,0,3.1416,2.0468,3.6176,3.094,8.398551885,13.81341281,15.89310932,4.444444444,14,17.6,17.23076923,17.5,12.10526316,0,0,0.117307692,0,0,0,0,0,0,0,0,0,0,0,0,0,0,0,29.86081214,49.23004948,68.17582468,6.333333333,72.4,110.4,25.61538462,28,52.63157895
436,1980,80109,800624,2,19.5072,5,63.9,26.8,NA,NA,NA,NA,NA,NA,NA,NA,1,3.1416,2.0468,3.6176,3.094,8.398551885,13.81341281,15.89310932,4.444444444,14,17.6,17.23076923,17.5,12.10526316,0,0,0.117307692,0,0,0,0,0,0,0,0,0,0,0,0,0,0,0,29.86081214,49.23004948,68.17582468,6.333333333,72.4,110.4,25.61538462,28,52.63157895
437,1980,80037,800610,2,19.5072,9,64.1,28.5,65,70,NA,NA,NA,NA,NA,NA,1,3.1416,2.0468,3.6176,3.094,8.398551885,13.81341281,15.89310932,4.444444444,14,17.6,17.23076923,17.5,12.10526316,0,0,0.117307692,0,0,0,0,0,0,0,0,0,0,0,0,0,0,0,29.86081214,49.23004948,68.17582468,6.333333333,72.4,110.4,25.61538462,28,52.63157895
438,1980,80092,800620,2,19.5072,5,63.9,27.8,60,80,NA,NA,NA,NA,NA,NA,1,3.1416,2.0468,3.6176,3.094,8.398551885,13.81341281,15.89310932,4.444444444,14,17.6,17.23076923,17.5,12.10526316,0,0,0.117307692,0,0,0,0,0,0,0,0,0,0,0,0,0,0,0,29.86081214,49.23004948,68.17582468,6.333333333,72.4,110.4,25.61538462,28,52.63157895
439,1980,80002,800602,2,20.4216,9,63.4,28.8,NA,NA,NA,NA,NA,NA,NA,NA,1,3.1416,2.0468,3.6176,3.094,8.398551885,13.81341281,15.89310932,4.444444444,14,17.6,17.23076923,17.5,12.10526316,0,0,0.117307692,0,0,0,0,0,0,0,0,0,0,0,0,0,0,0,29.86081214,49.23004948,68.17582468,6.333333333,72.4,110.4,25.61538462,28,52.63157895
440,1980,80005,800602,2,21.336,4,63.4,28.2,NA,NA,NA,NA,NA,NA,NA,NA,0,3.1416,2.0468,3.6176,3.094,8.398551885,13.81341281,15.89310932,4.444444444,14,17.6,17.23076923,17.5,12.10526316,0,0,0.117307692,0,0,0,0,0,0,0,0,0,0,0,0,0,0,0,29.86081214,49.23004948,68.17582468,6.333333333,72.4,110.4,25.61538462,28,52.63157895
441,1980,80186,800710,2,19.5072,5.3,65.1,28.2,NA,70,NA,NA,NA,NA,NA,NA,1,3.1416,2.0468,3.6176,3.094,8.398551885,13.81341281,15.89310932,4.444444444,14,17.6,17.23076923,17.5,12.10526316,0,0,0.117307692,0,0,0,0,0,0,0,0,0,0,0,0,0,0,0,29.86081214,49.23004948,68.17582468,6.333333333,72.4,110.4,25.61538462,28,52.63157895
442,1980,80193,800713,2,16.764,4,65.6,28.2,50,55,NA,NA,NA,NA,NA,NA,0,3.1416,2.0468,3.6176,3.094,8.398551885,13.81341281,15.89310932,4.444444444,14,17.6,17.23076923,17.5,12.10526316,0,0,0.117307692,0,0,0,0,0,0,0,0,0,0,0,0,0,0,0,29.86081214,49.23004948,68.17582468,6.333333333,72.4,110.4,25.61538462,28,52.63157895
443,1980,80221,800721,2,18.8976,4,65.9,28.5,70,80,NA,NA,NA,NA,NA,NA,0,3.1416,2.0468,3.6176,3.094,8.398551885,13.81341281,15.89310932,4.444444444,14,17.6,17.23076923,17.5,12.10526316,0,0,0.117307692,0,0,0,0,0,0,0,0,0,0,0,0,0,0,0,29.86081214,49.23004948,68.17582468,6.333333333,72.4,110.4,25.61538462,28,52.63157895
444,1980,80223,800721,2,18.8976,3?,66.1,27.2,55,70,NA,NA,NA,NA,NA,NA,0,3.1416,2.0468,3.6176,3.094,8.398551885,13.81341281,15.89310932,4.444444444,14,17.6,17.23076923,17.5,12.10526316,0,0,0.117307692,0,0,0,0,0,0,0,0,0,0,0,0,0,0,0,29.86081214,49.23004948,68.17582468,6.333333333,72.4,110.4,25.61538462,28,52.63157895
445,1980,80231,800725,2,19.2024,5,65.4,29.2,75,50,NA,NA,NA,NA,NA,NA,1,3.1416,2.0468,3.6176,3.094,8.398551885,13.81341281,15.89310932,4.444444444,14,17.6,17.23076923,17.5,12.10526316,0,0,0.117307692,0,0,0,0,0,0,0,0,0,0,0,0,0,0,0,29.86081214,49.23004948,68.17582468,6.333333333,72.4,110.4,25.61538462,28,52.63157895
446,1980,80176,800708,2,19.812,5,63.6,28.2,60,80,NA,NA,NA,NA,NA,NA,1,3.1416,2.0468,3.6176,3.094,8.398551885,13.81341281,15.89310932,4.444444444,14,17.6,17.23076923,17.5,12.10526316,0,0,0.117307692,0,0,0,0,0,0,0,0,0,0,0,0,0,0,0,29.86081214,49.23004948,68.17582468,6.333333333,72.4,110.4,25.61538462,28,52.63157895
447,1980,80178,800708,2,18.288,3,63.6,28.2,65,70,NA,NA,NA,NA,NA,NA,0,3.1416,2.0468,3.6176,3.094,8.398551885,13.81341281,15.89310932,4.444444444,14,17.6,17.23076923,17.5,12.10526316,0,0,0.117307692,0,0,0,0,0,0,0,0,0,0,0,0,0,0,0,29.86081214,49.23004948,68.17582468,6.333333333,72.4,110.4,25.61538462,28,52.63157895
448,1980,80164,800705,2,19.812,5,63.4,26.8,50,60,NA,NA,NA,NA,NA,NA,1,3.1416,2.0468,3.6176,3.094,8.398551885,13.81341281,15.89310932,4.444444444,14,17.6,17.23076923,17.5,12.10526316,0,0,0.117307692,0,0,0,0,0,0,0,0,0,0,0,0,0,0,0,29.86081214,49.23004948,68.17582468,6.333333333,72.4,110.4,25.61538462,28,52.63157895
449,1980,80170,800706,2,21.9456,3,63.9,28.2,NA,NA,NA,NA,NA,NA,NA,NA,0,3.1416,2.0468,3.6176,3.094,8.398551885,13.81341281,15.89310932,4.444444444,14,17.6,17.23076923,17.5,12.10526316,0,0,0.117307692,0,0,0,0,0,0,0,0,0,0,0,0,0,0,0,29.86081214,49.23004948,68.17582468,6.333333333,72.4,110.4,25.61538462,28,52.63157895
450,1980,80181,800709,2,19.5072,4,63.9,28.8,NA,NA,NA,NA,NA,NA,NA,NA,0,3.1416,2.0468,3.6176,3.094,8.398551885,13.81341281,15.89310932,4.444444444,14,17.6,17.23076923,17.5,12.10526316,0,0,0.117307692,0,0,0,0,0,0,0,0,0,0,0,0,0,0,0,29.86081214,49.23004948,68.17582468,6.333333333,72.4,110.4,25.61538462,28,52.63157895
451,1980,80413,800903,2,20.4216,6.4,65.9,27.8,50,95,NA,NA,NA,NA,NA,NA,0,3.1416,2.0468,3.6176,3.094,8.398551885,13.81341281,15.89310932,4.444444444,14,17.6,17.23076923,17.5,12.10526316,0,0,0.117307692,0,0,0,0,0,0,0,0,0,0,0,0,0,0,0,29.86081214,49.23004948,68.17582468,6.333333333,72.4,110.4,25.61538462,28,52.63157895
452,1980,80428,800909,2,19.812,5.2-,66.9,24.8,60,100,NA,NA,NA,NA,NA,NA,1,3.1416,2.0468,3.6176,3.094,8.398551885,13.81341281,15.89310932,4.444444444,14,17.6,17.23076923,17.5,12.10526316,0,0,0.117307692,0,0,0,0,0,0,0,0,0,0,0,0,0,0,0,29.86081214,49.23004948,68.17582468,6.333333333,72.4,110.4,25.61538462,28,52.63157895
453,1980,80429,800911,2,19.5072,5.3-,67.1,24.2,90,95,NA,NA,NA,NA,NA,NA,1,3.1416,2.0468,3.6176,3.094,8.398551885,13.81341281,15.89310932,4.444444444,14,17.6,17.23076923,17.5,12.10526316,0,0,0.117307692,0,0,0,0,0,0,0,0,0,0,0,0,0,0,0,29.86081214,49.23004948,68.17582468,6.333333333,72.4,110.4,25.61538462,28,52.63157895
454,1980,80430,800913,2,19.2024,4,65.6,27.2,60,90,NA,NA,NA,NA,NA,NA,0,3.1416,2.0468,3.6176,3.094,8.398551885,13.81341281,15.89310932,4.444444444,14,17.6,17.23076923,17.5,12.10526316,0,0,0.117307692,0,0,0,0,0,0,0,0,0,0,0,0,0,0,0,29.86081214,49.23004948,68.17582468,6.333333333,72.4,110.4,25.61538462,28,52.63157895
455,1980,80431,800913,2,19.812,4,65.9,27.2,55,100,NA,NA,NA,NA,NA,NA,0,3.1416,2.0468,3.6176,3.094,8.398551885,13.81341281,15.89310932,4.444444444,14,17.6,17.23076923,17.5,12.10526316,0,0,0.117307692,0,0,0,0,0,0,0,0,0,0,0,0,0,0,0,29.86081214,49.23004948,68.17582468,6.333333333,72.4,110.4,25.61538462,28,52.63157895
456,1980,80145,800701,2,18.8976,4,63.6,26.8,55,65,NA,NA,NA,NA,NA,NA,0,3.1416,2.0468,3.6176,3.094,8.398551885,13.81341281,15.89310932,4.444444444,14,17.6,17.23076923,17.5,12.10526316,0,0,0.117307692,0,0,0,0,0,0,0,0,0,0,0,0,0,0,0,29.86081214,49.23004948,68.17582468,6.333333333,72.4,110.4,25.61538462,28,52.63157895
457,1980,80280,800812,2,19.5072,4,65.4,29.2,50,90,NA,NA,NA,NA,NA,NA,0,3.1416,2.0468,3.6176,3.094,8.398551885,13.81341281,15.89310932,4.444444444,14,17.6,17.23076923,17.5,12.10526316,0,0,0.117307692,0,0,0,0,0,0,0,0,0,0,0,0,0,0,0,29.86081214,49.23004948,68.17582468,6.333333333,72.4,110.4,25.61538462,28,52.63157895
458,1980,80313,800819,2,18.8976,5,66.9,25.2,55,100,NA,NA,NA,NA,NA,NA,1,3.1416,2.0468,3.6176,3.094,8.398551885,13.81341281,15.89310932,4.444444444,14,17.6,17.23076923,17.5,12.10526316,0,0,0.117307692,0,0,0,0,0,0,0,0,0,0,0,0,0,0,0,29.86081214,49.23004948,68.17582468,6.333333333,72.4,110.4,25.61538462,28,52.63157895
459,1980,80235,800725,2,19.5072,5,65.4,29.2,75,95,NA,NA,NA,NA,NA,NA,1,3.1416,2.0468,3.6176,3.094,8.398551885,13.81341281,15.89310932,4.444444444,14,17.6,17.23076923,17.5,12.10526316,0,0,0.117307692,0,0,0,0,0,0,0,0,0,0,0,0,0,0,0,29.86081214,49.23004948,68.17582468,6.333333333,72.4,110.4,25.61538462,28,52.63157895
460,1980,80263,800805,2,19.2024,5.1-,63.1,28.2,80,110,NA,NA,NA,NA,NA,NA,1,3.1416,2.0468,3.6176,3.094,8.398551885,13.81341281,15.89310932,4.444444444,14,17.6,17.23076923,17.5,12.10526316,0,0,0.117307692,0,0,0,0,0,0,0,0,0,0,0,0,0,0,0,29.86081214,49.23004948,68.17582468,6.333333333,72.4,110.4,25.61538462,28,52.63157895
461,1980,80319,800820,2,18.8976,5.1?,65.9,27.8,70,110,NA,NA,NA,NA,NA,NA,1,3.1416,2.0468,3.6176,3.094,8.398551885,13.81341281,15.89310932,4.444444444,14,17.6,17.23076923,17.5,12.10526316,0,0,0.117307692,0,0,0,0,0,0,0,0,0,0,0,0,0,0,0,29.86081214,49.23004948,68.17582468,6.333333333,72.4,110.4,25.61538462,28,52.63157895
462,1980,80133,800629,2,19.5072,5?,63.9,27.2,70,50,NA,NA,NA,NA,NA,NA,1,3.1416,2.0468,3.6176,3.094,8.398551885,13.81341281,15.89310932,4.444444444,14,17.6,17.23076923,17.5,12.10526316,0,0,0.117307692,0,0,0,0,0,0,0,0,0,0,0,0,0,0,0,29.86081214,49.23004948,68.17582468,6.333333333,72.4,110.4,25.61538462,28,52.63157895
463,1980,80140,800630,2,18.288,4,63.9,26.8,NA,NA,NA,NA,NA,NA,NA,NA,0,3.1416,2.0468,3.6176,3.094,8.398551885,13.81341281,15.89310932,4.444444444,14,17.6,17.23076923,17.5,12.10526316,0,0,0.117307692,0,0,0,0,0,0,0,0,0,0,0,0,0,0,0,29.86081214,49.23004948,68.17582468,6.333333333,72.4,110.4,25.61538462,28,52.63157895
464,1980,80131,800629,2,19.812,5,63.4,27.2,80,60,NA,NA,NA,NA,NA,NA,1,3.1416,2.0468,3.6176,3.094,8.398551885,13.81341281,15.89310932,4.444444444,14,17.6,17.23076923,17.5,12.10526316,0,0,0.117307692,0,0,0,0,0,0,0,0,0,0,0,0,0,0,0,29.86081214,49.23004948,68.17582468,6.333333333,72.4,110.4,25.61538462,28,52.63157895
465,1980,80132,800629,2,19.812,4,63.9,27.2,60,110,NA,NA,NA,NA,NA,NA,0,3.1416,2.0468,3.6176,3.094,8.398551885,13.81341281,15.89310932,4.444444444,14,17.6,17.23076923,17.5,12.10526316,0,0,0.117307692,0,0,0,0,0,0,0,0,0,0,0,0,0,0,0,29.86081214,49.23004948,68.17582468,6.333333333,72.4,110.4,25.61538462,28,52.63157895
466,1980,80143,800630,2,20.1168,3,63.6,27.8,NA,NA,NA,NA,NA,NA,NA,NA,0,3.1416,2.0468,3.6176,3.094,8.398551885,13.81341281,15.89310932,4.444444444,14,17.6,17.23076923,17.5,12.10526316,0,0,0.117307692,0,0,0,0,0,0,0,0,0,0,0,0,0,0,0,29.86081214,49.23004948,68.17582468,6.333333333,72.4,110.4,25.61538462,28,52.63157895
467,1980,80184,800710,2,20.1168,5,65.4,28.2,NA,NA,NA,NA,NA,NA,NA,NA,1,3.1416,2.0468,3.6176,3.094,8.398551885,13.81341281,15.89310932,4.444444444,14,17.6,17.23076923,17.5,12.10526316,0,0,0.117307692,0,0,0,0,0,0,0,0,0,0,0,0,0,0,0,29.86081214,49.23004948,68.17582468,6.333333333,72.4,110.4,25.61538462,28,52.63157895
468,1980,80157,800703,2,21.0312,3,63.1,26.8,70,90,NA,NA,NA,NA,NA,NA,0,3.1416,2.0468,3.6176,3.094,8.398551885,13.81341281,15.89310932,4.444444444,14,17.6,17.23076923,17.5,12.10526316,0,0,0.117307692,0,0,0,0,0,0,0,0,0,0,0,0,0,0,0,29.86081214,49.23004948,68.17582468,6.333333333,72.4,110.4,25.61538462,28,52.63157895
469,1980,80160,800704,2,18.5928,5,63.1,26.8,NA,NA,NA,NA,NA,NA,NA,NA,1,3.1416,2.0468,3.6176,3.094,8.398551885,13.81341281,15.89310932,4.444444444,14,17.6,17.23076923,17.5,12.10526316,0,0,0.117307692,0,0,0,0,0,0,0,0,0,0,0,0,0,0,0,29.86081214,49.23004948,68.17582468,6.333333333,72.4,110.4,25.61538462,28,52.63157895
470,1980,80149,800702,2,18.8976,4,63.6,27.8,45,50,NA,NA,NA,NA,NA,NA,0,3.1416,2.0468,3.6176,3.094,8.398551885,13.81341281,15.89310932,4.444444444,14,17.6,17.23076923,17.5,12.10526316,0,0,0.117307692,0,0,0,0,0,0,0,0,0,0,0,0,0,0,0,29.86081214,49.23004948,68.17582468,6.333333333,72.4,110.4,25.61538462,28,52.63157895
471,1980,80153,800702,2,19.812,5,63.6,27.8,75,90,NA,NA,NA,NA,NA,NA,1,3.1416,2.0468,3.6176,3.094,8.398551885,13.81341281,15.89310932,4.444444444,14,17.6,17.23076923,17.5,12.10526316,0,0,0.117307692,0,0,0,0,0,0,0,0,0,0,0,0,0,0,0,29.86081214,49.23004948,68.17582468,6.333333333,72.4,110.4,25.61538462,28,52.63157895
472,1980,80161,800704,2,18.8976,5.2,63.25,26.8,90,110,NA,NA,NA,NA,NA,NA,1,3.1416,2.0468,3.6176,3.094,8.398551885,13.81341281,15.89310932,4.444444444,14,17.6,17.23076923,17.5,12.10526316,0,0,0.117307692,0,0,0,0,0,0,0,0,0,0,0,0,0,0,0,29.86081214,49.23004948,68.17582468,6.333333333,72.4,110.4,25.61538462,28,52.63157895
473,1981,81003,810611,2,19.5072,5.3-,63.6,28.2,55,60,NA,NA,NA,NA,NA,NA,1,5.6168,1.19,3.1416,2.0468,11.72343915,15.28264109,13.81341281,4.642857143,15.36,5.037037037,23.06666667,37.375,6.214285714,0.01,0.013333333,0,0,0.08,0,0,0,0,0,0,0,0,0,0,0,0,0,17.95494048,23.24825397,49.23004948,31.5,41.08,28,34.26666667,3,1.642857143
474,1981,81012,810616,2,20.7264,5,63.1,25.2,65,77,NA,NA,NA,NA,NA,NA,1,5.6168,1.19,3.1416,2.0468,11.72343915,15.28264109,13.81341281,4.642857143,15.36,5.037037037,23.06666667,37.375,6.214285714,0.01,0.013333333,0,0,0.08,0,0,0,0,0,0,0,0,0,0,0,0,0,17.95494048,23.24825397,49.23004948,31.5,41.08,28,34.26666667,3,1.642857143
475,1981,81014,810615,2,18.5928,5,64.1,27.8,50,60,NA,NA,NA,NA,NA,NA,1,5.6168,1.19,3.1416,2.0468,11.72343915,15.28264109,13.81341281,4.642857143,15.36,5.037037037,23.06666667,37.375,6.214285714,0.01,0.013333333,0,0,0.08,0,0,0,0,0,0,0,0,0,0,0,0,0,17.95494048,23.24825397,49.23004948,31.5,41.08,28,34.26666667,3,1.642857143
476,1981,81015,810616,2,19.5072,5.1-,64.1,27.8,55,75,NA,NA,NA,NA,NA,NA,1,5.6168,1.19,3.1416,2.0468,11.72343915,15.28264109,13.81341281,4.642857143,15.36,5.037037037,23.06666667,37.375,6.214285714,0.01,0.013333333,0,0,0.08,0,0,0,0,0,0,0,0,0,0,0,0,0,17.95494048,23.24825397,49.23004948,31.5,41.08,28,34.26666667,3,1.642857143
477,1981,81019,810616,2,18.5928,5.2-,63.1,26.2,50,77,NA,NA,NA,NA,NA,NA,1,5.6168,1.19,3.1416,2.0468,11.72343915,15.28264109,13.81341281,4.642857143,15.36,5.037037037,23.06666667,37.375,6.214285714,0.01,0.013333333,0,0,0.08,0,0,0,0,0,0,0,0,0,0,0,0,0,17.95494048,23.24825397,49.23004948,31.5,41.08,28,34.26666667,3,1.642857143
478,1981,81024,810618,2,17.9832,4,62.9,25.8,50,65,NA,NA,NA,NA,NA,NA,0,5.6168,1.19,3.1416,2.0468,11.72343915,15.28264109,13.81341281,4.642857143,15.36,5.037037037,23.06666667,37.375,6.214285714,0.01,0.013333333,0,0,0.08,0,0,0,0,0,0,0,0,0,0,0,0,0,17.95494048,23.24825397,49.23004948,31.5,41.08,28,34.26666667,3,1.642857143
479,1981,81025,810618,2,20.1168,4,63.1,25.8,53,74,NA,NA,NA,NA,NA,NA,0,5.6168,1.19,3.1416,2.0468,11.72343915,15.28264109,13.81341281,4.642857143,15.36,5.037037037,23.06666667,37.375,6.214285714,0.01,0.013333333,0,0,0.08,0,0,0,0,0,0,0,0,0,0,0,0,0,17.95494048,23.24825397,49.23004948,31.5,41.08,28,34.26666667,3,1.642857143
480,1981,81027,810618,2,18.8976,5.1-,62.9,26.2,75,80,NA,NA,NA,NA,NA,NA,1,5.6168,1.19,3.1416,2.0468,11.72343915,15.28264109,13.81341281,4.642857143,15.36,5.037037037,23.06666667,37.375,6.214285714,0.01,0.013333333,0,0,0.08,0,0,0,0,0,0,0,0,0,0,0,0,0,17.95494048,23.24825397,49.23004948,31.5,41.08,28,34.26666667,3,1.642857143
481,1981,81114,810706,2,19.2024,5,64.1,27.2,40,80,NA,NA,NA,NA,NA,NA,1,5.6168,1.19,3.1416,2.0468,11.72343915,15.28264109,13.81341281,4.642857143,15.36,5.037037037,23.06666667,37.375,6.214285714,0.01,0.013333333,0,0,0.08,0,0,0,0,0,0,0,0,0,0,0,0,0,17.95494048,23.24825397,49.23004948,31.5,41.08,28,34.26666667,3,1.642857143
482,1981,81075,810629,2,18.8976,5.3-,65.4,27.8,70,115,NA,NA,NA,NA,NA,NA,1,5.6168,1.19,3.1416,2.0468,11.72343915,15.28264109,13.81341281,4.642857143,15.36,5.037037037,23.06666667,37.375,6.214285714,0.01,0.013333333,0,0,0.08,0,0,0,0,0,0,0,0,0,0,0,0,0,17.95494048,23.24825397,49.23004948,31.5,41.08,28,34.26666667,3,1.642857143
483,1981,81077,810629,2,17.9832,4,65.4,27.8,60,70,NA,NA,NA,NA,NA,NA,0,5.6168,1.19,3.1416,2.0468,11.72343915,15.28264109,13.81341281,4.642857143,15.36,5.037037037,23.06666667,37.375,6.214285714,0.01,0.013333333,0,0,0.08,0,0,0,0,0,0,0,0,0,0,0,0,0,17.95494048,23.24825397,49.23004948,31.5,41.08,28,34.26666667,3,1.642857143
484,1981,81098,810703,2,18.288,5.1-,63.9,26.8,55,75,NA,NA,NA,NA,NA,NA,1,5.6168,1.19,3.1416,2.0468,11.72343915,15.28264109,13.81341281,4.642857143,15.36,5.037037037,23.06666667,37.375,6.214285714,0.01,0.013333333,0,0,0.08,0,0,0,0,0,0,0,0,0,0,0,0,0,17.95494048,23.24825397,49.23004948,31.5,41.08,28,34.26666667,3,1.642857143
485,1981,81083,810630,2,17.6784,5.3-,63.6,27.2,NA,NA,NA,NA,NA,NA,NA,NA,1,5.6168,1.19,3.1416,2.0468,11.72343915,15.28264109,13.81341281,4.642857143,15.36,5.037037037,23.06666667,37.375,6.214285714,0.01,0.013333333,0,0,0.08,0,0,0,0,0,0,0,0,0,0,0,0,0,17.95494048,23.24825397,49.23004948,31.5,41.08,28,34.26666667,3,1.642857143
486,1981,81089,810702,2,18.8976,5.2-,64.1,26.8,80,75,NA,NA,NA,NA,NA,NA,1,5.6168,1.19,3.1416,2.0468,11.72343915,15.28264109,13.81341281,4.642857143,15.36,5.037037037,23.06666667,37.375,6.214285714,0.01,0.013333333,0,0,0.08,0,0,0,0,0,0,0,0,0,0,0,0,0,17.95494048,23.24825397,49.23004948,31.5,41.08,28,34.26666667,3,1.642857143
487,1981,81097,810703,2,17.6784,5.2-,63.9,26.8,54,70,NA,NA,NA,NA,NA,NA,1,5.6168,1.19,3.1416,2.0468,11.72343915,15.28264109,13.81341281,4.642857143,15.36,5.037037037,23.06666667,37.375,6.214285714,0.01,0.013333333,0,0,0.08,0,0,0,0,0,0,0,0,0,0,0,0,0,17.95494048,23.24825397,49.23004948,31.5,41.08,28,34.26666667,3,1.642857143
488,1981,81099,810703,2,18.288,5.2-,64.1,27.2,55,55,NA,NA,NA,NA,NA,NA,1,5.6168,1.19,3.1416,2.0468,11.72343915,15.28264109,13.81341281,4.642857143,15.36,5.037037037,23.06666667,37.375,6.214285714,0.01,0.013333333,0,0,0.08,0,0,0,0,0,0,0,0,0,0,0,0,0,17.95494048,23.24825397,49.23004948,31.5,41.08,28,34.26666667,3,1.642857143
489,1981,81104,810704,2,18.5928,5.2-,63.6,26.2,75,80,NA,NA,NA,NA,NA,NA,1,5.6168,1.19,3.1416,2.0468,11.72343915,15.28264109,13.81341281,4.642857143,15.36,5.037037037,23.06666667,37.375,6.214285714,0.01,0.013333333,0,0,0.08,0,0,0,0,0,0,0,0,0,0,0,0,0,17.95494048,23.24825397,49.23004948,31.5,41.08,28,34.26666667,3,1.642857143
490,1981,81105,810704,2,19.812,4,63.4,26.2,47,60,NA,NA,NA,NA,NA,NA,0,5.6168,1.19,3.1416,2.0468,11.72343915,15.28264109,13.81341281,4.642857143,15.36,5.037037037,23.06666667,37.375,6.214285714,0.01,0.013333333,0,0,0.08,0,0,0,0,0,0,0,0,0,0,0,0,0,17.95494048,23.24825397,49.23004948,31.5,41.08,28,34.26666667,3,1.642857143
491,1981,81272,810811,2,19.5072,5,64.1,27.2,65,100,NA,NA,NA,NA,NA,NA,1,5.6168,1.19,3.1416,2.0468,11.72343915,15.28264109,13.81341281,4.642857143,15.36,5.037037037,23.06666667,37.375,6.214285714,0.01,0.013333333,0,0,0.08,0,0,0,0,0,0,0,0,0,0,0,0,0,17.95494048,23.24825397,49.23004948,31.5,41.08,28,34.26666667,3,1.642857143
492,1981,81312,810816,2,20.1168,5.1,63.1,26.2,NA,NA,NA,NA,NA,NA,NA,NA,1,5.6168,1.19,3.1416,2.0468,11.72343915,15.28264109,13.81341281,4.642857143,15.36,5.037037037,23.06666667,37.375,6.214285714,0.01,0.013333333,0,0,0.08,0,0,0,0,0,0,0,0,0,0,0,0,0,17.95494048,23.24825397,49.23004948,31.5,41.08,28,34.26666667,3,1.642857143
493,1981,81347,810821,2,18.8976,,64.4,28.2,62,84,NA,NA,NA,NA,NA,NA,1,5.6168,1.19,3.1416,2.0468,11.72343915,15.28264109,13.81341281,4.642857143,15.36,5.037037037,23.06666667,37.375,6.214285714,0.01,0.013333333,0,0,0.08,0,0,0,0,0,0,0,0,0,0,0,0,0,17.95494048,23.24825397,49.23004948,31.5,41.08,28,34.26666667,3,1.642857143
494,1981,81349,810822,2,19.2024,5.3,65.6,28.2,NA,95,NA,NA,NA,NA,NA,NA,1,5.6168,1.19,3.1416,2.0468,11.72343915,15.28264109,13.81341281,4.642857143,15.36,5.037037037,23.06666667,37.375,6.214285714,0.01,0.013333333,0,0,0.08,0,0,0,0,0,0,0,0,0,0,0,0,0,17.95494048,23.24825397,49.23004948,31.5,41.08,28,34.26666667,3,1.642857143
495,1981,81354,810826,2,18.288,5?,64.6,28.2,NA,NA,NA,NA,NA,NA,NA,NA,1,5.6168,1.19,3.1416,2.0468,11.72343915,15.28264109,13.81341281,4.642857143,15.36,5.037037037,23.06666667,37.375,6.214285714,0.01,0.013333333,0,0,0.08,0,0,0,0,0,0,0,0,0,0,0,0,0,17.95494048,23.24825397,49.23004948,31.5,41.08,28,34.26666667,3,1.642857143
496,1981,81355,810826,2,18.5928,5.1,64.9,28.8,NA,NA,NA,NA,NA,NA,NA,NA,1,5.6168,1.19,3.1416,2.0468,11.72343915,15.28264109,13.81341281,4.642857143,15.36,5.037037037,23.06666667,37.375,6.214285714,0.01,0.013333333,0,0,0.08,0,0,0,0,0,0,0,0,0,0,0,0,0,17.95494048,23.24825397,49.23004948,31.5,41.08,28,34.26666667,3,1.642857143
497,1981,81368,810831,2,21.0312,4,65.6,28.8,NA,NA,NA,NA,NA,NA,NA,NA,0,5.6168,1.19,3.1416,2.0468,11.72343915,15.28264109,13.81341281,4.642857143,15.36,5.037037037,23.06666667,37.375,6.214285714,0.01,0.013333333,0,0,0.08,0,0,0,0,0,0,0,0,0,0,0,0,0,17.95494048,23.24825397,49.23004948,31.5,41.08,28,34.26666667,3,1.642857143
498,1981,81081,810630,2,20.1168,5,65.4,27.8,65,74,NA,NA,NA,NA,NA,NA,1,5.6168,1.19,3.1416,2.0468,11.72343915,15.28264109,13.81341281,4.642857143,15.36,5.037037037,23.06666667,37.375,6.214285714,0.01,0.013333333,0,0,0.08,0,0,0,0,0,0,0,0,0,0,0,0,0,17.95494048,23.24825397,49.23004948,31.5,41.08,28,34.26666667,3,1.642857143
499,1981,81224,810731,2,18.5928,4,64.6,26.2,80,80,NA,NA,NA,NA,NA,NA,0,5.6168,1.19,3.1416,2.0468,11.72343915,15.28264109,13.81341281,4.642857143,15.36,5.037037037,23.06666667,37.375,6.214285714,0.01,0.013333333,0,0,0.08,0,0,0,0,0,0,0,0,0,0,0,0,0,17.95494048,23.24825397,49.23004948,31.5,41.08,28,34.26666667,3,1.642857143
500,1981,81239,810803,2,19.812,5.2-,63.9,27.8,50,80,NA,NA,NA,NA,NA,NA,1,5.6168,1.19,3.1416,2.0468,11.72343915,15.28264109,13.81341281,4.642857143,15.36,5.037037037,23.06666667,37.375,6.214285714,0.01,0.013333333,0,0,0.08,0,0,0,0,0,0,0,0,0,0,0,0,0,17.95494048,23.24825397,49.23004948,31.5,41.08,28,34.26666667,3,1.642857143
501,1981,81240,810803,2,18.8976,5.3-,64.9,28.8,65,75,NA,NA,NA,NA,NA,NA,1,5.6168,1.19,3.1416,2.0468,11.72343915,15.28264109,13.81341281,4.642857143,15.36,5.037037037,23.06666667,37.375,6.214285714,0.01,0.013333333,0,0,0.08,0,0,0,0,0,0,0,0,0,0,0,0,0,17.95494048,23.24825397,49.23004948,31.5,41.08,28,34.26666667,3,1.642857143
502,1981,81187,810723,2,17.0688,5.2,65.4,27.8,80,60,NA,NA,NA,NA,NA,NA,1,5.6168,1.19,3.1416,2.0468,11.72343915,15.28264109,13.81341281,4.642857143,15.36,5.037037037,23.06666667,37.375,6.214285714,0.01,0.013333333,0,0,0.08,0,0,0,0,0,0,0,0,0,0,0,0,0,17.95494048,23.24825397,49.23004948,31.5,41.08,28,34.26666667,3,1.642857143
503,1981,81172,810720,2,19.812,5.3-,64.4,27.8,70,80,NA,NA,NA,NA,NA,NA,1,5.6168,1.19,3.1416,2.0468,11.72343915,15.28264109,13.81341281,4.642857143,15.36,5.037037037,23.06666667,37.375,6.214285714,0.01,0.013333333,0,0,0.08,0,0,0,0,0,0,0,0,0,0,0,0,0,17.95494048,23.24825397,49.23004948,31.5,41.08,28,34.26666667,3,1.642857143
504,1981,81174,810720,2,19.2024,5.2-,65.4,28.8,63,74,NA,NA,NA,NA,NA,NA,1,5.6168,1.19,3.1416,2.0468,11.72343915,15.28264109,13.81341281,4.642857143,15.36,5.037037037,23.06666667,37.375,6.214285714,0.01,0.013333333,0,0,0.08,0,0,0,0,0,0,0,0,0,0,0,0,0,17.95494048,23.24825397,49.23004948,31.5,41.08,28,34.26666667,3,1.642857143
505,1981,81175,810720,2,19.5072,5.1,64.9,27.8,64,60,NA,NA,NA,NA,NA,NA,1,5.6168,1.19,3.1416,2.0468,11.72343915,15.28264109,13.81341281,4.642857143,15.36,5.037037037,23.06666667,37.375,6.214285714,0.01,0.013333333,0,0,0.08,0,0,0,0,0,0,0,0,0,0,0,0,0,17.95494048,23.24825397,49.23004948,31.5,41.08,28,34.26666667,3,1.642857143
506,1981,81191,810724,2,19.2024,5.2-,65.4,28.8,65,55,NA,NA,NA,NA,NA,NA,1,5.6168,1.19,3.1416,2.0468,11.72343915,15.28264109,13.81341281,4.642857143,15.36,5.037037037,23.06666667,37.375,6.214285714,0.01,0.013333333,0,0,0.08,0,0,0,0,0,0,0,0,0,0,0,0,0,17.95494048,23.24825397,49.23004948,31.5,41.08,28,34.26666667,3,1.642857143
507,1981,81206,810728,2,19.2024,5.2-,64.9,27.8,65,75,NA,NA,NA,NA,NA,NA,1,5.6168,1.19,3.1416,2.0468,11.72343915,15.28264109,13.81341281,4.642857143,15.36,5.037037037,23.06666667,37.375,6.214285714,0.01,0.013333333,0,0,0.08,0,0,0,0,0,0,0,0,0,0,0,0,0,17.95494048,23.24825397,49.23004948,31.5,41.08,28,34.26666667,3,1.642857143
508,1981,81207,810728,2,18.5928,4,63.6,26.8,70,120,NA,NA,NA,NA,NA,NA,0,5.6168,1.19,3.1416,2.0468,11.72343915,15.28264109,13.81341281,4.642857143,15.36,5.037037037,23.06666667,37.375,6.214285714,0.01,0.013333333,0,0,0.08,0,0,0,0,0,0,0,0,0,0,0,0,0,17.95494048,23.24825397,49.23004948,31.5,41.08,28,34.26666667,3,1.642857143
509,1981,81116,810706,2,18.8976,5,64.4,27.8,65,70,NA,NA,NA,NA,NA,NA,1,5.6168,1.19,3.1416,2.0468,11.72343915,15.28264109,13.81341281,4.642857143,15.36,5.037037037,23.06666667,37.375,6.214285714,0.01,0.013333333,0,0,0.08,0,0,0,0,0,0,0,0,0,0,0,0,0,17.95494048,23.24825397,49.23004948,31.5,41.08,28,34.26666667,3,1.642857143
510,1981,81080,810630,2,19.5072,5.2-,63.6,26.8,75,70,NA,NA,NA,NA,NA,NA,1,5.6168,1.19,3.1416,2.0468,11.72343915,15.28264109,13.81341281,4.642857143,15.36,5.037037037,23.06666667,37.375,6.214285714,0.01,0.013333333,0,0,0.08,0,0,0,0,0,0,0,0,0,0,0,0,0,17.95494048,23.24825397,49.23004948,31.5,41.08,28,34.26666667,3,1.642857143
511,1981,81215,810730,2,18.8976,5.2-,64.9,27.8,50,70,NA,NA,NA,NA,NA,NA,1,5.6168,1.19,3.1416,2.0468,11.72343915,15.28264109,13.81341281,4.642857143,15.36,5.037037037,23.06666667,37.375,6.214285714,0.01,0.013333333,0,0,0.08,0,0,0,0,0,0,0,0,0,0,0,0,0,17.95494048,23.24825397,49.23004948,31.5,41.08,28,34.26666667,3,1.642857143
512,1981,81219,810730,2,20.7264,4,64.6,27.8,70,80,NA,NA,NA,NA,NA,NA,0,5.6168,1.19,3.1416,2.0468,11.72343915,15.28264109,13.81341281,4.642857143,15.36,5.037037037,23.06666667,37.375,6.214285714,0.01,0.013333333,0,0,0.08,0,0,0,0,0,0,0,0,0,0,0,0,0,17.95494048,23.24825397,49.23004948,31.5,41.08,28,34.26666667,3,1.642857143
513,1981,81061,810625,2,19.812,5.1-,64.1,26.8,70,90,NA,NA,NA,NA,NA,NA,1,5.6168,1.19,3.1416,2.0468,11.72343915,15.28264109,13.81341281,4.642857143,15.36,5.037037037,23.06666667,37.375,6.214285714,0.01,0.013333333,0,0,0.08,0,0,0,0,0,0,0,0,0,0,0,0,0,17.95494048,23.24825397,49.23004948,31.5,41.08,28,34.26666667,3,1.642857143
514,1981,81056,810624,2,19.812,5.2,63.4,26.2,55,80,NA,NA,NA,NA,NA,NA,1,5.6168,1.19,3.1416,2.0468,11.72343915,15.28264109,13.81341281,4.642857143,15.36,5.037037037,23.06666667,37.375,6.214285714,0.01,0.013333333,0,0,0.08,0,0,0,0,0,0,0,0,0,0,0,0,0,17.95494048,23.24825397,49.23004948,31.5,41.08,28,34.26666667,3,1.642857143
515,1981,81058,810625,2,18.8976,5.1-,63.4,26.2,NA,NA,NA,NA,NA,NA,NA,NA,1,5.6168,1.19,3.1416,2.0468,11.72343915,15.28264109,13.81341281,4.642857143,15.36,5.037037037,23.06666667,37.375,6.214285714,0.01,0.013333333,0,0,0.08,0,0,0,0,0,0,0,0,0,0,0,0,0,17.95494048,23.24825397,49.23004948,31.5,41.08,28,34.26666667,3,1.642857143
516,1981,81059,810625,2,18.5928,4.1?,63.4,26.2,55,60,NA,NA,NA,NA,NA,NA,0,5.6168,1.19,3.1416,2.0468,11.72343915,15.28264109,13.81341281,4.642857143,15.36,5.037037037,23.06666667,37.375,6.214285714,0.01,0.013333333,0,0,0.08,0,0,0,0,0,0,0,0,0,0,0,0,0,17.95494048,23.24825397,49.23004948,31.5,41.08,28,34.26666667,3,1.642857143
517,1981,81064,810626,2,20.1168,5.1-,63.9,27.2,50,90,NA,NA,NA,NA,NA,NA,1,5.6168,1.19,3.1416,2.0468,11.72343915,15.28264109,13.81341281,4.642857143,15.36,5.037037037,23.06666667,37.375,6.214285714,0.01,0.013333333,0,0,0.08,0,0,0,0,0,0,0,0,0,0,0,0,0,17.95494048,23.24825397,49.23004948,31.5,41.08,28,34.26666667,3,1.642857143
518,1981,81066,810627,2,20.4216,5,64.4,27.8,90,70,NA,NA,NA,NA,NA,NA,1,5.6168,1.19,3.1416,2.0468,11.72343915,15.28264109,13.81341281,4.642857143,15.36,5.037037037,23.06666667,37.375,6.214285714,0.01,0.013333333,0,0,0.08,0,0,0,0,0,0,0,0,0,0,0,0,0,17.95494048,23.24825397,49.23004948,31.5,41.08,28,34.26666667,3,1.642857143
519,1981,81070,810627,2,20.1168,5,65.4,28.2,NA,NA,NA,NA,NA,NA,NA,NA,1,5.6168,1.19,3.1416,2.0468,11.72343915,15.28264109,13.81341281,4.642857143,15.36,5.037037037,23.06666667,37.375,6.214285714,0.01,0.013333333,0,0,0.08,0,0,0,0,0,0,0,0,0,0,0,0,0,17.95494048,23.24825397,49.23004948,31.5,41.08,28,34.26666667,3,1.642857143
520,1981,81034,810619,2,19.812,5.2-,62.9,25.8,85,85,NA,NA,NA,NA,NA,NA,1,5.6168,1.19,3.1416,2.0468,11.72343915,15.28264109,13.81341281,4.642857143,15.36,5.037037037,23.06666667,37.375,6.214285714,0.01,0.013333333,0,0,0.08,0,0,0,0,0,0,0,0,0,0,0,0,0,17.95494048,23.24825397,49.23004948,31.5,41.08,28,34.26666667,3,1.642857143
521,1981,81037,810620,2,20.7264,5.1?,62.9,26.2,75,60,NA,NA,NA,NA,NA,NA,1,5.6168,1.19,3.1416,2.0468,11.72343915,15.28264109,13.81341281,4.642857143,15.36,5.037037037,23.06666667,37.375,6.214285714,0.01,0.013333333,0,0,0.08,0,0,0,0,0,0,0,0,0,0,0,0,0,17.95494048,23.24825397,49.23004948,31.5,41.08,28,34.26666667,3,1.642857143
522,1981,81040,810621,2,19.2024,5.1-,62.9,25.8,100,70,NA,NA,NA,NA,NA,NA,1,5.6168,1.19,3.1416,2.0468,11.72343915,15.28264109,13.81341281,4.642857143,15.36,5.037037037,23.06666667,37.375,6.214285714,0.01,0.013333333,0,0,0.08,0,0,0,0,0,0,0,0,0,0,0,0,0,17.95494048,23.24825397,49.23004948,31.5,41.08,28,34.26666667,3,1.642857143
523,1981,81042,810621,2,19.5072,5.2-,62.9,25.8,NA,NA,NA,NA,NA,NA,NA,NA,1,5.6168,1.19,3.1416,2.0468,11.72343915,15.28264109,13.81341281,4.642857143,15.36,5.037037037,23.06666667,37.375,6.214285714,0.01,0.013333333,0,0,0.08,0,0,0,0,0,0,0,0,0,0,0,0,0,17.95494048,23.24825397,49.23004948,31.5,41.08,28,34.26666667,3,1.642857143
524,1981,81044,810621,2,19.5072,5.2-,62.9,25.8,55,110,NA,NA,NA,NA,NA,NA,1,5.6168,1.19,3.1416,2.0468,11.72343915,15.28264109,13.81341281,4.642857143,15.36,5.037037037,23.06666667,37.375,6.214285714,0.01,0.013333333,0,0,0.08,0,0,0,0,0,0,0,0,0,0,0,0,0,17.95494048,23.24825397,49.23004948,31.5,41.08,28,34.26666667,3,1.642857143
525,1981,81049,810622,2,19.812,4,62.9,25.8,47,110,NA,NA,NA,NA,NA,NA,0,5.6168,1.19,3.1416,2.0468,11.72343915,15.28264109,13.81341281,4.642857143,15.36,5.037037037,23.06666667,37.375,6.214285714,0.01,0.013333333,0,0,0.08,0,0,0,0,0,0,0,0,0,0,0,0,0,17.95494048,23.24825397,49.23004948,31.5,41.08,28,34.26666667,3,1.642857143
526,1981,81053,810623,2,20.1168,5.2?4,63.1,26.2,95,85,NA,NA,NA,NA,NA,NA,1,5.6168,1.19,3.1416,2.0468,11.72343915,15.28264109,13.81341281,4.642857143,15.36,5.037037037,23.06666667,37.375,6.214285714,0.01,0.013333333,0,0,0.08,0,0,0,0,0,0,0,0,0,0,0,0,0,17.95494048,23.24825397,49.23004948,31.5,41.08,28,34.26666667,3,1.642857143
527,1981,81054,810623,2,19.2024,4,63.1,26.2,54,90,NA,NA,NA,NA,NA,NA,0,5.6168,1.19,3.1416,2.0468,11.72343915,15.28264109,13.81341281,4.642857143,15.36,5.037037037,23.06666667,37.375,6.214285714,0.01,0.013333333,0,0,0.08,0,0,0,0,0,0,0,0,0,0,0,0,0,17.95494048,23.24825397,49.23004948,31.5,41.08,28,34.26666667,3,1.642857143
528,1981,81243,810805,2,17.3736,5.2-,63.6,27.2,50,90,NA,NA,NA,NA,NA,NA,1,5.6168,1.19,3.1416,2.0468,11.72343915,15.28264109,13.81341281,4.642857143,15.36,5.037037037,23.06666667,37.375,6.214285714,0.01,0.013333333,0,0,0.08,0,0,0,0,0,0,0,0,0,0,0,0,0,17.95494048,23.24825397,49.23004948,31.5,41.08,28,34.26666667,3,1.642857143
529,1981,81250,810806,2,19.2024,6.4,64.4,27.2,60,60,NA,NA,NA,NA,NA,NA,0,5.6168,1.19,3.1416,2.0468,11.72343915,15.28264109,13.81341281,4.642857143,15.36,5.037037037,23.06666667,37.375,6.214285714,0.01,0.013333333,0,0,0.08,0,0,0,0,0,0,0,0,0,0,0,0,0,17.95494048,23.24825397,49.23004948,31.5,41.08,28,34.26666667,3,1.642857143
530,1981,81258,810808,2,18.8976,5.2,64.4,27.8,70,100,NA,NA,NA,NA,NA,NA,1,5.6168,1.19,3.1416,2.0468,11.72343915,15.28264109,13.81341281,4.642857143,15.36,5.037037037,23.06666667,37.375,6.214285714,0.01,0.013333333,0,0,0.08,0,0,0,0,0,0,0,0,0,0,0,0,0,17.95494048,23.24825397,49.23004948,31.5,41.08,28,34.26666667,3,1.642857143
531,1981,81028,810618,2,19.2024,5.1-,62.9,26.2,54,84,NA,NA,NA,NA,NA,NA,1,5.6168,1.19,3.1416,2.0468,11.72343915,15.28264109,13.81341281,4.642857143,15.36,5.037037037,23.06666667,37.375,6.214285714,0.01,0.013333333,0,0,0.08,0,0,0,0,0,0,0,0,0,0,0,0,0,17.95494048,23.24825397,49.23004948,31.5,41.08,28,34.26666667,3,1.642857143
532,1981,81029,810619,2,18.288,5.1-,63.1,25.8,75,100,NA,NA,NA,NA,NA,NA,1,5.6168,1.19,3.1416,2.0468,11.72343915,15.28264109,13.81341281,4.642857143,15.36,5.037037037,23.06666667,37.375,6.214285714,0.01,0.013333333,0,0,0.08,0,0,0,0,0,0,0,0,0,0,0,0,0,17.95494048,23.24825397,49.23004948,31.5,41.08,28,34.26666667,3,1.642857143
533,1981,81033,810619,2,19.2024,5.3-,62.9,25.8,53,85,NA,NA,NA,NA,NA,NA,1,5.6168,1.19,3.1416,2.0468,11.72343915,15.28264109,13.81341281,4.642857143,15.36,5.037037037,23.06666667,37.375,6.214285714,0.01,0.013333333,0,0,0.08,0,0,0,0,0,0,0,0,0,0,0,0,0,17.95494048,23.24825397,49.23004948,31.5,41.08,28,34.26666667,3,1.642857143
534,1981,81108,810705,2,17.9832,5.1-,64.1,27.2,75,80,NA,NA,NA,NA,NA,NA,1,5.6168,1.19,3.1416,2.0468,11.72343915,15.28264109,13.81341281,4.642857143,15.36,5.037037037,23.06666667,37.375,6.214285714,0.01,0.013333333,0,0,0.08,0,0,0,0,0,0,0,0,0,0,0,0,0,17.95494048,23.24825397,49.23004948,31.5,41.08,28,34.26666667,3,1.642857143
535,1981,81109,810705,2,21.0312,5.2-,63.4,27.8,NA,NA,NA,NA,NA,NA,NA,NA,1,5.6168,1.19,3.1416,2.0468,11.72343915,15.28264109,13.81341281,4.642857143,15.36,5.037037037,23.06666667,37.375,6.214285714,0.01,0.013333333,0,0,0.08,0,0,0,0,0,0,0,0,0,0,0,0,0,17.95494048,23.24825397,49.23004948,31.5,41.08,28,34.26666667,3,1.642857143
536,1981,81136,810710,2,18.5928,5,65.6,27.8,75,100,NA,NA,NA,NA,NA,NA,1,5.6168,1.19,3.1416,2.0468,11.72343915,15.28264109,13.81341281,4.642857143,15.36,5.037037037,23.06666667,37.375,6.214285714,0.01,0.013333333,0,0,0.08,0,0,0,0,0,0,0,0,0,0,0,0,0,17.95494048,23.24825397,49.23004948,31.5,41.08,28,34.26666667,3,1.642857143
537,1981,81121,810707,2,20.1168,Apr-00,64.1,27.8,70,75,NA,NA,NA,NA,NA,NA,0,5.6168,1.19,3.1416,2.0468,11.72343915,15.28264109,13.81341281,4.642857143,15.36,5.037037037,23.06666667,37.375,6.214285714,0.01,0.013333333,0,0,0.08,0,0,0,0,0,0,0,0,0,0,0,0,0,17.95494048,23.24825397,49.23004948,31.5,41.08,28,34.26666667,3,1.642857143
538,1981,81122,810707,2,19.2024,5.1-,64.1,27.8,95,70,NA,NA,NA,NA,NA,NA,1,5.6168,1.19,3.1416,2.0468,11.72343915,15.28264109,13.81341281,4.642857143,15.36,5.037037037,23.06666667,37.375,6.214285714,0.01,0.013333333,0,0,0.08,0,0,0,0,0,0,0,0,0,0,0,0,0,17.95494048,23.24825397,49.23004948,31.5,41.08,28,34.26666667,3,1.642857143
539,1981,81126,810708,2,20.1168,5.1-,64.9,27.8,75,75,NA,NA,NA,NA,NA,NA,1,5.6168,1.19,3.1416,2.0468,11.72343915,15.28264109,13.81341281,4.642857143,15.36,5.037037037,23.06666667,37.375,6.214285714,0.01,0.013333333,0,0,0.08,0,0,0,0,0,0,0,0,0,0,0,0,0,17.95494048,23.24825397,49.23004948,31.5,41.08,28,34.26666667,3,1.642857143
540,1981,81143,810713,2,18.8976,4,65.4,28.8,NA,NA,NA,NA,NA,NA,NA,NA,0,5.6168,1.19,3.1416,2.0468,11.72343915,15.28264109,13.81341281,4.642857143,15.36,5.037037037,23.06666667,37.375,6.214285714,0.01,0.013333333,0,0,0.08,0,0,0,0,0,0,0,0,0,0,0,0,0,17.95494048,23.24825397,49.23004948,31.5,41.08,28,34.26666667,3,1.642857143
541,1981,81149,810714,2,18.8976,5.2,64.6,27.2,65,75,NA,NA,NA,NA,NA,NA,1,5.6168,1.19,3.1416,2.0468,11.72343915,15.28264109,13.81341281,4.642857143,15.36,5.037037037,23.06666667,37.375,6.214285714,0.01,0.013333333,0,0,0.08,0,0,0,0,0,0,0,0,0,0,0,0,0,17.95494048,23.24825397,49.23004948,31.5,41.08,28,34.26666667,3,1.642857143
542,1981,81165,810717,2,17.9832,5,63.1,25.8,75,95,NA,NA,NA,NA,NA,NA,1,5.6168,1.19,3.1416,2.0468,11.72343915,15.28264109,13.81341281,4.642857143,15.36,5.037037037,23.06666667,37.375,6.214285714,0.01,0.013333333,0,0,0.08,0,0,0,0,0,0,0,0,0,0,0,0,0,17.95494048,23.24825397,49.23004948,31.5,41.08,28,34.26666667,3,1.642857143
543,1982,82005,820621,2,18.8976,5.1,63.6,27.8,NA,NA,NA,NA,NA,NA,NA,NA,1,5.1408,0.6664,5.6168,1.19,6.759807415,9.065781663,15.28264109,0,5.75,NA,28.59459459,6.117647059,4.866666667,0.017857143,0.025,0.013333333,0,0.125,NA,0,0,0,0,0,0,0,0,NA,0,0,0,38.07370179,49.14215686,23.24825397,4,90.75,NA,109,29.29411765,12.66666667
544,1982,82010,820623,2,19.812,5.3,63.6,27.8,NA,NA,NA,NA,NA,NA,NA,NA,1,5.1408,0.6664,5.6168,1.19,6.759807415,9.065781663,15.28264109,0,5.75,NA,28.59459459,6.117647059,4.866666667,0.017857143,0.025,0.013333333,0,0.125,NA,0,0,0,0,0,0,0,0,NA,0,0,0,38.07370179,49.14215686,23.24825397,4,90.75,NA,109,29.29411765,12.66666667
545,1982,82013,820623,2,19.5072,4,64.4,27.8,NA,NA,NA,NA,NA,NA,NA,NA,0,5.1408,0.6664,5.6168,1.19,6.759807415,9.065781663,15.28264109,0,5.75,NA,28.59459459,6.117647059,4.866666667,0.017857143,0.025,0.013333333,0,0.125,NA,0,0,0,0,0,0,0,0,NA,0,0,0,38.07370179,49.14215686,23.24825397,4,90.75,NA,109,29.29411765,12.66666667
546,1982,82016,820624,2,18.8976,5.3,64.6,28.8,NA,NA,NA,NA,NA,NA,NA,NA,1,5.1408,0.6664,5.6168,1.19,6.759807415,9.065781663,15.28264109,0,5.75,NA,28.59459459,6.117647059,4.866666667,0.017857143,0.025,0.013333333,0,0.125,NA,0,0,0,0,0,0,0,0,NA,0,0,0,38.07370179,49.14215686,23.24825397,4,90.75,NA,109,29.29411765,12.66666667
547,1982,82002,820620,2,18.5928,5.1-,63.6,26.2,NA,NA,NA,NA,NA,NA,NA,NA,1,5.1408,0.6664,5.6168,1.19,6.759807415,9.065781663,15.28264109,0,5.75,NA,28.59459459,6.117647059,4.866666667,0.017857143,0.025,0.013333333,0,0.125,NA,0,0,0,0,0,0,0,0,NA,0,0,0,38.07370179,49.14215686,23.24825397,4,90.75,NA,109,29.29411765,12.66666667
548,1982,82004,820620,2,20.4216,4,63.6,27.8,NA,NA,NA,NA,NA,NA,NA,NA,0,5.1408,0.6664,5.6168,1.19,6.759807415,9.065781663,15.28264109,0,5.75,NA,28.59459459,6.117647059,4.866666667,0.017857143,0.025,0.013333333,0,0.125,NA,0,0,0,0,0,0,0,0,NA,0,0,0,38.07370179,49.14215686,23.24825397,4,90.75,NA,109,29.29411765,12.66666667
549,1982,82048,820701,2,18.8976,4,64.6,27.8,90,105,NA,NA,NA,NA,NA,NA,0,5.1408,0.6664,5.6168,1.19,6.759807415,9.065781663,15.28264109,0,5.75,NA,28.59459459,6.117647059,4.866666667,0.017857143,0.025,0.013333333,0,0.125,NA,0,0,0,0,0,0,0,0,NA,0,0,0,38.07370179,49.14215686,23.24825397,4,90.75,NA,109,29.29411765,12.66666667
550,1982,82054,820701,2,19.5072,5.2,65.4,28.2,80,130,NA,NA,NA,NA,NA,NA,1,5.1408,0.6664,5.6168,1.19,6.759807415,9.065781663,15.28264109,0,5.75,NA,28.59459459,6.117647059,4.866666667,0.017857143,0.025,0.013333333,0,0.125,NA,0,0,0,0,0,0,0,0,NA,0,0,0,38.07370179,49.14215686,23.24825397,4,90.75,NA,109,29.29411765,12.66666667
551,1982,82055,820702,2,18.288,5.1-,63.9,27.2,55,95,NA,NA,NA,NA,NA,NA,1,5.1408,0.6664,5.6168,1.19,6.759807415,9.065781663,15.28264109,0,5.75,NA,28.59459459,6.117647059,4.866666667,0.017857143,0.025,0.013333333,0,0.125,NA,0,0,0,0,0,0,0,0,NA,0,0,0,38.07370179,49.14215686,23.24825397,4,90.75,NA,109,29.29411765,12.66666667
552,1982,82056,820702,2,18.8976,5.2,64.1,27.8,80,90,NA,NA,NA,NA,NA,NA,1,5.1408,0.6664,5.6168,1.19,6.759807415,9.065781663,15.28264109,0,5.75,NA,28.59459459,6.117647059,4.866666667,0.017857143,0.025,0.013333333,0,0.125,NA,0,0,0,0,0,0,0,0,NA,0,0,0,38.07370179,49.14215686,23.24825397,4,90.75,NA,109,29.29411765,12.66666667
553,1982,82017,820624,2,18.8976,5.2,64.6,28.8,NA,NA,NA,NA,NA,NA,NA,NA,1,5.1408,0.6664,5.6168,1.19,6.759807415,9.065781663,15.28264109,0,5.75,NA,28.59459459,6.117647059,4.866666667,0.017857143,0.025,0.013333333,0,0.125,NA,0,0,0,0,0,0,0,0,NA,0,0,0,38.07370179,49.14215686,23.24825397,4,90.75,NA,109,29.29411765,12.66666667
554,1982,82021,820625,2,18.8976,4,64.6,27.8,NA,NA,NA,NA,NA,NA,NA,NA,0,5.1408,0.6664,5.6168,1.19,6.759807415,9.065781663,15.28264109,0,5.75,NA,28.59459459,6.117647059,4.866666667,0.017857143,0.025,0.013333333,0,0.125,NA,0,0,0,0,0,0,0,0,NA,0,0,0,38.07370179,49.14215686,23.24825397,4,90.75,NA,109,29.29411765,12.66666667
555,1982,82026,820626,2,18.5928,5.1-,64.6,27.2,NA,NA,NA,NA,NA,NA,NA,NA,1,5.1408,0.6664,5.6168,1.19,6.759807415,9.065781663,15.28264109,0,5.75,NA,28.59459459,6.117647059,4.866666667,0.017857143,0.025,0.013333333,0,0.125,NA,0,0,0,0,0,0,0,0,NA,0,0,0,38.07370179,49.14215686,23.24825397,4,90.75,NA,109,29.29411765,12.66666667
556,1982,82031,820627,2,19.5072,3-,64.4,27.8,NA,NA,NA,NA,NA,NA,NA,NA,0,5.1408,0.6664,5.6168,1.19,6.759807415,9.065781663,15.28264109,0,5.75,NA,28.59459459,6.117647059,4.866666667,0.017857143,0.025,0.013333333,0,0.125,NA,0,0,0,0,0,0,0,0,NA,0,0,0,38.07370179,49.14215686,23.24825397,4,90.75,NA,109,29.29411765,12.66666667
557,1982,82033,820627,2,18.5928,5.1-,64.9,28.2,NA,NA,NA,NA,NA,NA,NA,NA,1,5.1408,0.6664,5.6168,1.19,6.759807415,9.065781663,15.28264109,0,5.75,NA,28.59459459,6.117647059,4.866666667,0.017857143,0.025,0.013333333,0,0.125,NA,0,0,0,0,0,0,0,0,NA,0,0,0,38.07370179,49.14215686,23.24825397,4,90.75,NA,109,29.29411765,12.66666667
558,1982,82037,820628,2,21.0312,5,64.4,28.2,NA,NA,NA,NA,NA,NA,NA,NA,1,5.1408,0.6664,5.6168,1.19,6.759807415,9.065781663,15.28264109,0,5.75,NA,28.59459459,6.117647059,4.866666667,0.017857143,0.025,0.013333333,0,0.125,NA,0,0,0,0,0,0,0,0,NA,0,0,0,38.07370179,49.14215686,23.24825397,4,90.75,NA,109,29.29411765,12.66666667
559,1982,82043,820629,2,19.2024,5.1,63.6,27.2,70,75,NA,NA,NA,NA,NA,NA,1,5.1408,0.6664,5.6168,1.19,6.759807415,9.065781663,15.28264109,0,5.75,NA,28.59459459,6.117647059,4.866666667,0.017857143,0.025,0.013333333,0,0.125,NA,0,0,0,0,0,0,0,0,NA,0,0,0,38.07370179,49.14215686,23.24825397,4,90.75,NA,109,29.29411765,12.66666667
560,1982,82044,820630,2,20.4216,5.2,63.9,27.8,60,100,NA,NA,NA,NA,NA,NA,1,5.1408,0.6664,5.6168,1.19,6.759807415,9.065781663,15.28264109,0,5.75,NA,28.59459459,6.117647059,4.866666667,0.017857143,0.025,0.013333333,0,0.125,NA,0,0,0,0,0,0,0,0,NA,0,0,0,38.07370179,49.14215686,23.24825397,4,90.75,NA,109,29.29411765,12.66666667
561,1982,82046,820630,2,20.4216,5.2,63.9,27.8,65,85,NA,NA,NA,NA,NA,NA,1,5.1408,0.6664,5.6168,1.19,6.759807415,9.065781663,15.28264109,0,5.75,NA,28.59459459,6.117647059,4.866666667,0.017857143,0.025,0.013333333,0,0.125,NA,0,0,0,0,0,0,0,0,NA,0,0,0,38.07370179,49.14215686,23.24825397,4,90.75,NA,109,29.29411765,12.66666667
562,1982,82066,820704,2,18.288,5.3,64.9,27.8,50,80,NA,NA,NA,NA,NA,NA,1,5.1408,0.6664,5.6168,1.19,6.759807415,9.065781663,15.28264109,0,5.75,NA,28.59459459,6.117647059,4.866666667,0.017857143,0.025,0.013333333,0,0.125,NA,0,0,0,0,0,0,0,0,NA,0,0,0,38.07370179,49.14215686,23.24825397,4,90.75,NA,109,29.29411765,12.66666667
563,1982,82072,820706,2,19.5072,5.3,65.4,28.2,65,80,NA,NA,NA,NA,NA,NA,1,5.1408,0.6664,5.6168,1.19,6.759807415,9.065781663,15.28264109,0,5.75,NA,28.59459459,6.117647059,4.866666667,0.017857143,0.025,0.013333333,0,0.125,NA,0,0,0,0,0,0,0,0,NA,0,0,0,38.07370179,49.14215686,23.24825397,4,90.75,NA,109,29.29411765,12.66666667
564,1982,82075,820706,2,18.8976,4,65.6,28.2,60,70,NA,NA,NA,NA,NA,NA,0,5.1408,0.6664,5.6168,1.19,6.759807415,9.065781663,15.28264109,0,5.75,NA,28.59459459,6.117647059,4.866666667,0.017857143,0.025,0.013333333,0,0.125,NA,0,0,0,0,0,0,0,0,NA,0,0,0,38.07370179,49.14215686,23.24825397,4,90.75,NA,109,29.29411765,12.66666667
565,1982,82076,820706,2,19.5072,5.2,65.4,28.8,70,75,NA,NA,NA,NA,NA,NA,1,5.1408,0.6664,5.6168,1.19,6.759807415,9.065781663,15.28264109,0,5.75,NA,28.59459459,6.117647059,4.866666667,0.017857143,0.025,0.013333333,0,0.125,NA,0,0,0,0,0,0,0,0,NA,0,0,0,38.07370179,49.14215686,23.24825397,4,90.75,NA,109,29.29411765,12.66666667
566,1982,82078,820707,2,19.5072,5.2-,64.6,28.8,80,85,NA,NA,NA,NA,NA,NA,1,5.1408,0.6664,5.6168,1.19,6.759807415,9.065781663,15.28264109,0,5.75,NA,28.59459459,6.117647059,4.866666667,0.017857143,0.025,0.013333333,0,0.125,NA,0,0,0,0,0,0,0,0,NA,0,0,0,38.07370179,49.14215686,23.24825397,4,90.75,NA,109,29.29411765,12.66666667
567,1982,82080,820708,2,20.1168,5.2,64.6,28.8,75,100,NA,NA,NA,NA,NA,NA,1,5.1408,0.6664,5.6168,1.19,6.759807415,9.065781663,15.28264109,0,5.75,NA,28.59459459,6.117647059,4.866666667,0.017857143,0.025,0.013333333,0,0.125,NA,0,0,0,0,0,0,0,0,NA,0,0,0,38.07370179,49.14215686,23.24825397,4,90.75,NA,109,29.29411765,12.66666667
568,1982,82082,820708,2,20.4216,5.1,64.9,28.8,80,95,NA,NA,NA,NA,NA,NA,1,5.1408,0.6664,5.6168,1.19,6.759807415,9.065781663,15.28264109,0,5.75,NA,28.59459459,6.117647059,4.866666667,0.017857143,0.025,0.013333333,0,0.125,NA,0,0,0,0,0,0,0,0,NA,0,0,0,38.07370179,49.14215686,23.24825397,4,90.75,NA,109,29.29411765,12.66666667
569,1982,82083,820709,2,20.4216,5.3-,64.9,28.2,85,105,NA,NA,NA,NA,NA,NA,1,5.1408,0.6664,5.6168,1.19,6.759807415,9.065781663,15.28264109,0,5.75,NA,28.59459459,6.117647059,4.866666667,0.017857143,0.025,0.013333333,0,0.125,NA,0,0,0,0,0,0,0,0,NA,0,0,0,38.07370179,49.14215686,23.24825397,4,90.75,NA,109,29.29411765,12.66666667
570,1982,82084,820709,2,18.288,5.2,64.9,28.2,65,80,NA,NA,NA,NA,NA,NA,1,5.1408,0.6664,5.6168,1.19,6.759807415,9.065781663,15.28264109,0,5.75,NA,28.59459459,6.117647059,4.866666667,0.017857143,0.025,0.013333333,0,0.125,NA,0,0,0,0,0,0,0,0,NA,0,0,0,38.07370179,49.14215686,23.24825397,4,90.75,NA,109,29.29411765,12.66666667
571,1982,82086,820712,2,18.5928,5.1,65.4,27.8,75,115,NA,NA,NA,NA,NA,NA,1,5.1408,0.6664,5.6168,1.19,6.759807415,9.065781663,15.28264109,0,5.75,NA,28.59459459,6.117647059,4.866666667,0.017857143,0.025,0.013333333,0,0.125,NA,0,0,0,0,0,0,0,0,NA,0,0,0,38.07370179,49.14215686,23.24825397,4,90.75,NA,109,29.29411765,12.66666667
572,1982,82088,820712,2,17.9832,,65.1,27.8,60,70,NA,NA,NA,NA,NA,NA,1,5.1408,0.6664,5.6168,1.19,6.759807415,9.065781663,15.28264109,0,5.75,NA,28.59459459,6.117647059,4.866666667,0.017857143,0.025,0.013333333,0,0.125,NA,0,0,0,0,0,0,0,0,NA,0,0,0,38.07370179,49.14215686,23.24825397,4,90.75,NA,109,29.29411765,12.66666667
573,1982,82090,820713,2,19.5072,5.3,63.4,26.2,NA,NA,NA,NA,NA,NA,NA,NA,1,5.1408,0.6664,5.6168,1.19,6.759807415,9.065781663,15.28264109,0,5.75,NA,28.59459459,6.117647059,4.866666667,0.017857143,0.025,0.013333333,0,0.125,NA,0,0,0,0,0,0,0,0,NA,0,0,0,38.07370179,49.14215686,23.24825397,4,90.75,NA,109,29.29411765,12.66666667
574,1982,82094,820714,2,19.812,5.2,65.9,27.8,75,115,NA,NA,NA,NA,NA,NA,1,5.1408,0.6664,5.6168,1.19,6.759807415,9.065781663,15.28264109,0,5.75,NA,28.59459459,6.117647059,4.866666667,0.017857143,0.025,0.013333333,0,0.125,NA,0,0,0,0,0,0,0,0,NA,0,0,0,38.07370179,49.14215686,23.24825397,4,90.75,NA,109,29.29411765,12.66666667
575,1982,82097,820714,2,18.8976,4.1?4,65.6,27.8,NA,NA,NA,NA,NA,NA,NA,NA,0,5.1408,0.6664,5.6168,1.19,6.759807415,9.065781663,15.28264109,0,5.75,NA,28.59459459,6.117647059,4.866666667,0.017857143,0.025,0.013333333,0,0.125,NA,0,0,0,0,0,0,0,0,NA,0,0,0,38.07370179,49.14215686,23.24825397,4,90.75,NA,109,29.29411765,12.66666667
576,1982,82098,820715,2,18.288,5.2,63.1,25.2,50,70,NA,NA,NA,NA,NA,NA,1,5.1408,0.6664,5.6168,1.19,6.759807415,9.065781663,15.28264109,0,5.75,NA,28.59459459,6.117647059,4.866666667,0.017857143,0.025,0.013333333,0,0.125,NA,0,0,0,0,0,0,0,0,NA,0,0,0,38.07370179,49.14215686,23.24825397,4,90.75,NA,109,29.29411765,12.66666667
577,1982,82107,820718,2,20.1168,5.3,64.9,27.8,60,90,NA,NA,NA,NA,NA,NA,1,5.1408,0.6664,5.6168,1.19,6.759807415,9.065781663,15.28264109,0,5.75,NA,28.59459459,6.117647059,4.866666667,0.017857143,0.025,0.013333333,0,0.125,NA,0,0,0,0,0,0,0,0,NA,0,0,0,38.07370179,49.14215686,23.24825397,4,90.75,NA,109,29.29411765,12.66666667
578,1982,82110,820718,2,19.5072,5.2,64.9,27.2,NA,NA,NA,NA,NA,NA,NA,NA,1,5.1408,0.6664,5.6168,1.19,6.759807415,9.065781663,15.28264109,0,5.75,NA,28.59459459,6.117647059,4.866666667,0.017857143,0.025,0.013333333,0,0.125,NA,0,0,0,0,0,0,0,0,NA,0,0,0,38.07370179,49.14215686,23.24825397,4,90.75,NA,109,29.29411765,12.66666667
579,1982,82112,820718,2,19.5072,5.2-,64.4,27.8,95,120,NA,NA,NA,NA,NA,NA,1,5.1408,0.6664,5.6168,1.19,6.759807415,9.065781663,15.28264109,0,5.75,NA,28.59459459,6.117647059,4.866666667,0.017857143,0.025,0.013333333,0,0.125,NA,0,0,0,0,0,0,0,0,NA,0,0,0,38.07370179,49.14215686,23.24825397,4,90.75,NA,109,29.29411765,12.66666667
580,1982,82113,820719,2,19.812,5.3,64.9,27.8,85,100,NA,NA,NA,NA,NA,NA,1,5.1408,0.6664,5.6168,1.19,6.759807415,9.065781663,15.28264109,0,5.75,NA,28.59459459,6.117647059,4.866666667,0.017857143,0.025,0.013333333,0,0.125,NA,0,0,0,0,0,0,0,0,NA,0,0,0,38.07370179,49.14215686,23.24825397,4,90.75,NA,109,29.29411765,12.66666667
581,1982,82114,820720,2,19.812,5.1-,65.1,27.8,55,65,NA,NA,NA,NA,NA,NA,1,5.1408,0.6664,5.6168,1.19,6.759807415,9.065781663,15.28264109,0,5.75,NA,28.59459459,6.117647059,4.866666667,0.017857143,0.025,0.013333333,0,0.125,NA,0,0,0,0,0,0,0,0,NA,0,0,0,38.07370179,49.14215686,23.24825397,4,90.75,NA,109,29.29411765,12.66666667
582,1982,82119,820720,2,18.5928,5.1-,65.9,27.8,55,80,NA,NA,NA,NA,NA,NA,1,5.1408,0.6664,5.6168,1.19,6.759807415,9.065781663,15.28264109,0,5.75,NA,28.59459459,6.117647059,4.866666667,0.017857143,0.025,0.013333333,0,0.125,NA,0,0,0,0,0,0,0,0,NA,0,0,0,38.07370179,49.14215686,23.24825397,4,90.75,NA,109,29.29411765,12.66666667
583,1982,82120,820721,2,20.1168,4?5.1-,65.6,27.2,65,80,NA,NA,NA,NA,NA,NA,1,5.1408,0.6664,5.6168,1.19,6.759807415,9.065781663,15.28264109,0,5.75,NA,28.59459459,6.117647059,4.866666667,0.017857143,0.025,0.013333333,0,0.125,NA,0,0,0,0,0,0,0,0,NA,0,0,0,38.07370179,49.14215686,23.24825397,4,90.75,NA,109,29.29411765,12.66666667
584,1982,82121,820722,2,17.3736,,65.1,27.8,NA,NA,NA,NA,NA,NA,NA,NA,0,5.1408,0.6664,5.6168,1.19,6.759807415,9.065781663,15.28264109,0,5.75,NA,28.59459459,6.117647059,4.866666667,0.017857143,0.025,0.013333333,0,0.125,NA,0,0,0,0,0,0,0,0,NA,0,0,0,38.07370179,49.14215686,23.24825397,4,90.75,NA,109,29.29411765,12.66666667
585,1982,82125,820722,2,19.2024,4.1?4,64.9,27.2,NA,NA,NA,NA,NA,NA,NA,NA,0,5.1408,0.6664,5.6168,1.19,6.759807415,9.065781663,15.28264109,0,5.75,NA,28.59459459,6.117647059,4.866666667,0.017857143,0.025,0.013333333,0,0.125,NA,0,0,0,0,0,0,0,0,NA,0,0,0,38.07370179,49.14215686,23.24825397,4,90.75,NA,109,29.29411765,12.66666667
586,1982,82128,820723,2,17.3736,5.2,64.9,27.8,65,90,NA,NA,NA,NA,NA,NA,1,5.1408,0.6664,5.6168,1.19,6.759807415,9.065781663,15.28264109,0,5.75,NA,28.59459459,6.117647059,4.866666667,0.017857143,0.025,0.013333333,0,0.125,NA,0,0,0,0,0,0,0,0,NA,0,0,0,38.07370179,49.14215686,23.24825397,4,90.75,NA,109,29.29411765,12.66666667
587,1982,82136,820724,2,19.5072,4,65.1,27.8,75,80,NA,NA,NA,NA,NA,NA,0,5.1408,0.6664,5.6168,1.19,6.759807415,9.065781663,15.28264109,0,5.75,NA,28.59459459,6.117647059,4.866666667,0.017857143,0.025,0.013333333,0,0.125,NA,0,0,0,0,0,0,0,0,NA,0,0,0,38.07370179,49.14215686,23.24825397,4,90.75,NA,109,29.29411765,12.66666667
588,1982,82140,820727,2,17.9832,5.2,64.9,27.8,110,100,NA,NA,NA,NA,NA,NA,1,5.1408,0.6664,5.6168,1.19,6.759807415,9.065781663,15.28264109,0,5.75,NA,28.59459459,6.117647059,4.866666667,0.017857143,0.025,0.013333333,0,0.125,NA,0,0,0,0,0,0,0,0,NA,0,0,0,38.07370179,49.14215686,23.24825397,4,90.75,NA,109,29.29411765,12.66666667
589,1982,82148,820729,2,19.5072,6.4,64.9,28.2,NA,NA,NA,NA,NA,NA,NA,NA,0,5.1408,0.6664,5.6168,1.19,6.759807415,9.065781663,15.28264109,0,5.75,NA,28.59459459,6.117647059,4.866666667,0.017857143,0.025,0.013333333,0,0.125,NA,0,0,0,0,0,0,0,0,NA,0,0,0,38.07370179,49.14215686,23.24825397,4,90.75,NA,109,29.29411765,12.66666667
590,1982,82157,820731,2,20.4216,5.3,64.6,28.2,NA,NA,NA,NA,NA,NA,NA,NA,1,5.1408,0.6664,5.6168,1.19,6.759807415,9.065781663,15.28264109,0,5.75,NA,28.59459459,6.117647059,4.866666667,0.017857143,0.025,0.013333333,0,0.125,NA,0,0,0,0,0,0,0,0,NA,0,0,0,38.07370179,49.14215686,23.24825397,4,90.75,NA,109,29.29411765,12.66666667
591,1982,82158,820731,2,19.5072,5.2-,64.6,28.2,NA,NA,NA,NA,NA,NA,NA,NA,1,5.1408,0.6664,5.6168,1.19,6.759807415,9.065781663,15.28264109,0,5.75,NA,28.59459459,6.117647059,4.866666667,0.017857143,0.025,0.013333333,0,0.125,NA,0,0,0,0,0,0,0,0,NA,0,0,0,38.07370179,49.14215686,23.24825397,4,90.75,NA,109,29.29411765,12.66666667
592,1982,82165,820802,2,20.1168,5,65.1,28.2,100,115,NA,NA,NA,NA,NA,NA,1,5.1408,0.6664,5.6168,1.19,6.759807415,9.065781663,15.28264109,0,5.75,NA,28.59459459,6.117647059,4.866666667,0.017857143,0.025,0.013333333,0,0.125,NA,0,0,0,0,0,0,0,0,NA,0,0,0,38.07370179,49.14215686,23.24825397,4,90.75,NA,109,29.29411765,12.66666667
593,1982,82166,820803,2,18.5928,5.2,65.1,28.2,75,95,NA,NA,NA,NA,NA,NA,1,5.1408,0.6664,5.6168,1.19,6.759807415,9.065781663,15.28264109,0,5.75,NA,28.59459459,6.117647059,4.866666667,0.017857143,0.025,0.013333333,0,0.125,NA,0,0,0,0,0,0,0,0,NA,0,0,0,38.07370179,49.14215686,23.24825397,4,90.75,NA,109,29.29411765,12.66666667
594,1982,82169,820803,2,18.5928,5.2,65.6,28.2,55,75,NA,NA,NA,NA,NA,NA,1,5.1408,0.6664,5.6168,1.19,6.759807415,9.065781663,15.28264109,0,5.75,NA,28.59459459,6.117647059,4.866666667,0.017857143,0.025,0.013333333,0,0.125,NA,0,0,0,0,0,0,0,0,NA,0,0,0,38.07370179,49.14215686,23.24825397,4,90.75,NA,109,29.29411765,12.66666667
595,1982,82175,820805,2,18.288,4.1?4,65.6,26.8,75,85,NA,NA,NA,NA,NA,NA,0,5.1408,0.6664,5.6168,1.19,6.759807415,9.065781663,15.28264109,0,5.75,NA,28.59459459,6.117647059,4.866666667,0.017857143,0.025,0.013333333,0,0.125,NA,0,0,0,0,0,0,0,0,NA,0,0,0,38.07370179,49.14215686,23.24825397,4,90.75,NA,109,29.29411765,12.66666667
596,1982,82181,820807,2,17.3736,,65.9,28.8,NA,NA,NA,NA,NA,NA,NA,NA,1,5.1408,0.6664,5.6168,1.19,6.759807415,9.065781663,15.28264109,0,5.75,NA,28.59459459,6.117647059,4.866666667,0.017857143,0.025,0.013333333,0,0.125,NA,0,0,0,0,0,0,0,0,NA,0,0,0,38.07370179,49.14215686,23.24825397,4,90.75,NA,109,29.29411765,12.66666667
597,1982,82185,820809,2,18.8976,4.1?4,64.4,28.2,NA,NA,NA,NA,NA,NA,NA,NA,0,5.1408,0.6664,5.6168,1.19,6.759807415,9.065781663,15.28264109,0,5.75,NA,28.59459459,6.117647059,4.866666667,0.017857143,0.025,0.013333333,0,0.125,NA,0,0,0,0,0,0,0,0,NA,0,0,0,38.07370179,49.14215686,23.24825397,4,90.75,NA,109,29.29411765,12.66666667
598,1982,82057,820702,2,19.812,5.2-,63.9,27.8,75,80,NA,NA,NA,NA,NA,NA,1,5.1408,0.6664,5.6168,1.19,6.759807415,9.065781663,15.28264109,0,5.75,NA,28.59459459,6.117647059,4.866666667,0.017857143,0.025,0.013333333,0,0.125,NA,0,0,0,0,0,0,0,0,NA,0,0,0,38.07370179,49.14215686,23.24825397,4,90.75,NA,109,29.29411765,12.66666667
599,1982,82058,820703,2,20.1168,5,65.1,27.8,65,80,NA,NA,NA,NA,NA,NA,1,5.1408,0.6664,5.6168,1.19,6.759807415,9.065781663,15.28264109,0,5.75,NA,28.59459459,6.117647059,4.866666667,0.017857143,0.025,0.013333333,0,0.125,NA,0,0,0,0,0,0,0,0,NA,0,0,0,38.07370179,49.14215686,23.24825397,4,90.75,NA,109,29.29411765,12.66666667
600,1982,82059,820703,2,19.5072,5.2?4,65.1,27.8,110,110,NA,NA,NA,NA,NA,NA,1,5.1408,0.6664,5.6168,1.19,6.759807415,9.065781663,15.28264109,0,5.75,NA,28.59459459,6.117647059,4.866666667,0.017857143,0.025,0.013333333,0,0.125,NA,0,0,0,0,0,0,0,0,NA,0,0,0,38.07370179,49.14215686,23.24825397,4,90.75,NA,109,29.29411765,12.66666667
601,1982,82061,820703,2,19.812,6.4,64.9,28.8,65,75,NA,NA,NA,NA,NA,NA,0,5.1408,0.6664,5.6168,1.19,6.759807415,9.065781663,15.28264109,0,5.75,NA,28.59459459,6.117647059,4.866666667,0.017857143,0.025,0.013333333,0,0.125,NA,0,0,0,0,0,0,0,0,NA,0,0,0,38.07370179,49.14215686,23.24825397,4,90.75,NA,109,29.29411765,12.66666667
602,1982,82257,820831,2,18.8976,5,65.4,29.8,NA,NA,NA,NA,NA,NA,NA,NA,1,5.1408,0.6664,5.6168,1.19,6.759807415,9.065781663,15.28264109,0,5.75,NA,28.59459459,6.117647059,4.866666667,0.017857143,0.025,0.013333333,0,0.125,NA,0,0,0,0,0,0,0,0,NA,0,0,0,38.07370179,49.14215686,23.24825397,4,90.75,NA,109,29.29411765,12.66666667
603,1982,82324,820918,2,19.812,5.2,65.1,29.8,70,95,NA,NA,NA,NA,NA,NA,1,5.1408,0.6664,5.6168,1.19,6.759807415,9.065781663,15.28264109,0,5.75,NA,28.59459459,6.117647059,4.866666667,0.017857143,0.025,0.013333333,0,0.125,NA,0,0,0,0,0,0,0,0,NA,0,0,0,38.07370179,49.14215686,23.24825397,4,90.75,NA,109,29.29411765,12.66666667
604,1982,82247,820828,2,21.0312,4,62.9,24.8,NA,NA,NA,NA,NA,NA,NA,NA,0,5.1408,0.6664,5.6168,1.19,6.759807415,9.065781663,15.28264109,0,5.75,NA,28.59459459,6.117647059,4.866666667,0.017857143,0.025,0.013333333,0,0.125,NA,0,0,0,0,0,0,0,0,NA,0,0,0,38.07370179,49.14215686,23.24825397,4,90.75,NA,109,29.29411765,12.66666667
605,1983,83007,830615,2,18.5928,5.2,63.9,27.8,60,65,NA,NA,NA,NA,NA,NA,1,3.332,1.3804,5.1408,0.6664,11.75730994,13.23523392,9.065781663,NA,15.66666667,5,17.57894737,20.375,7.555555556,0.099702381,0.139583333,0.025,NA,0.666666667,0,0,0.03125,0,0,0,0,NA,0,0,0,0,0,102.1895102,136.8090643,49.14215686,NA,90,45,378.6842105,131.25,39.11111111
606,1983,83003,830613,2,21.336,4,63.6,27.2,50,60,NA,NA,NA,NA,NA,NA,0,3.332,1.3804,5.1408,0.6664,11.75730994,13.23523392,9.065781663,NA,15.66666667,5,17.57894737,20.375,7.555555556,0.099702381,0.139583333,0.025,NA,0.666666667,0,0,0.03125,0,0,0,0,NA,0,0,0,0,0,102.1895102,136.8090643,49.14215686,NA,90,45,378.6842105,131.25,39.11111111
607,1983,83006,830614,2,18.5928,5.1,62.9,25.8,50,60,NA,NA,NA,NA,NA,NA,1,3.332,1.3804,5.1408,0.6664,11.75730994,13.23523392,9.065781663,NA,15.66666667,5,17.57894737,20.375,7.555555556,0.099702381,0.139583333,0.025,NA,0.666666667,0,0,0.03125,0,0,0,0,NA,0,0,0,0,0,102.1895102,136.8090643,49.14215686,NA,90,45,378.6842105,131.25,39.11111111
608,1983,83096,830718,2,17.6784,4,65.1,29.2,60,85,NA,NA,NA,NA,NA,NA,0,3.332,1.3804,5.1408,0.6664,11.75730994,13.23523392,9.065781663,NA,15.66666667,5,17.57894737,20.375,7.555555556,0.099702381,0.139583333,0.025,NA,0.666666667,0,0,0.03125,0,0,0,0,NA,0,0,0,0,0,102.1895102,136.8090643,49.14215686,NA,90,45,378.6842105,131.25,39.11111111
609,1983,83051,830701,2,19.812,5.1,64.6,28.8,65,85,NA,NA,NA,NA,NA,NA,1,3.332,1.3804,5.1408,0.6664,11.75730994,13.23523392,9.065781663,NA,15.66666667,5,17.57894737,20.375,7.555555556,0.099702381,0.139583333,0.025,NA,0.666666667,0,0,0.03125,0,0,0,0,NA,0,0,0,0,0,102.1895102,136.8090643,49.14215686,NA,90,45,378.6842105,131.25,39.11111111
610,1983,83101,830721,2,18.288,5.3-,65.1,29.8,50,55,NA,NA,NA,NA,NA,NA,1,3.332,1.3804,5.1408,0.6664,11.75730994,13.23523392,9.065781663,NA,15.66666667,5,17.57894737,20.375,7.555555556,0.099702381,0.139583333,0.025,NA,0.666666667,0,0,0.03125,0,0,0,0,NA,0,0,0,0,0,102.1895102,136.8090643,49.14215686,NA,90,45,378.6842105,131.25,39.11111111
611,1983,83054,830703,2,18.288,5.1-,65.1,28.8,85,75,NA,NA,NA,NA,NA,NA,1,3.332,1.3804,5.1408,0.6664,11.75730994,13.23523392,9.065781663,NA,15.66666667,5,17.57894737,20.375,7.555555556,0.099702381,0.139583333,0.025,NA,0.666666667,0,0,0.03125,0,0,0,0,NA,0,0,0,0,0,102.1895102,136.8090643,49.14215686,NA,90,45,378.6842105,131.25,39.11111111
612,1983,83028,830623,2,19.5072,4,63.4,27.2,40,80,NA,NA,NA,NA,NA,NA,0,3.332,1.3804,5.1408,0.6664,11.75730994,13.23523392,9.065781663,NA,15.66666667,5,17.57894737,20.375,7.555555556,0.099702381,0.139583333,0.025,NA,0.666666667,0,0,0.03125,0,0,0,0,NA,0,0,0,0,0,102.1895102,136.8090643,49.14215686,NA,90,45,378.6842105,131.25,39.11111111
613,1983,83020,830621,2,18.5928,5.2-,63.4,27.2,50,60,NA,NA,NA,NA,NA,NA,1,3.332,1.3804,5.1408,0.6664,11.75730994,13.23523392,9.065781663,NA,15.66666667,5,17.57894737,20.375,7.555555556,0.099702381,0.139583333,0.025,NA,0.666666667,0,0,0.03125,0,0,0,0,NA,0,0,0,0,0,102.1895102,136.8090643,49.14215686,NA,90,45,378.6842105,131.25,39.11111111
614,1983,83026,830622,2,18.8976,May-00,63.4,27.2,60,70,NA,NA,NA,NA,NA,NA,1,3.332,1.3804,5.1408,0.6664,11.75730994,13.23523392,9.065781663,NA,15.66666667,5,17.57894737,20.375,7.555555556,0.099702381,0.139583333,0.025,NA,0.666666667,0,0,0.03125,0,0,0,0,NA,0,0,0,0,0,102.1895102,136.8090643,49.14215686,NA,90,45,378.6842105,131.25,39.11111111
615,1983,83036,830627,2,19.812,5.1,63.9,28.8,70,80,NA,NA,NA,NA,NA,NA,1,3.332,1.3804,5.1408,0.6664,11.75730994,13.23523392,9.065781663,NA,15.66666667,5,17.57894737,20.375,7.555555556,0.099702381,0.139583333,0.025,NA,0.666666667,0,0,0.03125,0,0,0,0,NA,0,0,0,0,0,102.1895102,136.8090643,49.14215686,NA,90,45,378.6842105,131.25,39.11111111
616,1983,83037,830627,2,20.4216,5.3,64.6,28.2,70,110,NA,NA,NA,NA,NA,NA,1,3.332,1.3804,5.1408,0.6664,11.75730994,13.23523392,9.065781663,NA,15.66666667,5,17.57894737,20.375,7.555555556,0.099702381,0.139583333,0.025,NA,0.666666667,0,0,0.03125,0,0,0,0,NA,0,0,0,0,0,102.1895102,136.8090643,49.14215686,NA,90,45,378.6842105,131.25,39.11111111
617,1983,83038,830627,2,19.2024,5.2,64.9,28.2,70,70,NA,NA,NA,NA,NA,NA,1,3.332,1.3804,5.1408,0.6664,11.75730994,13.23523392,9.065781663,NA,15.66666667,5,17.57894737,20.375,7.555555556,0.099702381,0.139583333,0.025,NA,0.666666667,0,0,0.03125,0,0,0,0,NA,0,0,0,0,0,102.1895102,136.8090643,49.14215686,NA,90,45,378.6842105,131.25,39.11111111
618,1983,83010,830616,2,18.8976,4,63.1,26.2,55,80,NA,NA,NA,NA,NA,NA,0,3.332,1.3804,5.1408,0.6664,11.75730994,13.23523392,9.065781663,NA,15.66666667,5,17.57894737,20.375,7.555555556,0.099702381,0.139583333,0.025,NA,0.666666667,0,0,0.03125,0,0,0,0,NA,0,0,0,0,0,102.1895102,136.8090643,49.14215686,NA,90,45,378.6842105,131.25,39.11111111
619,1983,83012,830618,2,18.5928,5.3,63.6,27.8,60,65,NA,NA,NA,NA,NA,NA,1,3.332,1.3804,5.1408,0.6664,11.75730994,13.23523392,9.065781663,NA,15.66666667,5,17.57894737,20.375,7.555555556,0.099702381,0.139583333,0.025,NA,0.666666667,0,0,0.03125,0,0,0,0,NA,0,0,0,0,0,102.1895102,136.8090643,49.14215686,NA,90,45,378.6842105,131.25,39.11111111
620,1983,83095,830718,2,19.5072,5.2,65.1,29.2,75,80,NA,NA,NA,NA,NA,NA,1,3.332,1.3804,5.1408,0.6664,11.75730994,13.23523392,9.065781663,NA,15.66666667,5,17.57894737,20.375,7.555555556,0.099702381,0.139583333,0.025,NA,0.666666667,0,0,0.03125,0,0,0,0,NA,0,0,0,0,0,102.1895102,136.8090643,49.14215686,NA,90,45,378.6842105,131.25,39.11111111
621,1983,83016,830619,2,19.5072,6.4,63.4,27.2,45,80,NA,NA,NA,NA,NA,NA,0,3.332,1.3804,5.1408,0.6664,11.75730994,13.23523392,9.065781663,NA,15.66666667,5,17.57894737,20.375,7.555555556,0.099702381,0.139583333,0.025,NA,0.666666667,0,0,0.03125,0,0,0,0,NA,0,0,0,0,0,102.1895102,136.8090643,49.14215686,NA,90,45,378.6842105,131.25,39.11111111
622,1983,83098,830720,2,17.9832,5.3,65.1,29.2,60,80,NA,NA,NA,NA,NA,NA,1,3.332,1.3804,5.1408,0.6664,11.75730994,13.23523392,9.065781663,NA,15.66666667,5,17.57894737,20.375,7.555555556,0.099702381,0.139583333,0.025,NA,0.666666667,0,0,0.03125,0,0,0,0,NA,0,0,0,0,0,102.1895102,136.8090643,49.14215686,NA,90,45,378.6842105,131.25,39.11111111
623,1983,83047,830701,2,19.812,5.2,64.9,28.2,70,80,NA,NA,NA,NA,NA,NA,1,3.332,1.3804,5.1408,0.6664,11.75730994,13.23523392,9.065781663,NA,15.66666667,5,17.57894737,20.375,7.555555556,0.099702381,0.139583333,0.025,NA,0.666666667,0,0,0.03125,0,0,0,0,NA,0,0,0,0,0,102.1895102,136.8090643,49.14215686,NA,90,45,378.6842105,131.25,39.11111111
624,1983,83041,830629,2,19.5072,5.1,64.6,28.2,75,90,NA,NA,NA,NA,NA,NA,1,3.332,1.3804,5.1408,0.6664,11.75730994,13.23523392,9.065781663,NA,15.66666667,5,17.57894737,20.375,7.555555556,0.099702381,0.139583333,0.025,NA,0.666666667,0,0,0.03125,0,0,0,0,NA,0,0,0,0,0,102.1895102,136.8090643,49.14215686,NA,90,45,378.6842105,131.25,39.11111111
625,1983,83046,830701,2,19.5072,5.1,64.6,28.2,70,70,NA,NA,NA,NA,NA,NA,1,3.332,1.3804,5.1408,0.6664,11.75730994,13.23523392,9.065781663,NA,15.66666667,5,17.57894737,20.375,7.555555556,0.099702381,0.139583333,0.025,NA,0.666666667,0,0,0.03125,0,0,0,0,NA,0,0,0,0,0,102.1895102,136.8090643,49.14215686,NA,90,45,378.6842105,131.25,39.11111111
626,1983,83034,830625,2,19.5072,4,63.9,28.2,NA,NA,NA,NA,NA,NA,NA,NA,0,3.332,1.3804,5.1408,0.6664,11.75730994,13.23523392,9.065781663,NA,15.66666667,5,17.57894737,20.375,7.555555556,0.099702381,0.139583333,0.025,NA,0.666666667,0,0,0.03125,0,0,0,0,NA,0,0,0,0,0,102.1895102,136.8090643,49.14215686,NA,90,45,378.6842105,131.25,39.11111111
627,1983,83035,830627,2,20.7264,5.3-,63.6,28.8,60,90,NA,NA,NA,NA,NA,NA,1,3.332,1.3804,5.1408,0.6664,11.75730994,13.23523392,9.065781663,NA,15.66666667,5,17.57894737,20.375,7.555555556,0.099702381,0.139583333,0.025,NA,0.666666667,0,0,0.03125,0,0,0,0,NA,0,0,0,0,0,102.1895102,136.8090643,49.14215686,NA,90,45,378.6842105,131.25,39.11111111
628,1983,83062,830706,2,19.5072,4,65.1,28.2,50,55,NA,NA,NA,NA,NA,NA,0,3.332,1.3804,5.1408,0.6664,11.75730994,13.23523392,9.065781663,NA,15.66666667,5,17.57894737,20.375,7.555555556,0.099702381,0.139583333,0.025,NA,0.666666667,0,0,0.03125,0,0,0,0,NA,0,0,0,0,0,102.1895102,136.8090643,49.14215686,NA,90,45,378.6842105,131.25,39.11111111
629,1983,83067,830708,2,20.4216,4,63.9,28.8,70,90,NA,NA,NA,NA,NA,NA,0,3.332,1.3804,5.1408,0.6664,11.75730994,13.23523392,9.065781663,NA,15.66666667,5,17.57894737,20.375,7.555555556,0.099702381,0.139583333,0.025,NA,0.666666667,0,0,0.03125,0,0,0,0,NA,0,0,0,0,0,102.1895102,136.8090643,49.14215686,NA,90,45,378.6842105,131.25,39.11111111
630,1983,83071,830710,2,18.8976,4,64.1,29.2,45,65,NA,NA,NA,NA,NA,NA,0,3.332,1.3804,5.1408,0.6664,11.75730994,13.23523392,9.065781663,NA,15.66666667,5,17.57894737,20.375,7.555555556,0.099702381,0.139583333,0.025,NA,0.666666667,0,0,0.03125,0,0,0,0,NA,0,0,0,0,0,102.1895102,136.8090643,49.14215686,NA,90,45,378.6842105,131.25,39.11111111
631,1983,83039,830627,2,20.4216,5.2?4,64.6,28.2,83,120,NA,NA,NA,NA,NA,NA,1,3.332,1.3804,5.1408,0.6664,11.75730994,13.23523392,9.065781663,NA,15.66666667,5,17.57894737,20.375,7.555555556,0.099702381,0.139583333,0.025,NA,0.666666667,0,0,0.03125,0,0,0,0,NA,0,0,0,0,0,102.1895102,136.8090643,49.14215686,NA,90,45,378.6842105,131.25,39.11111111
632,1983,83040,830629,2,20.7264,5.2-,64.6,27.8,55,80,NA,NA,NA,NA,NA,NA,1,3.332,1.3804,5.1408,0.6664,11.75730994,13.23523392,9.065781663,NA,15.66666667,5,17.57894737,20.375,7.555555556,0.099702381,0.139583333,0.025,NA,0.666666667,0,0,0.03125,0,0,0,0,NA,0,0,0,0,0,102.1895102,136.8090643,49.14215686,NA,90,45,378.6842105,131.25,39.11111111
633,1983,83014,830619,2,19.2024,5.1,63.4,26.8,75,90,NA,NA,NA,NA,NA,NA,1,3.332,1.3804,5.1408,0.6664,11.75730994,13.23523392,9.065781663,NA,15.66666667,5,17.57894737,20.375,7.555555556,0.099702381,0.139583333,0.025,NA,0.666666667,0,0,0.03125,0,0,0,0,NA,0,0,0,0,0,102.1895102,136.8090643,49.14215686,NA,90,45,378.6842105,131.25,39.11111111
634,1983,83087,830715,2,19.5072,4,64.4,27.8,80,100,NA,NA,NA,NA,NA,NA,0,3.332,1.3804,5.1408,0.6664,11.75730994,13.23523392,9.065781663,NA,15.66666667,5,17.57894737,20.375,7.555555556,0.099702381,0.139583333,0.025,NA,0.666666667,0,0,0.03125,0,0,0,0,NA,0,0,0,0,0,102.1895102,136.8090643,49.14215686,NA,90,45,378.6842105,131.25,39.11111111
635,1983,83072,830711,2,17.9832,4.1?4,64.6,29.8,70,80,NA,NA,NA,NA,NA,NA,0,3.332,1.3804,5.1408,0.6664,11.75730994,13.23523392,9.065781663,NA,15.66666667,5,17.57894737,20.375,7.555555556,0.099702381,0.139583333,0.025,NA,0.666666667,0,0,0.03125,0,0,0,0,NA,0,0,0,0,0,102.1895102,136.8090643,49.14215686,NA,90,45,378.6842105,131.25,39.11111111
636,1983,83083,830714,2,18.8976,4,64.6,29.2,60,70,NA,NA,NA,NA,NA,NA,0,3.332,1.3804,5.1408,0.6664,11.75730994,13.23523392,9.065781663,NA,15.66666667,5,17.57894737,20.375,7.555555556,0.099702381,0.139583333,0.025,NA,0.666666667,0,0,0.03125,0,0,0,0,NA,0,0,0,0,0,102.1895102,136.8090643,49.14215686,NA,90,45,378.6842105,131.25,39.11111111
637,1983,83052,830702,2,21.0312,4?5.2,65.1,28.8,55,65,NA,NA,NA,NA,NA,NA,1,3.332,1.3804,5.1408,0.6664,11.75730994,13.23523392,9.065781663,NA,15.66666667,5,17.57894737,20.375,7.555555556,0.099702381,0.139583333,0.025,NA,0.666666667,0,0,0.03125,0,0,0,0,NA,0,0,0,0,0,102.1895102,136.8090643,49.14215686,NA,90,45,378.6842105,131.25,39.11111111
638,1983,83032,830625,2,20.4216,4,63.4,27.8,35,55,NA,NA,NA,NA,NA,NA,0,3.332,1.3804,5.1408,0.6664,11.75730994,13.23523392,9.065781663,NA,15.66666667,5,17.57894737,20.375,7.555555556,0.099702381,0.139583333,0.025,NA,0.666666667,0,0,0.03125,0,0,0,0,NA,0,0,0,0,0,102.1895102,136.8090643,49.14215686,NA,90,45,378.6842105,131.25,39.11111111
639,1983,83058,830704,2,18.8976,5.2,65.1,28.2,65,75,NA,NA,NA,NA,NA,NA,1,3.332,1.3804,5.1408,0.6664,11.75730994,13.23523392,9.065781663,NA,15.66666667,5,17.57894737,20.375,7.555555556,0.099702381,0.139583333,0.025,NA,0.666666667,0,0,0.03125,0,0,0,0,NA,0,0,0,0,0,102.1895102,136.8090643,49.14215686,NA,90,45,378.6842105,131.25,39.11111111
640,1983,83061,830706,2,19.812,5.1-,63.4,28.8,80,80,NA,NA,NA,NA,NA,NA,1,3.332,1.3804,5.1408,0.6664,11.75730994,13.23523392,9.065781663,NA,15.66666667,5,17.57894737,20.375,7.555555556,0.099702381,0.139583333,0.025,NA,0.666666667,0,0,0.03125,0,0,0,0,NA,0,0,0,0,0,102.1895102,136.8090643,49.14215686,NA,90,45,378.6842105,131.25,39.11111111
641,1983,83001,830613,2,18.5928,5.2,63.4,26.8,60,60,NA,NA,NA,NA,NA,NA,1,3.332,1.3804,5.1408,0.6664,11.75730994,13.23523392,9.065781663,NA,15.66666667,5,17.57894737,20.375,7.555555556,0.099702381,0.139583333,0.025,NA,0.666666667,0,0,0.03125,0,0,0,0,NA,0,0,0,0,0,102.1895102,136.8090643,49.14215686,NA,90,45,378.6842105,131.25,39.11111111
642,1983,83109,830723,2,19.2024,4,65.1,28.8,50,60,NA,NA,NA,NA,NA,NA,0,3.332,1.3804,5.1408,0.6664,11.75730994,13.23523392,9.065781663,NA,15.66666667,5,17.57894737,20.375,7.555555556,0.099702381,0.139583333,0.025,NA,0.666666667,0,0,0.03125,0,0,0,0,NA,0,0,0,0,0,102.1895102,136.8090643,49.14215686,NA,90,45,378.6842105,131.25,39.11111111
643,1983,83121,830726,2,20.7264,4,64.6,28.2,70,85,NA,NA,NA,NA,NA,NA,0,3.332,1.3804,5.1408,0.6664,11.75730994,13.23523392,9.065781663,NA,15.66666667,5,17.57894737,20.375,7.555555556,0.099702381,0.139583333,0.025,NA,0.666666667,0,0,0.03125,0,0,0,0,NA,0,0,0,0,0,102.1895102,136.8090643,49.14215686,NA,90,45,378.6842105,131.25,39.11111111
644,1983,83124,830730,2,22.2504,4,64.1,27.8,60,80,NA,NA,NA,NA,NA,NA,0,3.332,1.3804,5.1408,0.6664,11.75730994,13.23523392,9.065781663,NA,15.66666667,5,17.57894737,20.375,7.555555556,0.099702381,0.139583333,0.025,NA,0.666666667,0,0,0.03125,0,0,0,0,NA,0,0,0,0,0,102.1895102,136.8090643,49.14215686,NA,90,45,378.6842105,131.25,39.11111111
645,1983,83126,830731,2,19.2024,4?5,64.6,28.2,60,80,NA,NA,NA,NA,NA,NA,1,3.332,1.3804,5.1408,0.6664,11.75730994,13.23523392,9.065781663,NA,15.66666667,5,17.57894737,20.375,7.555555556,0.099702381,0.139583333,0.025,NA,0.666666667,0,0,0.03125,0,0,0,0,NA,0,0,0,0,0,102.1895102,136.8090643,49.14215686,NA,90,45,378.6842105,131.25,39.11111111
646,1983,83135,830805,2,19.2024,5.2,65.1,28.2,NA,NA,NA,NA,NA,NA,NA,NA,1,3.332,1.3804,5.1408,0.6664,11.75730994,13.23523392,9.065781663,NA,15.66666667,5,17.57894737,20.375,7.555555556,0.099702381,0.139583333,0.025,NA,0.666666667,0,0,0.03125,0,0,0,0,NA,0,0,0,0,0,102.1895102,136.8090643,49.14215686,NA,90,45,378.6842105,131.25,39.11111111
647,1983,83136,830806,2,18.288,4,65.4,27.8,55,60,NA,NA,NA,NA,NA,NA,0,3.332,1.3804,5.1408,0.6664,11.75730994,13.23523392,9.065781663,NA,15.66666667,5,17.57894737,20.375,7.555555556,0.099702381,0.139583333,0.025,NA,0.666666667,0,0,0.03125,0,0,0,0,NA,0,0,0,0,0,102.1895102,136.8090643,49.14215686,NA,90,45,378.6842105,131.25,39.11111111
648,1983,83141,830808,2,19.5072,5.1-,65.4,28.2,NA,NA,NA,NA,NA,NA,NA,NA,1,3.332,1.3804,5.1408,0.6664,11.75730994,13.23523392,9.065781663,NA,15.66666667,5,17.57894737,20.375,7.555555556,0.099702381,0.139583333,0.025,NA,0.666666667,0,0,0.03125,0,0,0,0,NA,0,0,0,0,0,102.1895102,136.8090643,49.14215686,NA,90,45,378.6842105,131.25,39.11111111
649,1983,83243,830929,2,19.2024,4,65.9,27.2,40,55,NA,NA,NA,NA,NA,NA,0,3.332,1.3804,5.1408,0.6664,11.75730994,13.23523392,9.065781663,NA,15.66666667,5,17.57894737,20.375,7.555555556,0.099702381,0.139583333,0.025,NA,0.666666667,0,0,0.03125,0,0,0,0,NA,0,0,0,0,0,102.1895102,136.8090643,49.14215686,NA,90,45,378.6842105,131.25,39.11111111
650,1984,84084,840701,2,18.8976,5.2,63.1,26.2,66,83,NA,NA,NA,NA,NA,NA,1,9.9008,2.38,3.332,1.3804,10.1309739,10.13910154,13.23523392,6.166666667,1.4,13.63157895,23.90909091,10,5.727272727,0.01754386,0.02631579,0.139583333,0,0,0.157894737,0,0,0,0,0,0,0,0,0,0,0,0,91.58042918,125.9247563,136.8090643,103.5,2.3,78.52631579,365.7272727,106.2222222,99.27272727
651,1984,84003,840611,2,19.5072,3,63.4,26.2,45,55,NA,NA,NA,NA,NA,NA,0,9.9008,2.38,3.332,1.3804,10.1309739,10.13910154,13.23523392,6.166666667,1.4,13.63157895,23.90909091,10,5.727272727,0.01754386,0.02631579,0.139583333,0,0,0.157894737,0,0,0,0,0,0,0,0,0,0,0,0,91.58042918,125.9247563,136.8090643,103.5,2.3,78.52631579,365.7272727,106.2222222,99.27272727
652,1984,84004,840611,2,20.7264,5.1-,63.4,26.2,55,60,NA,NA,NA,NA,NA,NA,1,9.9008,2.38,3.332,1.3804,10.1309739,10.13910154,13.23523392,6.166666667,1.4,13.63157895,23.90909091,10,5.727272727,0.01754386,0.02631579,0.139583333,0,0,0.157894737,0,0,0,0,0,0,0,0,0,0,0,0,91.58042918,125.9247563,136.8090643,103.5,2.3,78.52631579,365.7272727,106.2222222,99.27272727
653,1984,84031,840618,2,19.5072,5.1,63.1,25.8,68,98,NA,NA,NA,NA,NA,NA,1,9.9008,2.38,3.332,1.3804,10.1309739,10.13910154,13.23523392,6.166666667,1.4,13.63157895,23.90909091,10,5.727272727,0.01754386,0.02631579,0.139583333,0,0,0.157894737,0,0,0,0,0,0,0,0,0,0,0,0,91.58042918,125.9247563,136.8090643,103.5,2.3,78.52631579,365.7272727,106.2222222,99.27272727
654,1984,84078,840630,2,20.7264,5.1-?,62.9,26.2,NA,65,NA,NA,NA,NA,NA,NA,1,9.9008,2.38,3.332,1.3804,10.1309739,10.13910154,13.23523392,6.166666667,1.4,13.63157895,23.90909091,10,5.727272727,0.01754386,0.02631579,0.139583333,0,0,0.157894737,0,0,0,0,0,0,0,0,0,0,0,0,91.58042918,125.9247563,136.8090643,103.5,2.3,78.52631579,365.7272727,106.2222222,99.27272727
655,1984,84010,840613,2,21.336,5.3-,63.4,26.2,70,102,NA,NA,NA,NA,NA,NA,1,9.9008,2.38,3.332,1.3804,10.1309739,10.13910154,13.23523392,6.166666667,1.4,13.63157895,23.90909091,10,5.727272727,0.01754386,0.02631579,0.139583333,0,0,0.157894737,0,0,0,0,0,0,0,0,0,0,0,0,91.58042918,125.9247563,136.8090643,103.5,2.3,78.52631579,365.7272727,106.2222222,99.27272727
656,1984,84017,840616,2,19.2024,5.1,63.1,25.2,54,72,NA,NA,NA,NA,NA,NA,1,9.9008,2.38,3.332,1.3804,10.1309739,10.13910154,13.23523392,6.166666667,1.4,13.63157895,23.90909091,10,5.727272727,0.01754386,0.02631579,0.139583333,0,0,0.157894737,0,0,0,0,0,0,0,0,0,0,0,0,91.58042918,125.9247563,136.8090643,103.5,2.3,78.52631579,365.7272727,106.2222222,99.27272727
657,1984,84021,840616,2,17.9832,5.2-,62.9,26.8,50,83,NA,NA,NA,NA,NA,NA,1,9.9008,2.38,3.332,1.3804,10.1309739,10.13910154,13.23523392,6.166666667,1.4,13.63157895,23.90909091,10,5.727272727,0.01754386,0.02631579,0.139583333,0,0,0.157894737,0,0,0,0,0,0,0,0,0,0,0,0,91.58042918,125.9247563,136.8090643,103.5,2.3,78.52631579,365.7272727,106.2222222,99.27272727
658,1984,84005,840612,2,20.1168,5.2-,63.4,26.2,45,55,NA,NA,NA,NA,NA,NA,1,9.9008,2.38,3.332,1.3804,10.1309739,10.13910154,13.23523392,6.166666667,1.4,13.63157895,23.90909091,10,5.727272727,0.01754386,0.02631579,0.139583333,0,0,0.157894737,0,0,0,0,0,0,0,0,0,0,0,0,91.58042918,125.9247563,136.8090643,103.5,2.3,78.52631579,365.7272727,106.2222222,99.27272727
659,1984,84095,840706,2,20.4216,4,65.1,27.8,65,90,NA,NA,NA,NA,NA,NA,0,9.9008,2.38,3.332,1.3804,10.1309739,10.13910154,13.23523392,6.166666667,1.4,13.63157895,23.90909091,10,5.727272727,0.01754386,0.02631579,0.139583333,0,0,0.157894737,0,0,0,0,0,0,0,0,0,0,0,0,91.58042918,125.9247563,136.8090643,103.5,2.3,78.52631579,365.7272727,106.2222222,99.27272727
660,1984,84058,840625,2,21.0312,5.1-,62.9,25.8,77,105,NA,NA,NA,NA,NA,NA,1,9.9008,2.38,3.332,1.3804,10.1309739,10.13910154,13.23523392,6.166666667,1.4,13.63157895,23.90909091,10,5.727272727,0.01754386,0.02631579,0.139583333,0,0,0.157894737,0,0,0,0,0,0,0,0,0,0,0,0,91.58042918,125.9247563,136.8090643,103.5,2.3,78.52631579,365.7272727,106.2222222,99.27272727
661,1984,84024,840617,2,18.5928,5.1,62.9,25.8,45,60,NA,NA,NA,NA,NA,NA,1,9.9008,2.38,3.332,1.3804,10.1309739,10.13910154,13.23523392,6.166666667,1.4,13.63157895,23.90909091,10,5.727272727,0.01754386,0.02631579,0.139583333,0,0,0.157894737,0,0,0,0,0,0,0,0,0,0,0,0,91.58042918,125.9247563,136.8090643,103.5,2.3,78.52631579,365.7272727,106.2222222,99.27272727
662,1984,84025,840617,2,19.2024,4,63.1,25.8,45,70,NA,NA,NA,NA,NA,NA,0,9.9008,2.38,3.332,1.3804,10.1309739,10.13910154,13.23523392,6.166666667,1.4,13.63157895,23.90909091,10,5.727272727,0.01754386,0.02631579,0.139583333,0,0,0.157894737,0,0,0,0,0,0,0,0,0,0,0,0,91.58042918,125.9247563,136.8090643,103.5,2.3,78.52631579,365.7272727,106.2222222,99.27272727
663,1984,84026,840617,2,18.8976,5.2,63.1,25.8,56,76,NA,NA,NA,NA,NA,NA,1,9.9008,2.38,3.332,1.3804,10.1309739,10.13910154,13.23523392,6.166666667,1.4,13.63157895,23.90909091,10,5.727272727,0.01754386,0.02631579,0.139583333,0,0,0.157894737,0,0,0,0,0,0,0,0,0,0,0,0,91.58042918,125.9247563,136.8090643,103.5,2.3,78.52631579,365.7272727,106.2222222,99.27272727
664,1984,84027,840617,2,19.812,4,62.9,25.8,53,61,NA,NA,NA,NA,NA,NA,0,9.9008,2.38,3.332,1.3804,10.1309739,10.13910154,13.23523392,6.166666667,1.4,13.63157895,23.90909091,10,5.727272727,0.01754386,0.02631579,0.139583333,0,0,0.157894737,0,0,0,0,0,0,0,0,0,0,0,0,91.58042918,125.9247563,136.8090643,103.5,2.3,78.52631579,365.7272727,106.2222222,99.27272727
665,1984,84029,840618,2,21.6408,5.1,63.1,25.8,82,92,NA,NA,NA,NA,NA,NA,1,9.9008,2.38,3.332,1.3804,10.1309739,10.13910154,13.23523392,6.166666667,1.4,13.63157895,23.90909091,10,5.727272727,0.01754386,0.02631579,0.139583333,0,0,0.157894737,0,0,0,0,0,0,0,0,0,0,0,0,91.58042918,125.9247563,136.8090643,103.5,2.3,78.52631579,365.7272727,106.2222222,99.27272727
666,1984,84068,840627,2,18.5928,4,62.9,25.8,50,60,NA,NA,NA,NA,NA,NA,0,9.9008,2.38,3.332,1.3804,10.1309739,10.13910154,13.23523392,6.166666667,1.4,13.63157895,23.90909091,10,5.727272727,0.01754386,0.02631579,0.139583333,0,0,0.157894737,0,0,0,0,0,0,0,0,0,0,0,0,91.58042918,125.9247563,136.8090643,103.5,2.3,78.52631579,365.7272727,106.2222222,99.27272727
667,1984,84036,840619,2,17.6784,4,63.1,25.8,40,56,NA,NA,NA,NA,NA,NA,0,9.9008,2.38,3.332,1.3804,10.1309739,10.13910154,13.23523392,6.166666667,1.4,13.63157895,23.90909091,10,5.727272727,0.01754386,0.02631579,0.139583333,0,0,0.157894737,0,0,0,0,0,0,0,0,0,0,0,0,91.58042918,125.9247563,136.8090643,103.5,2.3,78.52631579,365.7272727,106.2222222,99.27272727
668,1984,84038,840620,2,20.7264,5.2,63.1,25.8,58,72,NA,NA,NA,NA,NA,NA,1,9.9008,2.38,3.332,1.3804,10.1309739,10.13910154,13.23523392,6.166666667,1.4,13.63157895,23.90909091,10,5.727272727,0.01754386,0.02631579,0.139583333,0,0,0.157894737,0,0,0,0,0,0,0,0,0,0,0,0,91.58042918,125.9247563,136.8090643,103.5,2.3,78.52631579,365.7272727,106.2222222,99.27272727
669,1984,84046,840622,2,18.8976,5.2?4,63.1,26.2,60,115,NA,NA,NA,NA,NA,NA,1,9.9008,2.38,3.332,1.3804,10.1309739,10.13910154,13.23523392,6.166666667,1.4,13.63157895,23.90909091,10,5.727272727,0.01754386,0.02631579,0.139583333,0,0,0.157894737,0,0,0,0,0,0,0,0,0,0,0,0,91.58042918,125.9247563,136.8090643,103.5,2.3,78.52631579,365.7272727,106.2222222,99.27272727
670,1984,84034,840619,2,21.336,5.1,63.1,25.8,73,90,NA,NA,NA,NA,NA,NA,1,9.9008,2.38,3.332,1.3804,10.1309739,10.13910154,13.23523392,6.166666667,1.4,13.63157895,23.90909091,10,5.727272727,0.01754386,0.02631579,0.139583333,0,0,0.157894737,0,0,0,0,0,0,0,0,0,0,0,0,91.58042918,125.9247563,136.8090643,103.5,2.3,78.52631579,365.7272727,106.2222222,99.27272727
671,1984,84035,840619,2,18.5928,4,63.1,25.8,34,52,NA,NA,NA,NA,NA,NA,0,9.9008,2.38,3.332,1.3804,10.1309739,10.13910154,13.23523392,6.166666667,1.4,13.63157895,23.90909091,10,5.727272727,0.01754386,0.02631579,0.139583333,0,0,0.157894737,0,0,0,0,0,0,0,0,0,0,0,0,91.58042918,125.9247563,136.8090643,103.5,2.3,78.52631579,365.7272727,106.2222222,99.27272727
672,1984,84006,840612,2,20.4216,6.4,63.4,26.2,55,65,NA,NA,NA,NA,NA,NA,0,9.9008,2.38,3.332,1.3804,10.1309739,10.13910154,13.23523392,6.166666667,1.4,13.63157895,23.90909091,10,5.727272727,0.01754386,0.02631579,0.139583333,0,0,0.157894737,0,0,0,0,0,0,0,0,0,0,0,0,91.58042918,125.9247563,136.8090643,103.5,2.3,78.52631579,365.7272727,106.2222222,99.27272727
673,1984,84098,840707,2,20.1168,4,64.4,28.2,80,100,NA,NA,NA,NA,NA,NA,0,9.9008,2.38,3.332,1.3804,10.1309739,10.13910154,13.23523392,6.166666667,1.4,13.63157895,23.90909091,10,5.727272727,0.01754386,0.02631579,0.139583333,0,0,0.157894737,0,0,0,0,0,0,0,0,0,0,0,0,91.58042918,125.9247563,136.8090643,103.5,2.3,78.52631579,365.7272727,106.2222222,99.27272727
674,1984,84059,840625,2,19.2024,5.2,62.9,25.8,65,90,NA,NA,NA,NA,NA,NA,1,9.9008,2.38,3.332,1.3804,10.1309739,10.13910154,13.23523392,6.166666667,1.4,13.63157895,23.90909091,10,5.727272727,0.01754386,0.02631579,0.139583333,0,0,0.157894737,0,0,0,0,0,0,0,0,0,0,0,0,91.58042918,125.9247563,136.8090643,103.5,2.3,78.52631579,365.7272727,106.2222222,99.27272727
675,1984,84062,840626,2,18.5928,4,63.1,25.8,50,75,NA,NA,NA,NA,NA,NA,0,9.9008,2.38,3.332,1.3804,10.1309739,10.13910154,13.23523392,6.166666667,1.4,13.63157895,23.90909091,10,5.727272727,0.01754386,0.02631579,0.139583333,0,0,0.157894737,0,0,0,0,0,0,0,0,0,0,0,0,91.58042918,125.9247563,136.8090643,103.5,2.3,78.52631579,365.7272727,106.2222222,99.27272727
676,1984,84063,840627,2,18.5928,5.1,62.9,25.8,NA,70,NA,NA,NA,NA,NA,NA,1,9.9008,2.38,3.332,1.3804,10.1309739,10.13910154,13.23523392,6.166666667,1.4,13.63157895,23.90909091,10,5.727272727,0.01754386,0.02631579,0.139583333,0,0,0.157894737,0,0,0,0,0,0,0,0,0,0,0,0,91.58042918,125.9247563,136.8090643,103.5,2.3,78.52631579,365.7272727,106.2222222,99.27272727
677,1984,84064,840627,2,19.812,5.2-,62.9,25.8,80,110,NA,NA,NA,NA,NA,NA,1,9.9008,2.38,3.332,1.3804,10.1309739,10.13910154,13.23523392,6.166666667,1.4,13.63157895,23.90909091,10,5.727272727,0.01754386,0.02631579,0.139583333,0,0,0.157894737,0,0,0,0,0,0,0,0,0,0,0,0,91.58042918,125.9247563,136.8090643,103.5,2.3,78.52631579,365.7272727,106.2222222,99.27272727
678,1984,84066,840627,2,19.5072,5.1-,62.9,25.8,50,83,NA,NA,NA,NA,NA,NA,1,9.9008,2.38,3.332,1.3804,10.1309739,10.13910154,13.23523392,6.166666667,1.4,13.63157895,23.90909091,10,5.727272727,0.01754386,0.02631579,0.139583333,0,0,0.157894737,0,0,0,0,0,0,0,0,0,0,0,0,91.58042918,125.9247563,136.8090643,103.5,2.3,78.52631579,365.7272727,106.2222222,99.27272727
679,1984,84086,840701,2,19.2024,4,62.9,26.8,85,90,NA,NA,NA,NA,NA,NA,0,9.9008,2.38,3.332,1.3804,10.1309739,10.13910154,13.23523392,6.166666667,1.4,13.63157895,23.90909091,10,5.727272727,0.01754386,0.02631579,0.139583333,0,0,0.157894737,0,0,0,0,0,0,0,0,0,0,0,0,91.58042918,125.9247563,136.8090643,103.5,2.3,78.52631579,365.7272727,106.2222222,99.27272727
680,1984,84089,840702,2,19.5072,5.2,64.1,27.8,40,60,NA,NA,NA,NA,NA,NA,1,9.9008,2.38,3.332,1.3804,10.1309739,10.13910154,13.23523392,6.166666667,1.4,13.63157895,23.90909091,10,5.727272727,0.01754386,0.02631579,0.139583333,0,0,0.157894737,0,0,0,0,0,0,0,0,0,0,0,0,91.58042918,125.9247563,136.8090643,103.5,2.3,78.52631579,365.7272727,106.2222222,99.27272727
681,1984,84094,840705,2,20.1168,4,64.1,28.2,55,65,NA,NA,NA,NA,NA,NA,0,9.9008,2.38,3.332,1.3804,10.1309739,10.13910154,13.23523392,6.166666667,1.4,13.63157895,23.90909091,10,5.727272727,0.01754386,0.02631579,0.139583333,0,0,0.157894737,0,0,0,0,0,0,0,0,0,0,0,0,91.58042918,125.9247563,136.8090643,103.5,2.3,78.52631579,365.7272727,106.2222222,99.27272727
682,1984,84033,840619,2,18.288,5,63.1,25.8,55,55,NA,NA,NA,NA,NA,NA,1,9.9008,2.38,3.332,1.3804,10.1309739,10.13910154,13.23523392,6.166666667,1.4,13.63157895,23.90909091,10,5.727272727,0.01754386,0.02631579,0.139583333,0,0,0.157894737,0,0,0,0,0,0,0,0,0,0,0,0,91.58042918,125.9247563,136.8090643,103.5,2.3,78.52631579,365.7272727,106.2222222,99.27272727
683,1984,84143,840727,2,19.5072,5.3,64.1,28.2,65,75,NA,NA,NA,NA,NA,NA,1,9.9008,2.38,3.332,1.3804,10.1309739,10.13910154,13.23523392,6.166666667,1.4,13.63157895,23.90909091,10,5.727272727,0.01754386,0.02631579,0.139583333,0,0,0.157894737,0,0,0,0,0,0,0,0,0,0,0,0,91.58042918,125.9247563,136.8090643,103.5,2.3,78.52631579,365.7272727,106.2222222,99.27272727
684,1984,84144,840728,2,18.5928,4,64.6,29.2,78,105,NA,NA,NA,NA,NA,NA,0,9.9008,2.38,3.332,1.3804,10.1309739,10.13910154,13.23523392,6.166666667,1.4,13.63157895,23.90909091,10,5.727272727,0.01754386,0.02631579,0.139583333,0,0,0.157894737,0,0,0,0,0,0,0,0,0,0,0,0,91.58042918,125.9247563,136.8090643,103.5,2.3,78.52631579,365.7272727,106.2222222,99.27272727
685,1984,84145,840728,2,19.2024,4,64.6,29.2,75,105,NA,NA,NA,NA,NA,NA,0,9.9008,2.38,3.332,1.3804,10.1309739,10.13910154,13.23523392,6.166666667,1.4,13.63157895,23.90909091,10,5.727272727,0.01754386,0.02631579,0.139583333,0,0,0.157894737,0,0,0,0,0,0,0,0,0,0,0,0,91.58042918,125.9247563,136.8090643,103.5,2.3,78.52631579,365.7272727,106.2222222,99.27272727
686,1984,84146,840728,2,18.8976,5.2,64.6,29.2,70,95,NA,NA,NA,NA,NA,NA,1,9.9008,2.38,3.332,1.3804,10.1309739,10.13910154,13.23523392,6.166666667,1.4,13.63157895,23.90909091,10,5.727272727,0.01754386,0.02631579,0.139583333,0,0,0.157894737,0,0,0,0,0,0,0,0,0,0,0,0,91.58042918,125.9247563,136.8090643,103.5,2.3,78.52631579,365.7272727,106.2222222,99.27272727
687,1984,84148,840729,2,19.5072,4?,65.6,27.2,60,85,NA,NA,NA,NA,NA,NA,0,9.9008,2.38,3.332,1.3804,10.1309739,10.13910154,13.23523392,6.166666667,1.4,13.63157895,23.90909091,10,5.727272727,0.01754386,0.02631579,0.139583333,0,0,0.157894737,0,0,0,0,0,0,0,0,0,0,0,0,91.58042918,125.9247563,136.8090643,103.5,2.3,78.52631579,365.7272727,106.2222222,99.27272727
688,1984,84136,840721,2,19.5072,5.2?4,64.9,29.2,78,100,NA,NA,NA,NA,NA,NA,1,9.9008,2.38,3.332,1.3804,10.1309739,10.13910154,13.23523392,6.166666667,1.4,13.63157895,23.90909091,10,5.727272727,0.01754386,0.02631579,0.139583333,0,0,0.157894737,0,0,0,0,0,0,0,0,0,0,0,0,91.58042918,125.9247563,136.8090643,103.5,2.3,78.52631579,365.7272727,106.2222222,99.27272727
689,1984,84131,840719,2,18.5928,5.2-,64.9,29.2,75,100,NA,NA,NA,NA,NA,NA,1,9.9008,2.38,3.332,1.3804,10.1309739,10.13910154,13.23523392,6.166666667,1.4,13.63157895,23.90909091,10,5.727272727,0.01754386,0.02631579,0.139583333,0,0,0.157894737,0,0,0,0,0,0,0,0,0,0,0,0,91.58042918,125.9247563,136.8090643,103.5,2.3,78.52631579,365.7272727,106.2222222,99.27272727
690,1984,84133,840720,2,18.8976,5.3,64.9,29.2,68,75,NA,NA,NA,NA,NA,NA,1,9.9008,2.38,3.332,1.3804,10.1309739,10.13910154,13.23523392,6.166666667,1.4,13.63157895,23.90909091,10,5.727272727,0.01754386,0.02631579,0.139583333,0,0,0.157894737,0,0,0,0,0,0,0,0,0,0,0,0,91.58042918,125.9247563,136.8090643,103.5,2.3,78.52631579,365.7272727,106.2222222,99.27272727
691,1984,84161,840803,2,19.2024,5.3,65.1,28.8,65,90,NA,NA,NA,NA,NA,NA,1,9.9008,2.38,3.332,1.3804,10.1309739,10.13910154,13.23523392,6.166666667,1.4,13.63157895,23.90909091,10,5.727272727,0.01754386,0.02631579,0.139583333,0,0,0.157894737,0,0,0,0,0,0,0,0,0,0,0,0,91.58042918,125.9247563,136.8090643,103.5,2.3,78.52631579,365.7272727,106.2222222,99.27272727
692,1984,84162,840804,2,17.6784,4,65.6,27.2,45,50,NA,NA,NA,NA,NA,NA,0,9.9008,2.38,3.332,1.3804,10.1309739,10.13910154,13.23523392,6.166666667,1.4,13.63157895,23.90909091,10,5.727272727,0.01754386,0.02631579,0.139583333,0,0,0.157894737,0,0,0,0,0,0,0,0,0,0,0,0,91.58042918,125.9247563,136.8090643,103.5,2.3,78.52631579,365.7272727,106.2222222,99.27272727
693,1984,84163,840804,2,18.8976,4,65.6,27.2,65,75,NA,NA,NA,NA,NA,NA,0,9.9008,2.38,3.332,1.3804,10.1309739,10.13910154,13.23523392,6.166666667,1.4,13.63157895,23.90909091,10,5.727272727,0.01754386,0.02631579,0.139583333,0,0,0.157894737,0,0,0,0,0,0,0,0,0,0,0,0,91.58042918,125.9247563,136.8090643,103.5,2.3,78.52631579,365.7272727,106.2222222,99.27272727
694,1984,84169,840814,2,19.2024,4,63.1,25.8,60,100,NA,NA,NA,NA,NA,NA,0,9.9008,2.38,3.332,1.3804,10.1309739,10.13910154,13.23523392,6.166666667,1.4,13.63157895,23.90909091,10,5.727272727,0.01754386,0.02631579,0.139583333,0,0,0.157894737,0,0,0,0,0,0,0,0,0,0,0,0,91.58042918,125.9247563,136.8090643,103.5,2.3,78.52631579,365.7272727,106.2222222,99.27272727
695,1984,84170,840817,2,16.764,4,63.6,26.2,47,60,NA,NA,NA,NA,NA,NA,0,9.9008,2.38,3.332,1.3804,10.1309739,10.13910154,13.23523392,6.166666667,1.4,13.63157895,23.90909091,10,5.727272727,0.01754386,0.02631579,0.139583333,0,0,0.157894737,0,0,0,0,0,0,0,0,0,0,0,0,91.58042918,125.9247563,136.8090643,103.5,2.3,78.52631579,365.7272727,106.2222222,99.27272727
696,1984,84106,840709,2,18.288,5.1?-,64.6,27.8,70,85,NA,NA,NA,NA,NA,NA,1,9.9008,2.38,3.332,1.3804,10.1309739,10.13910154,13.23523392,6.166666667,1.4,13.63157895,23.90909091,10,5.727272727,0.01754386,0.02631579,0.139583333,0,0,0.157894737,0,0,0,0,0,0,0,0,0,0,0,0,91.58042918,125.9247563,136.8090643,103.5,2.3,78.52631579,365.7272727,106.2222222,99.27272727
697,1984,84110,840710,2,19.5072,5.3-,64.4,28.2,65,85,NA,NA,NA,NA,NA,NA,1,9.9008,2.38,3.332,1.3804,10.1309739,10.13910154,13.23523392,6.166666667,1.4,13.63157895,23.90909091,10,5.727272727,0.01754386,0.02631579,0.139583333,0,0,0.157894737,0,0,0,0,0,0,0,0,0,0,0,0,91.58042918,125.9247563,136.8090643,103.5,2.3,78.52631579,365.7272727,106.2222222,99.27272727
698,1984,84114,840712,2,18.5928,5,64.6,28.8,80,120,NA,NA,NA,NA,NA,NA,1,9.9008,2.38,3.332,1.3804,10.1309739,10.13910154,13.23523392,6.166666667,1.4,13.63157895,23.90909091,10,5.727272727,0.01754386,0.02631579,0.139583333,0,0,0.157894737,0,0,0,0,0,0,0,0,0,0,0,0,91.58042918,125.9247563,136.8090643,103.5,2.3,78.52631579,365.7272727,106.2222222,99.27272727
699,1984,84160,840803,2,19.812,4,65.6,27.2,60,75,NA,NA,NA,NA,NA,NA,0,9.9008,2.38,3.332,1.3804,10.1309739,10.13910154,13.23523392,6.166666667,1.4,13.63157895,23.90909091,10,5.727272727,0.01754386,0.02631579,0.139583333,0,0,0.157894737,0,0,0,0,0,0,0,0,0,0,0,0,91.58042918,125.9247563,136.8090643,103.5,2.3,78.52631579,365.7272727,106.2222222,99.27272727
700,1984,84153,840731,2,19.2024,4,65.9,27.2,60,62,NA,NA,NA,NA,NA,NA,0,9.9008,2.38,3.332,1.3804,10.1309739,10.13910154,13.23523392,6.166666667,1.4,13.63157895,23.90909091,10,5.727272727,0.01754386,0.02631579,0.139583333,0,0,0.157894737,0,0,0,0,0,0,0,0,0,0,0,0,91.58042918,125.9247563,136.8090643,103.5,2.3,78.52631579,365.7272727,106.2222222,99.27272727
701,1984,84157,840802,2,20.4216,4,65.9,26.8,65,75,NA,NA,NA,NA,NA,NA,0,9.9008,2.38,3.332,1.3804,10.1309739,10.13910154,13.23523392,6.166666667,1.4,13.63157895,23.90909091,10,5.727272727,0.01754386,0.02631579,0.139583333,0,0,0.157894737,0,0,0,0,0,0,0,0,0,0,0,0,91.58042918,125.9247563,136.8090643,103.5,2.3,78.52631579,365.7272727,106.2222222,99.27272727
702,1984,84121,840715,2,18.288,5.1,64.6,29.2,60,80,NA,NA,NA,NA,NA,NA,1,9.9008,2.38,3.332,1.3804,10.1309739,10.13910154,13.23523392,6.166666667,1.4,13.63157895,23.90909091,10,5.727272727,0.01754386,0.02631579,0.139583333,0,0,0.157894737,0,0,0,0,0,0,0,0,0,0,0,0,91.58042918,125.9247563,136.8090643,103.5,2.3,78.52631579,365.7272727,106.2222222,99.27272727
703,1984,84129,840718,2,20.4216,5,64.9,29.8,70,88,NA,NA,NA,NA,NA,NA,1,9.9008,2.38,3.332,1.3804,10.1309739,10.13910154,13.23523392,6.166666667,1.4,13.63157895,23.90909091,10,5.727272727,0.01754386,0.02631579,0.139583333,0,0,0.157894737,0,0,0,0,0,0,0,0,0,0,0,0,91.58042918,125.9247563,136.8090643,103.5,2.3,78.52631579,365.7272727,106.2222222,99.27272727
704,1984,84105,840708,2,21.0312,5.2-,64.4,28.2,90,90,NA,NA,NA,NA,NA,NA,1,9.9008,2.38,3.332,1.3804,10.1309739,10.13910154,13.23523392,6.166666667,1.4,13.63157895,23.90909091,10,5.727272727,0.01754386,0.02631579,0.139583333,0,0,0.157894737,0,0,0,0,0,0,0,0,0,0,0,0,91.58042918,125.9247563,136.8090643,103.5,2.3,78.52631579,365.7272727,106.2222222,99.27272727
705,1984,84099,840707,2,19.5072,4,64.6,27.8,55,70,NA,NA,NA,NA,NA,NA,0,9.9008,2.38,3.332,1.3804,10.1309739,10.13910154,13.23523392,6.166666667,1.4,13.63157895,23.90909091,10,5.727272727,0.01754386,0.02631579,0.139583333,0,0,0.157894737,0,0,0,0,0,0,0,0,0,0,0,0,91.58042918,125.9247563,136.8090643,103.5,2.3,78.52631579,365.7272727,106.2222222,99.27272727
706,1984,84101,840708,2,19.812,5.2,64.4,28.2,100,110,NA,NA,NA,NA,NA,NA,1,9.9008,2.38,3.332,1.3804,10.1309739,10.13910154,13.23523392,6.166666667,1.4,13.63157895,23.90909091,10,5.727272727,0.01754386,0.02631579,0.139583333,0,0,0.157894737,0,0,0,0,0,0,0,0,0,0,0,0,91.58042918,125.9247563,136.8090643,103.5,2.3,78.52631579,365.7272727,106.2222222,99.27272727
707,1984,84138,840722,2,20.4216,3,64.6,29.2,100,110,NA,NA,NA,NA,NA,NA,0,9.9008,2.38,3.332,1.3804,10.1309739,10.13910154,13.23523392,6.166666667,1.4,13.63157895,23.90909091,10,5.727272727,0.01754386,0.02631579,0.139583333,0,0,0.157894737,0,0,0,0,0,0,0,0,0,0,0,0,91.58042918,125.9247563,136.8090643,103.5,2.3,78.52631579,365.7272727,106.2222222,99.27272727
708,1984,84140,840723,2,19.2024,4,64.9,27.2,48,75,NA,NA,NA,NA,NA,NA,0,9.9008,2.38,3.332,1.3804,10.1309739,10.13910154,13.23523392,6.166666667,1.4,13.63157895,23.90909091,10,5.727272727,0.01754386,0.02631579,0.139583333,0,0,0.157894737,0,0,0,0,0,0,0,0,0,0,0,0,91.58042918,125.9247563,136.8090643,103.5,2.3,78.52631579,365.7272727,106.2222222,99.27272727
709,1984,84141,840723,2,20.7264,4,64.9,29.8,45,55,NA,NA,NA,NA,NA,NA,0,9.9008,2.38,3.332,1.3804,10.1309739,10.13910154,13.23523392,6.166666667,1.4,13.63157895,23.90909091,10,5.727272727,0.01754386,0.02631579,0.139583333,0,0,0.157894737,0,0,0,0,0,0,0,0,0,0,0,0,91.58042918,125.9247563,136.8090643,103.5,2.3,78.52631579,365.7272727,106.2222222,99.27272727
710,1984,84118,840714,2,17.6784,5.3-,64.6,29.2,85,120,NA,NA,NA,NA,NA,NA,1,9.9008,2.38,3.332,1.3804,10.1309739,10.13910154,13.23523392,6.166666667,1.4,13.63157895,23.90909091,10,5.727272727,0.01754386,0.02631579,0.139583333,0,0,0.157894737,0,0,0,0,0,0,0,0,0,0,0,0,91.58042918,125.9247563,136.8090643,103.5,2.3,78.52631579,365.7272727,106.2222222,99.27272727
711,1984,84116,840712,2,18.288,4,64.6,28.8,55,67,NA,NA,NA,NA,NA,NA,0,9.9008,2.38,3.332,1.3804,10.1309739,10.13910154,13.23523392,6.166666667,1.4,13.63157895,23.90909091,10,5.727272727,0.01754386,0.02631579,0.139583333,0,0,0.157894737,0,0,0,0,0,0,0,0,0,0,0,0,91.58042918,125.9247563,136.8090643,103.5,2.3,78.52631579,365.7272727,106.2222222,99.27272727
712,1984,84117,840713,2,19.5072,5.3x,64.6,29.2,70,100,NA,NA,NA,NA,NA,NA,1,9.9008,2.38,3.332,1.3804,10.1309739,10.13910154,13.23523392,6.166666667,1.4,13.63157895,23.90909091,10,5.727272727,0.01754386,0.02631579,0.139583333,0,0,0.157894737,0,0,0,0,0,0,0,0,0,0,0,0,91.58042918,125.9247563,136.8090643,103.5,2.3,78.52631579,365.7272727,106.2222222,99.27272727
713,1985,85007,850604,2,17.9832,5.2,62.9,24.8,70,95,NA,NA,NA,NA,NA,NA,1,9.8056,2.856,9.9008,2.38,7.104284604,9.742965368,10.13910154,NA,10,NA,0.714285714,22.09090909,6.166666667,0.192307692,0.288461539,0.02631579,NA,1.153846154,NA,0,0,0,0,0,0,NA,0,NA,0,0,0,80.84386447,105.323489,125.9247563,NA,324.6153846,NA,0.428571429,74,22.25
714,1985,85005,850604,2,19.5072,5.2,62.9,25.8,80,90,NA,NA,NA,NA,NA,NA,1,9.8056,2.856,9.9008,2.38,7.104284604,9.742965368,10.13910154,NA,10,NA,0.714285714,22.09090909,6.166666667,0.192307692,0.288461539,0.02631579,NA,1.153846154,NA,0,0,0,0,0,0,NA,0,NA,0,0,0,80.84386447,105.323489,125.9247563,NA,324.6153846,NA,0.428571429,74,22.25
715,1985,85014,850607,2,18.8976,9,62.9,23.2,50,70,NA,NA,NA,NA,NA,NA,1,9.8056,2.856,9.9008,2.38,7.104284604,9.742965368,10.13910154,NA,10,NA,0.714285714,22.09090909,6.166666667,0.192307692,0.288461539,0.02631579,NA,1.153846154,NA,0,0,0,0,0,0,NA,0,NA,0,0,0,80.84386447,105.323489,125.9247563,NA,324.6153846,NA,0.428571429,74,22.25
716,1985,85012,850606,2,20.4216,5.1,62.9,24.8,90,115,NA,NA,NA,NA,NA,NA,1,9.8056,2.856,9.9008,2.38,7.104284604,9.742965368,10.13910154,NA,10,NA,0.714285714,22.09090909,6.166666667,0.192307692,0.288461539,0.02631579,NA,1.153846154,NA,0,0,0,0,0,0,NA,0,NA,0,0,0,80.84386447,105.323489,125.9247563,NA,324.6153846,NA,0.428571429,74,22.25
717,1985,85019,850608,2,18.5928,5.2-,63.4,26.8,70,95,NA,NA,NA,NA,NA,NA,1,9.8056,2.856,9.9008,2.38,7.104284604,9.742965368,10.13910154,NA,10,NA,0.714285714,22.09090909,6.166666667,0.192307692,0.288461539,0.02631579,NA,1.153846154,NA,0,0,0,0,0,0,NA,0,NA,0,0,0,80.84386447,105.323489,125.9247563,NA,324.6153846,NA,0.428571429,74,22.25
718,1985,85015,850607,2,18.288,5.1-,62.9,23.2,55,80,NA,NA,NA,NA,NA,NA,1,9.8056,2.856,9.9008,2.38,7.104284604,9.742965368,10.13910154,NA,10,NA,0.714285714,22.09090909,6.166666667,0.192307692,0.288461539,0.02631579,NA,1.153846154,NA,0,0,0,0,0,0,NA,0,NA,0,0,0,80.84386447,105.323489,125.9247563,NA,324.6153846,NA,0.428571429,74,22.25
719,1985,85027,850610,2,19.812,5.1,63.4,26.8,45,75,NA,NA,NA,NA,NA,NA,1,9.8056,2.856,9.9008,2.38,7.104284604,9.742965368,10.13910154,NA,10,NA,0.714285714,22.09090909,6.166666667,0.192307692,0.288461539,0.02631579,NA,1.153846154,NA,0,0,0,0,0,0,NA,0,NA,0,0,0,80.84386447,105.323489,125.9247563,NA,324.6153846,NA,0.428571429,74,22.25
720,1985,85023,850609,2,19.812,5.2-,63.6,26.8,70,90,NA,NA,NA,NA,NA,NA,1,9.8056,2.856,9.9008,2.38,7.104284604,9.742965368,10.13910154,NA,10,NA,0.714285714,22.09090909,6.166666667,0.192307692,0.288461539,0.02631579,NA,1.153846154,NA,0,0,0,0,0,0,NA,0,NA,0,0,0,80.84386447,105.323489,125.9247563,NA,324.6153846,NA,0.428571429,74,22.25
721,1985,85002,850603,2,18.8976,5.1-,63.4,26.2,60,65,NA,NA,NA,NA,NA,NA,1,9.8056,2.856,9.9008,2.38,7.104284604,9.742965368,10.13910154,NA,10,NA,0.714285714,22.09090909,6.166666667,0.192307692,0.288461539,0.02631579,NA,1.153846154,NA,0,0,0,0,0,0,NA,0,NA,0,0,0,80.84386447,105.323489,125.9247563,NA,324.6153846,NA,0.428571429,74,22.25
722,1985,85004,850603,2,19.5072,4,63.1,26.8,55,65,NA,NA,NA,NA,NA,NA,0,9.8056,2.856,9.9008,2.38,7.104284604,9.742965368,10.13910154,NA,10,NA,0.714285714,22.09090909,6.166666667,0.192307692,0.288461539,0.02631579,NA,1.153846154,NA,0,0,0,0,0,0,NA,0,NA,0,0,0,80.84386447,105.323489,125.9247563,NA,324.6153846,NA,0.428571429,74,22.25
723,1985,85037,850613,2,18.8976,5.1,62.6,22.8,45,85,NA,NA,NA,NA,NA,NA,1,9.8056,2.856,9.9008,2.38,7.104284604,9.742965368,10.13910154,NA,10,NA,0.714285714,22.09090909,6.166666667,0.192307692,0.288461539,0.02631579,NA,1.153846154,NA,0,0,0,0,0,0,NA,0,NA,0,0,0,80.84386447,105.323489,125.9247563,NA,324.6153846,NA,0.428571429,74,22.25
724,1985,85038,850613,2,20.4216,5.2-,62.9,23.2,85,90,NA,NA,NA,NA,NA,NA,1,9.8056,2.856,9.9008,2.38,7.104284604,9.742965368,10.13910154,NA,10,NA,0.714285714,22.09090909,6.166666667,0.192307692,0.288461539,0.02631579,NA,1.153846154,NA,0,0,0,0,0,0,NA,0,NA,0,0,0,80.84386447,105.323489,125.9247563,NA,324.6153846,NA,0.428571429,74,22.25
725,1985,85039,850613,2,18.5928,5.1-,62.9,23.2,60,67,NA,NA,NA,NA,NA,NA,1,9.8056,2.856,9.9008,2.38,7.104284604,9.742965368,10.13910154,NA,10,NA,0.714285714,22.09090909,6.166666667,0.192307692,0.288461539,0.02631579,NA,1.153846154,NA,0,0,0,0,0,0,NA,0,NA,0,0,0,80.84386447,105.323489,125.9247563,NA,324.6153846,NA,0.428571429,74,22.25
726,1985,85041,850614,2,20.4216,5.3,62.6,24.2,90,90,NA,NA,NA,NA,NA,NA,1,9.8056,2.856,9.9008,2.38,7.104284604,9.742965368,10.13910154,NA,10,NA,0.714285714,22.09090909,6.166666667,0.192307692,0.288461539,0.02631579,NA,1.153846154,NA,0,0,0,0,0,0,NA,0,NA,0,0,0,80.84386447,105.323489,125.9247563,NA,324.6153846,NA,0.428571429,74,22.25
727,1985,85042,850614,2,18.5928,5.1-,62.6,24.2,55,85,NA,NA,NA,NA,NA,NA,1,9.8056,2.856,9.9008,2.38,7.104284604,9.742965368,10.13910154,NA,10,NA,0.714285714,22.09090909,6.166666667,0.192307692,0.288461539,0.02631579,NA,1.153846154,NA,0,0,0,0,0,0,NA,0,NA,0,0,0,80.84386447,105.323489,125.9247563,NA,324.6153846,NA,0.428571429,74,22.25
728,1985,85045,850614,2,20.1168,5.1?,62.4,23.8,85,135,NA,NA,NA,NA,NA,NA,1,9.8056,2.856,9.9008,2.38,7.104284604,9.742965368,10.13910154,NA,10,NA,0.714285714,22.09090909,6.166666667,0.192307692,0.288461539,0.02631579,NA,1.153846154,NA,0,0,0,0,0,0,NA,0,NA,0,0,0,80.84386447,105.323489,125.9247563,NA,324.6153846,NA,0.428571429,74,22.25
729,1985,85048,850620,2,19.2024,4.1?4,63.1,26.2,55,75,NA,NA,NA,NA,NA,NA,0,9.8056,2.856,9.9008,2.38,7.104284604,9.742965368,10.13910154,NA,10,NA,0.714285714,22.09090909,6.166666667,0.192307692,0.288461539,0.02631579,NA,1.153846154,NA,0,0,0,0,0,0,NA,0,NA,0,0,0,80.84386447,105.323489,125.9247563,NA,324.6153846,NA,0.428571429,74,22.25
730,1985,85049,850620,2,19.2024,4,63.1,26.8,40,50,NA,NA,NA,NA,NA,NA,0,9.8056,2.856,9.9008,2.38,7.104284604,9.742965368,10.13910154,NA,10,NA,0.714285714,22.09090909,6.166666667,0.192307692,0.288461539,0.02631579,NA,1.153846154,NA,0,0,0,0,0,0,NA,0,NA,0,0,0,80.84386447,105.323489,125.9247563,NA,324.6153846,NA,0.428571429,74,22.25
731,1985,85050,850620,2,19.2024,5.3,63.1,26.2,50,50,NA,NA,NA,NA,NA,NA,1,9.8056,2.856,9.9008,2.38,7.104284604,9.742965368,10.13910154,NA,10,NA,0.714285714,22.09090909,6.166666667,0.192307692,0.288461539,0.02631579,NA,1.153846154,NA,0,0,0,0,0,0,NA,0,NA,0,0,0,80.84386447,105.323489,125.9247563,NA,324.6153846,NA,0.428571429,74,22.25
732,1985,85051,850620,2,22.2504,4,63.1,26.2,95,115,NA,NA,NA,NA,NA,NA,0,9.8056,2.856,9.9008,2.38,7.104284604,9.742965368,10.13910154,NA,10,NA,0.714285714,22.09090909,6.166666667,0.192307692,0.288461539,0.02631579,NA,1.153846154,NA,0,0,0,0,0,0,NA,0,NA,0,0,0,80.84386447,105.323489,125.9247563,NA,324.6153846,NA,0.428571429,74,22.25
733,1985,85052,850622,2,19.812,4.1?4,63.1,26.8,55,60,NA,NA,NA,NA,NA,NA,0,9.8056,2.856,9.9008,2.38,7.104284604,9.742965368,10.13910154,NA,10,NA,0.714285714,22.09090909,6.166666667,0.192307692,0.288461539,0.02631579,NA,1.153846154,NA,0,0,0,0,0,0,NA,0,NA,0,0,0,80.84386447,105.323489,125.9247563,NA,324.6153846,NA,0.428571429,74,22.25
734,1985,85053,850622,2,19.812,5.3,63.1,26.8,70,100,NA,NA,NA,NA,NA,NA,1,9.8056,2.856,9.9008,2.38,7.104284604,9.742965368,10.13910154,NA,10,NA,0.714285714,22.09090909,6.166666667,0.192307692,0.288461539,0.02631579,NA,1.153846154,NA,0,0,0,0,0,0,NA,0,NA,0,0,0,80.84386447,105.323489,125.9247563,NA,324.6153846,NA,0.428571429,74,22.25
735,1985,85055,850622,2,18.8976,4.1?4,63.1,26.2,75,100,NA,NA,NA,NA,NA,NA,0,9.8056,2.856,9.9008,2.38,7.104284604,9.742965368,10.13910154,NA,10,NA,0.714285714,22.09090909,6.166666667,0.192307692,0.288461539,0.02631579,NA,1.153846154,NA,0,0,0,0,0,0,NA,0,NA,0,0,0,80.84386447,105.323489,125.9247563,NA,324.6153846,NA,0.428571429,74,22.25
736,1985,85067,850626,2,18.8976,5.1,63.4,26.8,60,120,NA,NA,NA,NA,NA,NA,1,9.8056,2.856,9.9008,2.38,7.104284604,9.742965368,10.13910154,NA,10,NA,0.714285714,22.09090909,6.166666667,0.192307692,0.288461539,0.02631579,NA,1.153846154,NA,0,0,0,0,0,0,NA,0,NA,0,0,0,80.84386447,105.323489,125.9247563,NA,324.6153846,NA,0.428571429,74,22.25
737,1985,85068,850626,2,18.288,5.1,63.4,27.2,80,100,NA,NA,NA,NA,NA,NA,1,9.8056,2.856,9.9008,2.38,7.104284604,9.742965368,10.13910154,NA,10,NA,0.714285714,22.09090909,6.166666667,0.192307692,0.288461539,0.02631579,NA,1.153846154,NA,0,0,0,0,0,0,NA,0,NA,0,0,0,80.84386447,105.323489,125.9247563,NA,324.6153846,NA,0.428571429,74,22.25
738,1985,85069,850625,2,20.7264,5,63.1,27.2,80,140,NA,NA,NA,NA,NA,NA,1,9.8056,2.856,9.9008,2.38,7.104284604,9.742965368,10.13910154,NA,10,NA,0.714285714,22.09090909,6.166666667,0.192307692,0.288461539,0.02631579,NA,1.153846154,NA,0,0,0,0,0,0,NA,0,NA,0,0,0,80.84386447,105.323489,125.9247563,NA,324.6153846,NA,0.428571429,74,22.25
739,1985,85072,850627,2,19.5072,4,63.6,27.2,75,65,NA,NA,NA,NA,NA,NA,0,9.8056,2.856,9.9008,2.38,7.104284604,9.742965368,10.13910154,NA,10,NA,0.714285714,22.09090909,6.166666667,0.192307692,0.288461539,0.02631579,NA,1.153846154,NA,0,0,0,0,0,0,NA,0,NA,0,0,0,80.84386447,105.323489,125.9247563,NA,324.6153846,NA,0.428571429,74,22.25
740,1985,85073,850628,2,19.5072,4,63.6,27.2,50,60,NA,NA,NA,NA,NA,NA,0,9.8056,2.856,9.9008,2.38,7.104284604,9.742965368,10.13910154,NA,10,NA,0.714285714,22.09090909,6.166666667,0.192307692,0.288461539,0.02631579,NA,1.153846154,NA,0,0,0,0,0,0,NA,0,NA,0,0,0,80.84386447,105.323489,125.9247563,NA,324.6153846,NA,0.428571429,74,22.25
741,1985,85074,850628,2,19.812,9,63.6,27.2,95,110,NA,NA,NA,NA,NA,NA,1,9.8056,2.856,9.9008,2.38,7.104284604,9.742965368,10.13910154,NA,10,NA,0.714285714,22.09090909,6.166666667,0.192307692,0.288461539,0.02631579,NA,1.153846154,NA,0,0,0,0,0,0,NA,0,NA,0,0,0,80.84386447,105.323489,125.9247563,NA,324.6153846,NA,0.428571429,74,22.25
742,1985,85076,850629,2,20.1168,5.2,64.1,28.5,60,100,NA,NA,NA,NA,NA,NA,1,9.8056,2.856,9.9008,2.38,7.104284604,9.742965368,10.13910154,NA,10,NA,0.714285714,22.09090909,6.166666667,0.192307692,0.288461539,0.02631579,NA,1.153846154,NA,0,0,0,0,0,0,NA,0,NA,0,0,0,80.84386447,105.323489,125.9247563,NA,324.6153846,NA,0.428571429,74,22.25
743,1985,85077,850629,2,19.5072,5.2?,63.6,27.2,120,110,NA,NA,NA,NA,NA,NA,1,9.8056,2.856,9.9008,2.38,7.104284604,9.742965368,10.13910154,NA,10,NA,0.714285714,22.09090909,6.166666667,0.192307692,0.288461539,0.02631579,NA,1.153846154,NA,0,0,0,0,0,0,NA,0,NA,0,0,0,80.84386447,105.323489,125.9247563,NA,324.6153846,NA,0.428571429,74,22.25
744,1985,85081,850630,2,21.336,4,63.9,27.2,45,60,NA,NA,NA,NA,NA,NA,0,9.8056,2.856,9.9008,2.38,7.104284604,9.742965368,10.13910154,NA,10,NA,0.714285714,22.09090909,6.166666667,0.192307692,0.288461539,0.02631579,NA,1.153846154,NA,0,0,0,0,0,0,NA,0,NA,0,0,0,80.84386447,105.323489,125.9247563,NA,324.6153846,NA,0.428571429,74,22.25
745,1985,85086,850702,2,18.288,5.2-,63.6,27.8,65,105,NA,NA,NA,NA,NA,NA,1,9.8056,2.856,9.9008,2.38,7.104284604,9.742965368,10.13910154,NA,10,NA,0.714285714,22.09090909,6.166666667,0.192307692,0.288461539,0.02631579,NA,1.153846154,NA,0,0,0,0,0,0,NA,0,NA,0,0,0,80.84386447,105.323489,125.9247563,NA,324.6153846,NA,0.428571429,74,22.25
746,1985,85090,850705,2,19.5072,4,63.1,26.8,50,75,NA,NA,NA,NA,NA,NA,0,9.8056,2.856,9.9008,2.38,7.104284604,9.742965368,10.13910154,NA,10,NA,0.714285714,22.09090909,6.166666667,0.192307692,0.288461539,0.02631579,NA,1.153846154,NA,0,0,0,0,0,0,NA,0,NA,0,0,0,80.84386447,105.323489,125.9247563,NA,324.6153846,NA,0.428571429,74,22.25
747,1985,85093,850706,2,20.4216,4,64.4,29.2,70,100,NA,NA,NA,NA,NA,NA,0,9.8056,2.856,9.9008,2.38,7.104284604,9.742965368,10.13910154,NA,10,NA,0.714285714,22.09090909,6.166666667,0.192307692,0.288461539,0.02631579,NA,1.153846154,NA,0,0,0,0,0,0,NA,0,NA,0,0,0,80.84386447,105.323489,125.9247563,NA,324.6153846,NA,0.428571429,74,22.25
748,1985,85094,850706,2,17.9832,4,64.6,29.8,65,65,NA,NA,NA,NA,NA,NA,0,9.8056,2.856,9.9008,2.38,7.104284604,9.742965368,10.13910154,NA,10,NA,0.714285714,22.09090909,6.166666667,0.192307692,0.288461539,0.02631579,NA,1.153846154,NA,0,0,0,0,0,0,NA,0,NA,0,0,0,80.84386447,105.323489,125.9247563,NA,324.6153846,NA,0.428571429,74,22.25
749,1985,85108,850712,2,19.6,5.1,64.1,29.2,90,100,NA,NA,NA,NA,NA,NA,1,9.8056,2.856,9.9008,2.38,7.104284604,9.742965368,10.13910154,NA,10,NA,0.714285714,22.09090909,6.166666667,0.192307692,0.288461539,0.02631579,NA,1.153846154,NA,0,0,0,0,0,0,NA,0,NA,0,0,0,80.84386447,105.323489,125.9247563,NA,324.6153846,NA,0.428571429,74,22.25
750,1985,85109,850712,2,19.55,4,64.4,29.2,70,100,NA,NA,NA,NA,NA,NA,0,9.8056,2.856,9.9008,2.38,7.104284604,9.742965368,10.13910154,NA,10,NA,0.714285714,22.09090909,6.166666667,0.192307692,0.288461539,0.02631579,NA,1.153846154,NA,0,0,0,0,0,0,NA,0,NA,0,0,0,80.84386447,105.323489,125.9247563,NA,324.6153846,NA,0.428571429,74,22.25
751,1985,85117,850716,2,19.9,5.1,64.9,29.8,70,100,NA,NA,NA,NA,NA,NA,1,9.8056,2.856,9.9008,2.38,7.104284604,9.742965368,10.13910154,NA,10,NA,0.714285714,22.09090909,6.166666667,0.192307692,0.288461539,0.02631579,NA,1.153846154,NA,0,0,0,0,0,0,NA,0,NA,0,0,0,80.84386447,105.323489,125.9247563,NA,324.6153846,NA,0.428571429,74,22.25
752,1985,85119,850717,2,19.5,5.3,64.9,29.8,100,110,NA,NA,NA,NA,NA,NA,1,9.8056,2.856,9.9008,2.38,7.104284604,9.742965368,10.13910154,NA,10,NA,0.714285714,22.09090909,6.166666667,0.192307692,0.288461539,0.02631579,NA,1.153846154,NA,0,0,0,0,0,0,NA,0,NA,0,0,0,80.84386447,105.323489,125.9247563,NA,324.6153846,NA,0.428571429,74,22.25
753,1985,85121,850717,2,19.03,4.1,65.1,29.8,65,90,NA,NA,NA,NA,NA,NA,0,9.8056,2.856,9.9008,2.38,7.104284604,9.742965368,10.13910154,NA,10,NA,0.714285714,22.09090909,6.166666667,0.192307692,0.288461539,0.02631579,NA,1.153846154,NA,0,0,0,0,0,0,NA,0,NA,0,0,0,80.84386447,105.323489,125.9247563,NA,324.6153846,NA,0.428571429,74,22.25
754,1985,85123,850718,2,19.812,5.3,64.6,29.8,85,100,NA,NA,NA,NA,NA,NA,1,9.8056,2.856,9.9008,2.38,7.104284604,9.742965368,10.13910154,NA,10,NA,0.714285714,22.09090909,6.166666667,0.192307692,0.288461539,0.02631579,NA,1.153846154,NA,0,0,0,0,0,0,NA,0,NA,0,0,0,80.84386447,105.323489,125.9247563,NA,324.6153846,NA,0.428571429,74,22.25
755,1985,85127,850721,2,20.65,4,65.1,28.8,70,100,NA,NA,NA,NA,NA,NA,0,9.8056,2.856,9.9008,2.38,7.104284604,9.742965368,10.13910154,NA,10,NA,0.714285714,22.09090909,6.166666667,0.192307692,0.288461539,0.02631579,NA,1.153846154,NA,0,0,0,0,0,0,NA,0,NA,0,0,0,80.84386447,105.323489,125.9247563,NA,324.6153846,NA,0.428571429,74,22.25
756,1985,85131,850723,2,20,5.3,63.4,27.8,90,130,4.5,NA,NA,NA,NA,NA,1,9.8056,2.856,9.9008,2.38,7.104284604,9.742965368,10.13910154,NA,10,NA,0.714285714,22.09090909,6.166666667,0.192307692,0.288461539,0.02631579,NA,1.153846154,NA,0,0,0,0,0,0,NA,0,NA,0,0,0,80.84386447,105.323489,125.9247563,NA,324.6153846,NA,0.428571429,74,22.25
757,1985,85132,850724,2,19.55,4,63.6,26.8,70,100,NA,NA,NA,NA,NA,NA,0,9.8056,2.856,9.9008,2.38,7.104284604,9.742965368,10.13910154,NA,10,NA,0.714285714,22.09090909,6.166666667,0.192307692,0.288461539,0.02631579,NA,1.153846154,NA,0,0,0,0,0,0,NA,0,NA,0,0,0,80.84386447,105.323489,125.9247563,NA,324.6153846,NA,0.428571429,74,22.25
758,1985,85133,850724,2,17.77,5.2,63.9,26.8,70,100,NA,NA,NA,NA,NA,NA,1,9.8056,2.856,9.9008,2.38,7.104284604,9.742965368,10.13910154,NA,10,NA,0.714285714,22.09090909,6.166666667,0.192307692,0.288461539,0.02631579,NA,1.153846154,NA,0,0,0,0,0,0,NA,0,NA,0,0,0,80.84386447,105.323489,125.9247563,NA,324.6153846,NA,0.428571429,74,22.25
759,1985,85029,850612,2,18.288,5.1,62.9,23.8,50,65,NA,NA,NA,NA,NA,NA,1,9.8056,2.856,9.9008,2.38,7.104284604,9.742965368,10.13910154,NA,10,NA,0.714285714,22.09090909,6.166666667,0.192307692,0.288461539,0.02631579,NA,1.153846154,NA,0,0,0,0,0,0,NA,0,NA,0,0,0,80.84386447,105.323489,125.9247563,NA,324.6153846,NA,0.428571429,74,22.25
760,1985,85032,850611,2,18.8976,9,62.9,23.2,95,115,NA,NA,NA,NA,NA,NA,1,9.8056,2.856,9.9008,2.38,7.104284604,9.742965368,10.13910154,NA,10,NA,0.714285714,22.09090909,6.166666667,0.192307692,0.288461539,0.02631579,NA,1.153846154,NA,0,0,0,0,0,0,NA,0,NA,0,0,0,80.84386447,105.323489,125.9247563,NA,324.6153846,NA,0.428571429,74,22.25
761,1985,85033,850612,2,19.5072,6.4,62.9,22.8,48,70,NA,NA,NA,NA,NA,NA,0,9.8056,2.856,9.9008,2.38,7.104284604,9.742965368,10.13910154,NA,10,NA,0.714285714,22.09090909,6.166666667,0.192307692,0.288461539,0.02631579,NA,1.153846154,NA,0,0,0,0,0,0,NA,0,NA,0,0,0,80.84386447,105.323489,125.9247563,NA,324.6153846,NA,0.428571429,74,22.25
762,1985,85034,850613,2,18.8976,7?5.1-,62.9,24.8,70,75,NA,NA,NA,NA,NA,NA,1,9.8056,2.856,9.9008,2.38,7.104284604,9.742965368,10.13910154,NA,10,NA,0.714285714,22.09090909,6.166666667,0.192307692,0.288461539,0.02631579,NA,1.153846154,NA,0,0,0,0,0,0,NA,0,NA,0,0,0,80.84386447,105.323489,125.9247563,NA,324.6153846,NA,0.428571429,74,22.25
763,1985,85134,850724,2,18.65,4,64.9,29.2,45,75,3.5,NA,NA,NA,NA,NA,0,9.8056,2.856,9.9008,2.38,7.104284604,9.742965368,10.13910154,NA,10,NA,0.714285714,22.09090909,6.166666667,0.192307692,0.288461539,0.02631579,NA,1.153846154,NA,0,0,0,0,0,0,NA,0,NA,0,0,0,80.84386447,105.323489,125.9247563,NA,324.6153846,NA,0.428571429,74,22.25
764,1985,85151,850731,2,20.01,5.3,65.9,28.2,65,80,NA,NA,NA,NA,NA,NA,1,9.8056,2.856,9.9008,2.38,7.104284604,9.742965368,10.13910154,NA,10,NA,0.714285714,22.09090909,6.166666667,0.192307692,0.288461539,0.02631579,NA,1.153846154,NA,0,0,0,0,0,0,NA,0,NA,0,0,0,80.84386447,105.323489,125.9247563,NA,324.6153846,NA,0.428571429,74,22.25
765,1985,85152,850801,2,19.5072,4,64.9,27.8,50,80,NA,NA,NA,NA,NA,NA,0,9.8056,2.856,9.9008,2.38,7.104284604,9.742965368,10.13910154,NA,10,NA,0.714285714,22.09090909,6.166666667,0.192307692,0.288461539,0.02631579,NA,1.153846154,NA,0,0,0,0,0,0,NA,0,NA,0,0,0,80.84386447,105.323489,125.9247563,NA,324.6153846,NA,0.428571429,74,22.25
766,1985,85153,850801,2,18.73,4,65.6,28.8,55,100,NA,NA,NA,NA,NA,NA,0,9.8056,2.856,9.9008,2.38,7.104284604,9.742965368,10.13910154,NA,10,NA,0.714285714,22.09090909,6.166666667,0.192307692,0.288461539,0.02631579,NA,1.153846154,NA,0,0,0,0,0,0,NA,0,NA,0,0,0,80.84386447,105.323489,125.9247563,NA,324.6153846,NA,0.428571429,74,22.25
767,1985,85156,850803,2,19.2024,5.3,65.1,28.8,85,95,NA,NA,NA,NA,NA,NA,1,9.8056,2.856,9.9008,2.38,7.104284604,9.742965368,10.13910154,NA,10,NA,0.714285714,22.09090909,6.166666667,0.192307692,0.288461539,0.02631579,NA,1.153846154,NA,0,0,0,0,0,0,NA,0,NA,0,0,0,80.84386447,105.323489,125.9247563,NA,324.6153846,NA,0.428571429,74,22.25
768,1985,85161,850805,2,18.85,4,64.9,27.2,60,95,NA,NA,NA,NA,NA,NA,0,9.8056,2.856,9.9008,2.38,7.104284604,9.742965368,10.13910154,NA,10,NA,0.714285714,22.09090909,6.166666667,0.192307692,0.288461539,0.02631579,NA,1.153846154,NA,0,0,0,0,0,0,NA,0,NA,0,0,0,80.84386447,105.323489,125.9247563,NA,324.6153846,NA,0.428571429,74,22.25
769,1986,86007,860618,2,19.2024,5.2,62.9,26.8,60,90,3.73,2.2,55,60,45,85,1,2.9512,0.9996,9.8056,2.856,6.825995433,8.62912088,9.742965368,6,6.607142857,NA,14.46153846,15.84615385,0.230769231,0.142857143,0.2,0.288461539,0,1,NA,0,0,0,0,0,0,0,0,NA,0,0,0,33.05448123,42.9510989,105.323489,11.5,92.17857143,NA,34.92307692,76,0.153846154
770,1986,86008,860619,2,19.2024,5.1-,62.6,26.8,NA,75,3.9,2.05,40,60,58,60,1,2.9512,0.9996,9.8056,2.856,6.825995433,8.62912088,9.742965368,6,6.607142857,NA,14.46153846,15.84615385,0.230769231,0.142857143,0.2,0.288461539,0,1,NA,0,0,0,0,0,0,0,0,NA,0,0,0,33.05448123,42.9510989,105.323489,11.5,92.17857143,NA,34.92307692,76,0.153846154
771,1986,86006,860618,2,20.4216,4,62.9,26.8,40,110,3.9,2,60,100,50,90,0,2.9512,0.9996,9.8056,2.856,6.825995433,8.62912088,9.742965368,6,6.607142857,NA,14.46153846,15.84615385,0.230769231,0.142857143,0.2,0.288461539,0,1,NA,0,0,0,0,0,0,0,0,NA,0,0,0,33.05448123,42.9510989,105.323489,11.5,92.17857143,NA,34.92307692,76,0.153846154
772,1986,86031,860705,2,18.9,5.3,64.1,28.8,55,120,4,2.45,90,55,80,115,1,2.9512,0.9996,9.8056,2.856,6.825995433,8.62912088,9.742965368,6,6.607142857,NA,14.46153846,15.84615385,0.230769231,0.142857143,0.2,0.288461539,0,1,NA,0,0,0,0,0,0,0,0,NA,0,0,0,33.05448123,42.9510989,105.323489,11.5,92.17857143,NA,34.92307692,76,0.153846154
773,1986,86078,860818,2,19.9,5.3-,62.6,21.8,95,105,4.6,2.45,70,55,90,115,1,2.9512,0.9996,9.8056,2.856,6.825995433,8.62912088,9.742965368,6,6.607142857,NA,14.46153846,15.84615385,0.230769231,0.142857143,0.2,0.288461539,0,1,NA,0,0,0,0,0,0,0,0,NA,0,0,0,33.05448123,42.9510989,105.323489,11.5,92.17857143,NA,34.92307692,76,0.153846154
774,1986,86021,860628,2,19.5072,5.1,63.4,27.8,45,60,3.7,2.13,85,70,50,50,1,2.9512,0.9996,9.8056,2.856,6.825995433,8.62912088,9.742965368,6,6.607142857,NA,14.46153846,15.84615385,0.230769231,0.142857143,0.2,0.288461539,0,1,NA,0,0,0,0,0,0,0,0,NA,0,0,0,33.05448123,42.9510989,105.323489,11.5,92.17857143,NA,34.92307692,76,0.153846154
775,1986,86023,860701,2,18.98,5.1,64.6,28.8,50,70,3.63,2.09,75,55,80,55,1,2.9512,0.9996,9.8056,2.856,6.825995433,8.62912088,9.742965368,6,6.607142857,NA,14.46153846,15.84615385,0.230769231,0.142857143,0.2,0.288461539,0,1,NA,0,0,0,0,0,0,0,0,NA,0,0,0,33.05448123,42.9510989,105.323489,11.5,92.17857143,NA,34.92307692,76,0.153846154
776,1986,86014,860624,2,18.5928,5.2,63.1,26.8,55,60,3.9,2.07,70,70,65,70,1,2.9512,0.9996,9.8056,2.856,6.825995433,8.62912088,9.742965368,6,6.607142857,NA,14.46153846,15.84615385,0.230769231,0.142857143,0.2,0.288461539,0,1,NA,0,0,0,0,0,0,0,0,NA,0,0,0,33.05448123,42.9510989,105.323489,11.5,92.17857143,NA,34.92307692,76,0.153846154
777,1986,86041,860708,2,19.45,4,64.1,28.8,45,85,3.55,2,65,40,60,50,0,2.9512,0.9996,9.8056,2.856,6.825995433,8.62912088,9.742965368,6,6.607142857,NA,14.46153846,15.84615385,0.230769231,0.142857143,0.2,0.288461539,0,1,NA,0,0,0,0,0,0,0,0,NA,0,0,0,33.05448123,42.9510989,105.323489,11.5,92.17857143,NA,34.92307692,76,0.153846154
778,1986,86042,860709,2,20.05,5.2,64.4,28.8,45,65,3.65,2.3,60,50,60,50,1,2.9512,0.9996,9.8056,2.856,6.825995433,8.62912088,9.742965368,6,6.607142857,NA,14.46153846,15.84615385,0.230769231,0.142857143,0.2,0.288461539,0,1,NA,0,0,0,0,0,0,0,0,NA,0,0,0,33.05448123,42.9510989,105.323489,11.5,92.17857143,NA,34.92307692,76,0.153846154
779,1986,86009,860619,2,19.812,5.3,62.6,26.8,63,95,3.7,2.2,60,60,50,80,1,2.9512,0.9996,9.8056,2.856,6.825995433,8.62912088,9.742965368,6,6.607142857,NA,14.46153846,15.84615385,0.230769231,0.142857143,0.2,0.288461539,0,1,NA,0,0,0,0,0,0,0,0,NA,0,0,0,33.05448123,42.9510989,105.323489,11.5,92.17857143,NA,34.92307692,76,0.153846154
780,1986,86110,860907,2,20.55,5.3-,65.6,27.5,62,140,3.85,2.78,75,53,60,135,1,2.9512,0.9996,9.8056,2.856,6.825995433,8.62912088,9.742965368,6,6.607142857,NA,14.46153846,15.84615385,0.230769231,0.142857143,0.2,0.288461539,0,1,NA,0,0,0,0,0,0,0,0,NA,0,0,0,33.05448123,42.9510989,105.323489,11.5,92.17857143,NA,34.92307692,76,0.153846154
781,1986,86050,860714,2,20.45,5.2,64.4,29.8,75,100,4.2,2.43,70,60,90,85,1,2.9512,0.9996,9.8056,2.856,6.825995433,8.62912088,9.742965368,6,6.607142857,NA,14.46153846,15.84615385,0.230769231,0.142857143,0.2,0.288461539,0,1,NA,0,0,0,0,0,0,0,0,NA,0,0,0,33.05448123,42.9510989,105.323489,11.5,92.17857143,NA,34.92307692,76,0.153846154
782,1986,86025,860701,2,20.25,5.3,64.6,29.2,65,95,3.92,2.53,100,55,65,70,1,2.9512,0.9996,9.8056,2.856,6.825995433,8.62912088,9.742965368,6,6.607142857,NA,14.46153846,15.84615385,0.230769231,0.142857143,0.2,0.288461539,0,1,NA,0,0,0,0,0,0,0,0,NA,0,0,0,33.05448123,42.9510989,105.323489,11.5,92.17857143,NA,34.92307692,76,0.153846154
783,1986,86028,860703,2,19.65,5.3?,64.6,29.2,60,95,4,2.3,90,60,65,75,1,2.9512,0.9996,9.8056,2.856,6.825995433,8.62912088,9.742965368,6,6.607142857,NA,14.46153846,15.84615385,0.230769231,0.142857143,0.2,0.288461539,0,1,NA,0,0,0,0,0,0,0,0,NA,0,0,0,33.05448123,42.9510989,105.323489,11.5,92.17857143,NA,34.92307692,76,0.153846154
784,1986,86030,860704,2,18.95,5.3,63.4,27.8,55,100,3.65,2.2,85,60,75,80,1,2.9512,0.9996,9.8056,2.856,6.825995433,8.62912088,9.742965368,6,6.607142857,NA,14.46153846,15.84615385,0.230769231,0.142857143,0.2,0.288461539,0,1,NA,0,0,0,0,0,0,0,0,NA,0,0,0,33.05448123,42.9510989,105.323489,11.5,92.17857143,NA,34.92307692,76,0.153846154
785,1986,86056,860717,2,20.55,5.3,64.9,29.8,60,80,4,2.5,50,60,45,60,1,2.9512,0.9996,9.8056,2.856,6.825995433,8.62912088,9.742965368,6,6.607142857,NA,14.46153846,15.84615385,0.230769231,0.142857143,0.2,0.288461539,0,1,NA,0,0,0,0,0,0,0,0,NA,0,0,0,33.05448123,42.9510989,105.323489,11.5,92.17857143,NA,34.92307692,76,0.153846154
786,1986,86047,860712,2,19.45,5.2,64.4,29.8,60,90,3.9,2.7,80,70,70,75,1,2.9512,0.9996,9.8056,2.856,6.825995433,8.62912088,9.742965368,6,6.607142857,NA,14.46153846,15.84615385,0.230769231,0.142857143,0.2,0.288461539,0,1,NA,0,0,0,0,0,0,0,0,NA,0,0,0,33.05448123,42.9510989,105.323489,11.5,92.17857143,NA,34.92307692,76,0.153846154
787,1986,86049,860712,2,20,4,64.4,29.2,50,70,3.25,2,50,40,45,50,0,2.9512,0.9996,9.8056,2.856,6.825995433,8.62912088,9.742965368,6,6.607142857,NA,14.46153846,15.84615385,0.230769231,0.142857143,0.2,0.288461539,0,1,NA,0,0,0,0,0,0,0,0,NA,0,0,0,33.05448123,42.9510989,105.323489,11.5,92.17857143,NA,34.92307692,76,0.153846154
788,1986,86044,860710,2,18.55,4,64.6,29.2,50,65,3.35,1.98,50,45,70,45,0,2.9512,0.9996,9.8056,2.856,6.825995433,8.62912088,9.742965368,6,6.607142857,NA,14.46153846,15.84615385,0.230769231,0.142857143,0.2,0.288461539,0,1,NA,0,0,0,0,0,0,0,0,NA,0,0,0,33.05448123,42.9510989,105.323489,11.5,92.17857143,NA,34.92307692,76,0.153846154
789,1986,86039,860708,2,18.9,4?,64.9,28.2,60,85,4.4,2.33,60,55,65,60,0,2.9512,0.9996,9.8056,2.856,6.825995433,8.62912088,9.742965368,6,6.607142857,NA,14.46153846,15.84615385,0.230769231,0.142857143,0.2,0.288461539,0,1,NA,0,0,0,0,0,0,0,0,NA,0,0,0,33.05448123,42.9510989,105.323489,11.5,92.17857143,NA,34.92307692,76,0.153846154
790,1986,86080,860818,2,19.75,4,62.9,20.2,50,80,3.65,2.1,70,45,75,60,0,2.9512,0.9996,9.8056,2.856,6.825995433,8.62912088,9.742965368,6,6.607142857,NA,14.46153846,15.84615385,0.230769231,0.142857143,0.2,0.288461539,0,1,NA,0,0,0,0,0,0,0,0,NA,0,0,0,33.05448123,42.9510989,105.323489,11.5,92.17857143,NA,34.92307692,76,0.153846154
791,1986,86083,860820,2,18.35,4,63.1,27.2,74,89,4,2.2,NA,65,113,80,0,2.9512,0.9996,9.8056,2.856,6.825995433,8.62912088,9.742965368,6,6.607142857,NA,14.46153846,15.84615385,0.230769231,0.142857143,0.2,0.288461539,0,1,NA,0,0,0,0,0,0,0,0,NA,0,0,0,33.05448123,42.9510989,105.323489,11.5,92.17857143,NA,34.92307692,76,0.153846154
792,1986,86043,860710,2,20.55,4,64.9,28.8,55,75,3.8,2.22,60,50,120,65,0,2.9512,0.9996,9.8056,2.856,6.825995433,8.62912088,9.742965368,6,6.607142857,NA,14.46153846,15.84615385,0.230769231,0.142857143,0.2,0.288461539,0,1,NA,0,0,0,0,0,0,0,0,NA,0,0,0,33.05448123,42.9510989,105.323489,11.5,92.17857143,NA,34.92307692,76,0.153846154
793,1986,86010,860620,2,18.8976,5.2,62.9,26.8,70,80,3.95,2.4,60,45,60,100,1,2.9512,0.9996,9.8056,2.856,6.825995433,8.62912088,9.742965368,6,6.607142857,NA,14.46153846,15.84615385,0.230769231,0.142857143,0.2,0.288461539,0,1,NA,0,0,0,0,0,0,0,0,NA,0,0,0,33.05448123,42.9510989,105.323489,11.5,92.17857143,NA,34.92307692,76,0.153846154
794,1986,86113,860911,2,18.8,5.3,65.6,29.2,80,130,4.35,2.38,60,75,80,90,1,2.9512,0.9996,9.8056,2.856,6.825995433,8.62912088,9.742965368,6,6.607142857,NA,14.46153846,15.84615385,0.230769231,0.142857143,0.2,0.288461539,0,1,NA,0,0,0,0,0,0,0,0,NA,0,0,0,33.05448123,42.9510989,105.323489,11.5,92.17857143,NA,34.92307692,76,0.153846154
795,1986,86051,860714,2,16.14,4.1,64.4,29.8,40,55,3.55,1.96,70,45,55,65,0,2.9512,0.9996,9.8056,2.856,6.825995433,8.62912088,9.742965368,6,6.607142857,NA,14.46153846,15.84615385,0.230769231,0.142857143,0.2,0.288461539,0,1,NA,0,0,0,0,0,0,0,0,NA,0,0,0,33.05448123,42.9510989,105.323489,11.5,92.17857143,NA,34.92307692,76,0.153846154
796,1986,86053,860715,2,21.3,5.3,63.1,23.2,90,160,4.6,2.8,70,70,120,150,1,2.9512,0.9996,9.8056,2.856,6.825995433,8.62912088,9.742965368,6,6.607142857,NA,14.46153846,15.84615385,0.230769231,0.142857143,0.2,0.288461539,0,1,NA,0,0,0,0,0,0,0,0,NA,0,0,0,33.05448123,42.9510989,105.323489,11.5,92.17857143,NA,34.92307692,76,0.153846154
797,1986,86054,860716,2,20.25,5.3,63.1,27.8,75,105,4.4,2.25,95,70,70,85,1,2.9512,0.9996,9.8056,2.856,6.825995433,8.62912088,9.742965368,6,6.607142857,NA,14.46153846,15.84615385,0.230769231,0.142857143,0.2,0.288461539,0,1,NA,0,0,0,0,0,0,0,0,NA,0,0,0,33.05448123,42.9510989,105.323489,11.5,92.17857143,NA,34.92307692,76,0.153846154
798,1986,86105,860902,2,21.07,5.1-,66.1,27.2,105,115,4.25,2.5,65,75,105,120,1,2.9512,0.9996,9.8056,2.856,6.825995433,8.62912088,9.742965368,6,6.607142857,NA,14.46153846,15.84615385,0.230769231,0.142857143,0.2,0.288461539,0,1,NA,0,0,0,0,0,0,0,0,NA,0,0,0,33.05448123,42.9510989,105.323489,11.5,92.17857143,NA,34.92307692,76,0.153846154
799,1986,86109,860907,2,21.15,4,65.6,27.2,132,160,3.3,2.4,83,75,175,90,0,2.9512,0.9996,9.8056,2.856,6.825995433,8.62912088,9.742965368,6,6.607142857,NA,14.46153846,15.84615385,0.230769231,0.142857143,0.2,0.288461539,0,1,NA,0,0,0,0,0,0,0,0,NA,0,0,0,33.05448123,42.9510989,105.323489,11.5,92.17857143,NA,34.92307692,76,0.153846154
800,1986,86084,860821,2,17.95,5.3-,65.4,28.2,75,115,4.2,2.4,78,55,75,90,1,2.9512,0.9996,9.8056,2.856,6.825995433,8.62912088,9.742965368,6,6.607142857,NA,14.46153846,15.84615385,0.230769231,0.142857143,0.2,0.288461539,0,1,NA,0,0,0,0,0,0,0,0,NA,0,0,0,33.05448123,42.9510989,105.323489,11.5,92.17857143,NA,34.92307692,76,0.153846154
801,1986,86033,860707,2,20.65,5.3,64.1,28.8,80,105,4.35,2.37,80,60,80,105,1,2.9512,0.9996,9.8056,2.856,6.825995433,8.62912088,9.742965368,6,6.607142857,NA,14.46153846,15.84615385,0.230769231,0.142857143,0.2,0.288461539,0,1,NA,0,0,0,0,0,0,0,0,NA,0,0,0,33.05448123,42.9510989,105.323489,11.5,92.17857143,NA,34.92307692,76,0.153846154
802,1986,86079,860818,2,18.7,4,62.6,21.2,55,85,3.6,2.25,70,50,75,80,0,2.9512,0.9996,9.8056,2.856,6.825995433,8.62912088,9.742965368,6,6.607142857,NA,14.46153846,15.84615385,0.230769231,0.142857143,0.2,0.288461539,0,1,NA,0,0,0,0,0,0,0,0,NA,0,0,0,33.05448123,42.9510989,105.323489,11.5,92.17857143,NA,34.92307692,76,0.153846154
803,1986,86003,860616,2,20.4216,5.3,63.1,26.8,55,100,4.5,2.4,80,40,65,90,1,2.9512,0.9996,9.8056,2.856,6.825995433,8.62912088,9.742965368,6,6.607142857,NA,14.46153846,15.84615385,0.230769231,0.142857143,0.2,0.288461539,0,1,NA,0,0,0,0,0,0,0,0,NA,0,0,0,33.05448123,42.9510989,105.323489,11.5,92.17857143,NA,34.92307692,76,0.153846154
804,1987,87027,870627,2,20.3,5.2,62.9,22.2,75,70,4.4,2.55,55,50,75,73,1,3.332,3.0464,2.9512,0.9996,NA,NA,NA,NA,NA,NA,NA,NA,NA,NA,NA,NA,NA,NA,NA,NA,NA,NA,NA,NA,NA,NA,NA,NA,NA,NA,NA,NA,NA,NA,NA,NA,NA,NA,NA,NA
805,1987,87028,870627,2,20.63,5.2,63.4,26.8,76,103,4.3,2.75,65,100,97,100,1,3.332,3.0464,2.9512,0.9996,NA,NA,NA,NA,NA,NA,NA,NA,NA,NA,NA,NA,NA,NA,NA,NA,NA,NA,NA,NA,NA,NA,NA,NA,NA,NA,NA,NA,NA,NA,NA,NA,NA,NA,NA,NA
806,1987,87029,870628,2,19.95,5.1,64.6,28.8,54,115,3.85,2.45,NA,75,66,65,1,3.332,3.0464,2.9512,0.9996,NA,NA,NA,NA,NA,NA,NA,NA,NA,NA,NA,NA,NA,NA,NA,NA,NA,NA,NA,NA,NA,NA,NA,NA,NA,NA,NA,NA,NA,NA,NA,NA,NA,NA,NA,NA
807,1987,87036,870701,2,21.48,5.2,62.9,22.8,110,110,4.4,2.7,61,55,118,95,1,3.332,3.0464,2.9512,0.9996,NA,NA,NA,NA,NA,NA,NA,NA,NA,NA,NA,NA,NA,NA,NA,NA,NA,NA,NA,NA,NA,NA,NA,NA,NA,NA,NA,NA,NA,NA,NA,NA,NA,NA,NA,NA
808,1987,87039,870701,2,18.12,5.2,62.9,22.8,95,110,3.85,2.3,55,52,100,119,1,3.332,3.0464,2.9512,0.9996,NA,NA,NA,NA,NA,NA,NA,NA,NA,NA,NA,NA,NA,NA,NA,NA,NA,NA,NA,NA,NA,NA,NA,NA,NA,NA,NA,NA,NA,NA,NA,NA,NA,NA,NA,NA
809,1987,87040,870701,2,19.23,5.3,62.9,22.8,80,120,4.31,2.4,NA,80,102,75,1,3.332,3.0464,2.9512,0.9996,NA,NA,NA,NA,NA,NA,NA,NA,NA,NA,NA,NA,NA,NA,NA,NA,NA,NA,NA,NA,NA,NA,NA,NA,NA,NA,NA,NA,NA,NA,NA,NA,NA,NA,NA,NA
810,1987,87042,870702,2,18.7,5.2,62.6,23.2,62,98,4.27,2.8,100,53,79,102,1,3.332,3.0464,2.9512,0.9996,NA,NA,NA,NA,NA,NA,NA,NA,NA,NA,NA,NA,NA,NA,NA,NA,NA,NA,NA,NA,NA,NA,NA,NA,NA,NA,NA,NA,NA,NA,NA,NA,NA,NA,NA,NA
811,1987,87043,870702,2,17.82,4,62.4,23.2,85,105,3.9,2.6,85,60,140,110,0,3.332,3.0464,2.9512,0.9996,NA,NA,NA,NA,NA,NA,NA,NA,NA,NA,NA,NA,NA,NA,NA,NA,NA,NA,NA,NA,NA,NA,NA,NA,NA,NA,NA,NA,NA,NA,NA,NA,NA,NA,NA,NA
812,1987,87044,870702,2,19.31,4,62.4,23.2,55,67,3.62,2.25,49,53,64,59,0,3.332,3.0464,2.9512,0.9996,NA,NA,NA,NA,NA,NA,NA,NA,NA,NA,NA,NA,NA,NA,NA,NA,NA,NA,NA,NA,NA,NA,NA,NA,NA,NA,NA,NA,NA,NA,NA,NA,NA,NA,NA,NA
813,1987,87046,870704,2,19.25,5.2,62.6,22.8,NA,115,4.05,2.65,80,60,120,115,1,3.332,3.0464,2.9512,0.9996,NA,NA,NA,NA,NA,NA,NA,NA,NA,NA,NA,NA,NA,NA,NA,NA,NA,NA,NA,NA,NA,NA,NA,NA,NA,NA,NA,NA,NA,NA,NA,NA,NA,NA,NA,NA
814,1987,87047,870704,2,19.45,5.1,62.6,23.8,90,75,4.3,2.33,60,60,90,85,1,3.332,3.0464,2.9512,0.9996,NA,NA,NA,NA,NA,NA,NA,NA,NA,NA,NA,NA,NA,NA,NA,NA,NA,NA,NA,NA,NA,NA,NA,NA,NA,NA,NA,NA,NA,NA,NA,NA,NA,NA,NA,NA
815,1987,87051,870705,2,19.57,5.3,62.9,24.2,85,115,3.8,2.2,55,65,85,95,1,3.332,3.0464,2.9512,0.9996,NA,NA,NA,NA,NA,NA,NA,NA,NA,NA,NA,NA,NA,NA,NA,NA,NA,NA,NA,NA,NA,NA,NA,NA,NA,NA,NA,NA,NA,NA,NA,NA,NA,NA,NA,NA
816,1987,87055,870706,2,17.55,5.1,62.4,24.2,75,98,3.6,2.07,60,42,73,77,1,3.332,3.0464,2.9512,0.9996,NA,NA,NA,NA,NA,NA,NA,NA,NA,NA,NA,NA,NA,NA,NA,NA,NA,NA,NA,NA,NA,NA,NA,NA,NA,NA,NA,NA,NA,NA,NA,NA,NA,NA,NA,NA
817,1987,87056,870706,2,19.2024,5.3,62.6,24.2,62,102,4,2.52,59,58,68,77,1,3.332,3.0464,2.9512,0.9996,NA,NA,NA,NA,NA,NA,NA,NA,NA,NA,NA,NA,NA,NA,NA,NA,NA,NA,NA,NA,NA,NA,NA,NA,NA,NA,NA,NA,NA,NA,NA,NA,NA,NA,NA,NA
818,1987,87058,870707,2,17.9,5.2-,62.9,26.8,58,88,4.05,2.22,60,65,75,65,1,3.332,3.0464,2.9512,0.9996,NA,NA,NA,NA,NA,NA,NA,NA,NA,NA,NA,NA,NA,NA,NA,NA,NA,NA,NA,NA,NA,NA,NA,NA,NA,NA,NA,NA,NA,NA,NA,NA,NA,NA,NA,NA
819,1987,87063,870708,2,19,5.2,62.6,23.8,60,107,3.84,2.3,NA,38,61,110,1,3.332,3.0464,2.9512,0.9996,NA,NA,NA,NA,NA,NA,NA,NA,NA,NA,NA,NA,NA,NA,NA,NA,NA,NA,NA,NA,NA,NA,NA,NA,NA,NA,NA,NA,NA,NA,NA,NA,NA,NA,NA,NA
820,1987,87064,870709,2,19.35,5.3,62.9,23.8,54,73,3.64,2.31,60,50,62,64,1,3.332,3.0464,2.9512,0.9996,NA,NA,NA,NA,NA,NA,NA,NA,NA,NA,NA,NA,NA,NA,NA,NA,NA,NA,NA,NA,NA,NA,NA,NA,NA,NA,NA,NA,NA,NA,NA,NA,NA,NA,NA,NA
821,1987,87065,870709,2,20.97,5.3,62.9,23.8,80,122,4.3,2.75,73,73,97,113,1,3.332,3.0464,2.9512,0.9996,NA,NA,NA,NA,NA,NA,NA,NA,NA,NA,NA,NA,NA,NA,NA,NA,NA,NA,NA,NA,NA,NA,NA,NA,NA,NA,NA,NA,NA,NA,NA,NA,NA,NA,NA,NA
822,1987,87066,870710,2,21.1,5.1,64.6,28.8,47,64,4.3,2.68,52,55,60,46,1,3.332,3.0464,2.9512,0.9996,NA,NA,NA,NA,NA,NA,NA,NA,NA,NA,NA,NA,NA,NA,NA,NA,NA,NA,NA,NA,NA,NA,NA,NA,NA,NA,NA,NA,NA,NA,NA,NA,NA,NA,NA,NA
823,1987,87067,870710,2,19.82,5.2,64.6,28.8,80,125,4.1,2.6,NA,82,85,110,1,3.332,3.0464,2.9512,0.9996,NA,NA,NA,NA,NA,NA,NA,NA,NA,NA,NA,NA,NA,NA,NA,NA,NA,NA,NA,NA,NA,NA,NA,NA,NA,NA,NA,NA,NA,NA,NA,NA,NA,NA,NA,NA
824,1987,87068,870710,2,18.85,5.3,64.9,29.2,78,120,4,2.45,63,75,88,82,1,3.332,3.0464,2.9512,0.9996,NA,NA,NA,NA,NA,NA,NA,NA,NA,NA,NA,NA,NA,NA,NA,NA,NA,NA,NA,NA,NA,NA,NA,NA,NA,NA,NA,NA,NA,NA,NA,NA,NA,NA,NA,NA
825,1987,87078,870717,2,17.47,4,64.9,29.2,60,88,3.53,2.11,45,58,74,78,0,3.332,3.0464,2.9512,0.9996,NA,NA,NA,NA,NA,NA,NA,NA,NA,NA,NA,NA,NA,NA,NA,NA,NA,NA,NA,NA,NA,NA,NA,NA,NA,NA,NA,NA,NA,NA,NA,NA,NA,NA,NA,NA
826,1987,87001,870616,2,18.85,5.3,62.6,26.2,50,102,3.7,2.5,63,45,55,110,1,3.332,3.0464,2.9512,0.9996,NA,NA,NA,NA,NA,NA,NA,NA,NA,NA,NA,NA,NA,NA,NA,NA,NA,NA,NA,NA,NA,NA,NA,NA,NA,NA,NA,NA,NA,NA,NA,NA,NA,NA,NA,NA
827,1987,87005,870618,2,21.1,5.1,63.1,26.2,60,120,4.1,2.6,77,90,83,140,1,3.332,3.0464,2.9512,0.9996,NA,NA,NA,NA,NA,NA,NA,NA,NA,NA,NA,NA,NA,NA,NA,NA,NA,NA,NA,NA,NA,NA,NA,NA,NA,NA,NA,NA,NA,NA,NA,NA,NA,NA,NA,NA
828,1987,87010,870619,2,18.85,5.1,63.4,26.2,90,98,3.95,2.15,70,70,95,90,1,3.332,3.0464,2.9512,0.9996,NA,NA,NA,NA,NA,NA,NA,NA,NA,NA,NA,NA,NA,NA,NA,NA,NA,NA,NA,NA,NA,NA,NA,NA,NA,NA,NA,NA,NA,NA,NA,NA,NA,NA,NA,NA
829,1987,87011,870620,2,18.8,5.2,62.9,27.2,56,68,3.7,2.18,50,45,80,60,1,3.332,3.0464,2.9512,0.9996,NA,NA,NA,NA,NA,NA,NA,NA,NA,NA,NA,NA,NA,NA,NA,NA,NA,NA,NA,NA,NA,NA,NA,NA,NA,NA,NA,NA,NA,NA,NA,NA,NA,NA,NA,NA
830,1987,87012,870621,2,19.4,5.2,63.6,26.8,72,143,4.15,2.65,90,55,100,160,1,3.332,3.0464,2.9512,0.9996,NA,NA,NA,NA,NA,NA,NA,NA,NA,NA,NA,NA,NA,NA,NA,NA,NA,NA,NA,NA,NA,NA,NA,NA,NA,NA,NA,NA,NA,NA,NA,NA,NA,NA,NA,NA
831,1987,87013,870621,2,19.05,4,63.6,26.8,60,105,3.55,2.05,59,80,70,90,0,3.332,3.0464,2.9512,0.9996,NA,NA,NA,NA,NA,NA,NA,NA,NA,NA,NA,NA,NA,NA,NA,NA,NA,NA,NA,NA,NA,NA,NA,NA,NA,NA,NA,NA,NA,NA,NA,NA,NA,NA,NA,NA
832,1987,87016,870622,2,21.336,5.2,63.4,27.2,80,110,4.25,2.55,80,80,110,140,1,3.332,3.0464,2.9512,0.9996,NA,NA,NA,NA,NA,NA,NA,NA,NA,NA,NA,NA,NA,NA,NA,NA,NA,NA,NA,NA,NA,NA,NA,NA,NA,NA,NA,NA,NA,NA,NA,NA,NA,NA,NA,NA
833,1987,87017,870623,2,18.4,5.1,63.9,27.2,58,80,3.7,2.2,60,48,65,58,1,3.332,3.0464,2.9512,0.9996,NA,NA,NA,NA,NA,NA,NA,NA,NA,NA,NA,NA,NA,NA,NA,NA,NA,NA,NA,NA,NA,NA,NA,NA,NA,NA,NA,NA,NA,NA,NA,NA,NA,NA,NA,NA
834,1987,87018,870623,2,19.65,5.2,63.9,27.8,58,78,4,2.3,50,45,85,65,1,3.332,3.0464,2.9512,0.9996,NA,NA,NA,NA,NA,NA,NA,NA,NA,NA,NA,NA,NA,NA,NA,NA,NA,NA,NA,NA,NA,NA,NA,NA,NA,NA,NA,NA,NA,NA,NA,NA,NA,NA,NA,NA
835,1987,87019,870624,2,19.12,5.2,62.9,22.2,80,138,4.3,2.48,NA,53,95,110,1,3.332,3.0464,2.9512,0.9996,NA,NA,NA,NA,NA,NA,NA,NA,NA,NA,NA,NA,NA,NA,NA,NA,NA,NA,NA,NA,NA,NA,NA,NA,NA,NA,NA,NA,NA,NA,NA,NA,NA,NA,NA,NA
836,1987,87020,870624,2,19.7,5.2,62.9,22.8,130,120,4.2,2.7,75,50,89,95,1,3.332,3.0464,2.9512,0.9996,NA,NA,NA,NA,NA,NA,NA,NA,NA,NA,NA,NA,NA,NA,NA,NA,NA,NA,NA,NA,NA,NA,NA,NA,NA,NA,NA,NA,NA,NA,NA,NA,NA,NA,NA,NA
837,1988,88050,880718,2,19.67,5.1,64.6,29.8,NA,105,3.71,2.63,75,90,NA,105,1,1.0472,0.9044,3.332,3.0464,NA,NA,NA,NA,NA,NA,NA,NA,NA,NA,NA,NA,NA,NA,NA,NA,NA,NA,NA,NA,NA,NA,NA,NA,NA,NA,NA,NA,NA,NA,NA,NA,NA,NA,NA,NA
838,1988,88074,880807,2,19.95,5.3,63.6,28.2,47,73,3.52,2.44,59,50,65,70,1,1.0472,0.9044,3.332,3.0464,NA,NA,NA,NA,NA,NA,NA,NA,NA,NA,NA,NA,NA,NA,NA,NA,NA,NA,NA,NA,NA,NA,NA,NA,NA,NA,NA,NA,NA,NA,NA,NA,NA,NA,NA,NA
839,1988,88001,880623,2,19.55,5.2,63.1,27.8,44,90,4.33,2.54,48,96,51,88,1,1.0472,0.9044,3.332,3.0464,NA,NA,NA,NA,NA,NA,NA,NA,NA,NA,NA,NA,NA,NA,NA,NA,NA,NA,NA,NA,NA,NA,NA,NA,NA,NA,NA,NA,NA,NA,NA,NA,NA,NA,NA,NA
840,1988,88003,880624,2,20.5,4,63.4,27.8,61,83,3.7,2.31,NA,57,66,65,0,1.0472,0.9044,3.332,3.0464,NA,NA,NA,NA,NA,NA,NA,NA,NA,NA,NA,NA,NA,NA,NA,NA,NA,NA,NA,NA,NA,NA,NA,NA,NA,NA,NA,NA,NA,NA,NA,NA,NA,NA,NA,NA
841,1988,88005,880625,2,19.6,5.2,62.6,22.2,55,90,3.73,2.66,NA,80,70,83,1,1.0472,0.9044,3.332,3.0464,NA,NA,NA,NA,NA,NA,NA,NA,NA,NA,NA,NA,NA,NA,NA,NA,NA,NA,NA,NA,NA,NA,NA,NA,NA,NA,NA,NA,NA,NA,NA,NA,NA,NA,NA,NA
842,1988,88008,880625,2,18.54,5.2,62.6,22.2,74,85,3.42,2.3,60,45,87,60,1,1.0472,0.9044,3.332,3.0464,NA,NA,NA,NA,NA,NA,NA,NA,NA,NA,NA,NA,NA,NA,NA,NA,NA,NA,NA,NA,NA,NA,NA,NA,NA,NA,NA,NA,NA,NA,NA,NA,NA,NA,NA,NA
843,1988,88009,880627,2,19.1,5.3,63.4,27.2,101,97,3.95,2.53,68,75,95,95,1,1.0472,0.9044,3.332,3.0464,NA,NA,NA,NA,NA,NA,NA,NA,NA,NA,NA,NA,NA,NA,NA,NA,NA,NA,NA,NA,NA,NA,NA,NA,NA,NA,NA,NA,NA,NA,NA,NA,NA,NA,NA,NA
844,1988,88011,880628,2,18.11,4,63.9,28.2,67,107,3.45,2.42,70,43,59,108,0,1.0472,0.9044,3.332,3.0464,NA,NA,NA,NA,NA,NA,NA,NA,NA,NA,NA,NA,NA,NA,NA,NA,NA,NA,NA,NA,NA,NA,NA,NA,NA,NA,NA,NA,NA,NA,NA,NA,NA,NA,NA,NA
845,1988,88019,880702,2,19.78,5.3,62.9,23.2,58,117,3.65,2.71,NA,62,77,101,1,1.0472,0.9044,3.332,3.0464,NA,NA,NA,NA,NA,NA,NA,NA,NA,NA,NA,NA,NA,NA,NA,NA,NA,NA,NA,NA,NA,NA,NA,NA,NA,NA,NA,NA,NA,NA,NA,NA,NA,NA,NA,NA
846,1988,88023,880704,2,19.8,4,64.6,28.2,44,79,3.65,2.26,55,46,54,58,0,1.0472,0.9044,3.332,3.0464,NA,NA,NA,NA,NA,NA,NA,NA,NA,NA,NA,NA,NA,NA,NA,NA,NA,NA,NA,NA,NA,NA,NA,NA,NA,NA,NA,NA,NA,NA,NA,NA,NA,NA,NA,NA
847,1988,88033,880704,2,17.88,5.2,62.4,23.8,NA,70,3.83,2.33,35,NA,90,75,1,1.0472,0.9044,3.332,3.0464,NA,NA,NA,NA,NA,NA,NA,NA,NA,NA,NA,NA,NA,NA,NA,NA,NA,NA,NA,NA,NA,NA,NA,NA,NA,NA,NA,NA,NA,NA,NA,NA,NA,NA,NA,NA
848,1988,88015,880701,2,19.45,5.2,62.9,22.8,54,69,3.35,2.3,NA,52,52,52,1,1.0472,0.9044,3.332,3.0464,NA,NA,NA,NA,NA,NA,NA,NA,NA,NA,NA,NA,NA,NA,NA,NA,NA,NA,NA,NA,NA,NA,NA,NA,NA,NA,NA,NA,NA,NA,NA,NA,NA,NA,NA,NA
849,1988,88016,880701,2,18.6,5.2,62.9,22.8,NA,80,3.45,2.55,NA,NA,NA,85,1,1.0472,0.9044,3.332,3.0464,NA,NA,NA,NA,NA,NA,NA,NA,NA,NA,NA,NA,NA,NA,NA,NA,NA,NA,NA,NA,NA,NA,NA,NA,NA,NA,NA,NA,NA,NA,NA,NA,NA,NA,NA,NA
850,1988,88034,880708,2,19.3,4,62.6,24.2,51,62,3.48,2.05,NA,42,47,60,0,1.0472,0.9044,3.332,3.0464,NA,NA,NA,NA,NA,NA,NA,NA,NA,NA,NA,NA,NA,NA,NA,NA,NA,NA,NA,NA,NA,NA,NA,NA,NA,NA,NA,NA,NA,NA,NA,NA,NA,NA,NA,NA
851,1988,88038,880710,2,18,5.2,63.9,28.8,NA,NA,3.45,2.25,NA,NA,NA,NA,1,1.0472,0.9044,3.332,3.0464,NA,NA,NA,NA,NA,NA,NA,NA,NA,NA,NA,NA,NA,NA,NA,NA,NA,NA,NA,NA,NA,NA,NA,NA,NA,NA,NA,NA,NA,NA,NA,NA,NA,NA,NA,NA
852,1988,88044,880712,2,18.92,5.2,64.1,28.8,NA,100,3.45,2.2,NA,55,60,70,1,1.0472,0.9044,3.332,3.0464,NA,NA,NA,NA,NA,NA,NA,NA,NA,NA,NA,NA,NA,NA,NA,NA,NA,NA,NA,NA,NA,NA,NA,NA,NA,NA,NA,NA,NA,NA,NA,NA,NA,NA,NA,NA
853,1988,88045,880713,2,18.82,5.3,63.9,27.8,60,70,3.37,2.3,NA,48,70,90,1,1.0472,0.9044,3.332,3.0464,NA,NA,NA,NA,NA,NA,NA,NA,NA,NA,NA,NA,NA,NA,NA,NA,NA,NA,NA,NA,NA,NA,NA,NA,NA,NA,NA,NA,NA,NA,NA,NA,NA,NA,NA,NA
854,1988,88046,880714,2,18.3,5.2,64.1,29.2,60,85,3.31,2.39,NA,42,65,78,1,1.0472,0.9044,3.332,3.0464,NA,NA,NA,NA,NA,NA,NA,NA,NA,NA,NA,NA,NA,NA,NA,NA,NA,NA,NA,NA,NA,NA,NA,NA,NA,NA,NA,NA,NA,NA,NA,NA,NA,NA,NA,NA
855,1988,88047,880714,2,17.49,5.1,64.1,29.2,74,93,3.4,2.22,69,35,79,87,1,1.0472,0.9044,3.332,3.0464,NA,NA,NA,NA,NA,NA,NA,NA,NA,NA,NA,NA,NA,NA,NA,NA,NA,NA,NA,NA,NA,NA,NA,NA,NA,NA,NA,NA,NA,NA,NA,NA,NA,NA,NA,NA
856,1988,88056,880722,2,20.26,5.2,62.6,22.8,61,80,3.87,2.42,NA,NA,63,71,1,1.0472,0.9044,3.332,3.0464,NA,NA,NA,NA,NA,NA,NA,NA,NA,NA,NA,NA,NA,NA,NA,NA,NA,NA,NA,NA,NA,NA,NA,NA,NA,NA,NA,NA,NA,NA,NA,NA,NA,NA,NA,NA
857,1988,88061,880725,2,19.17,5.3,63.4,26.8,NA,68,NA,2.35,NA,70,105,63,1,1.0472,0.9044,3.332,3.0464,NA,NA,NA,NA,NA,NA,NA,NA,NA,NA,NA,NA,NA,NA,NA,NA,NA,NA,NA,NA,NA,NA,NA,NA,NA,NA,NA,NA,NA,NA,NA,NA,NA,NA,NA,NA
858,1988,88073,880807,2,18.75,4,63.4,27.8,42,48,2.89,2.04,42,37,47,57,0,1.0472,0.9044,3.332,3.0464,NA,NA,NA,NA,NA,NA,NA,NA,NA,NA,NA,NA,NA,NA,NA,NA,NA,NA,NA,NA,NA,NA,NA,NA,NA,NA,NA,NA,NA,NA,NA,NA,NA,NA,NA,NA
859,1988,88049,880715,2,19.94,5.3,64.6,28.8,52,81,4.2,2.73,NA,NA,52,52,1,1.0472,0.9044,3.332,3.0464,NA,NA,NA,NA,NA,NA,NA,NA,NA,NA,NA,NA,NA,NA,NA,NA,NA,NA,NA,NA,NA,NA,NA,NA,NA,NA,NA,NA,NA,NA,NA,NA,NA,NA,NA,NA
860,1989,89001,890619,2,18.1,5.2,63.6,26.2,62,85,3.26,2.18,70,63,65,72,1,0.952,0.7616,1.0472,0.9044,NA,NA,NA,NA,NA,NA,NA,NA,NA,NA,NA,NA,NA,NA,NA,NA,NA,NA,NA,NA,NA,NA,NA,NA,NA,NA,NA,NA,NA,NA,NA,NA,NA,NA,NA,NA
861,1989,89005,890621,2,19.7,4,63.4,27.2,45,60,3.12,1.99,52,38,45,59,0,0.952,0.7616,1.0472,0.9044,NA,NA,NA,NA,NA,NA,NA,NA,NA,NA,NA,NA,NA,NA,NA,NA,NA,NA,NA,NA,NA,NA,NA,NA,NA,NA,NA,NA,NA,NA,NA,NA,NA,NA,NA,NA
862,1989,89006,890622,2,17.65,4,63.6,26.8,55,73,3.05,2.05,NA,62,63,62,0,0.952,0.7616,1.0472,0.9044,NA,NA,NA,NA,NA,NA,NA,NA,NA,NA,NA,NA,NA,NA,NA,NA,NA,NA,NA,NA,NA,NA,NA,NA,NA,NA,NA,NA,NA,NA,NA,NA,NA,NA,NA,NA
863,1989,89007,890623,2,18.78,5.2,63.6,26.8,42,74,3.26,2.12,NA,43,60,75,1,0.952,0.7616,1.0472,0.9044,NA,NA,NA,NA,NA,NA,NA,NA,NA,NA,NA,NA,NA,NA,NA,NA,NA,NA,NA,NA,NA,NA,NA,NA,NA,NA,NA,NA,NA,NA,NA,NA,NA,NA,NA,NA
864,1989,89008,890623,2,18.98,5.2,63.6,26.5,62,77,3.52,2.21,NA,55,100,66,1,0.952,0.7616,1.0472,0.9044,NA,NA,NA,NA,NA,NA,NA,NA,NA,NA,NA,NA,NA,NA,NA,NA,NA,NA,NA,NA,NA,NA,NA,NA,NA,NA,NA,NA,NA,NA,NA,NA,NA,NA,NA,NA
865,1989,89010,890624,2,20.3,5.3,63.4,26.8,74,85,3.85,2.58,NA,61,75,65,1,0.952,0.7616,1.0472,0.9044,NA,NA,NA,NA,NA,NA,NA,NA,NA,NA,NA,NA,NA,NA,NA,NA,NA,NA,NA,NA,NA,NA,NA,NA,NA,NA,NA,NA,NA,NA,NA,NA,NA,NA,NA,NA
866,1989,89011,890624,2,19.35,5.1,63.4,26.8,50,65,3.11,2.05,NA,55,65,45,1,0.952,0.7616,1.0472,0.9044,NA,NA,NA,NA,NA,NA,NA,NA,NA,NA,NA,NA,NA,NA,NA,NA,NA,NA,NA,NA,NA,NA,NA,NA,NA,NA,NA,NA,NA,NA,NA,NA,NA,NA,NA,NA
867,1989,89014,890625,2,20.43,5.2,63.4,26.8,46,95,3.55,2.38,NA,44,50,76,1,0.952,0.7616,1.0472,0.9044,NA,NA,NA,NA,NA,NA,NA,NA,NA,NA,NA,NA,NA,NA,NA,NA,NA,NA,NA,NA,NA,NA,NA,NA,NA,NA,NA,NA,NA,NA,NA,NA,NA,NA,NA,NA
868,1989,89017,890626,2,20.13,5.2,63.1,26.8,63,99,3.8,2.6,NA,47,81,80,1,0.952,0.7616,1.0472,0.9044,NA,NA,NA,NA,NA,NA,NA,NA,NA,NA,NA,NA,NA,NA,NA,NA,NA,NA,NA,NA,NA,NA,NA,NA,NA,NA,NA,NA,NA,NA,NA,NA,NA,NA,NA,NA
869,1989,89018,890627,2,18.7,5.2,63.4,26.2,59,71,3.28,2.08,NA,39,75,58,1,0.952,0.7616,1.0472,0.9044,NA,NA,NA,NA,NA,NA,NA,NA,NA,NA,NA,NA,NA,NA,NA,NA,NA,NA,NA,NA,NA,NA,NA,NA,NA,NA,NA,NA,NA,NA,NA,NA,NA,NA,NA,NA
870,1989,89020,890627,2,17.6,5.2,63.6,27.2,53,83,3.03,2.05,NA,50,65,65,1,0.952,0.7616,1.0472,0.9044,NA,NA,NA,NA,NA,NA,NA,NA,NA,NA,NA,NA,NA,NA,NA,NA,NA,NA,NA,NA,NA,NA,NA,NA,NA,NA,NA,NA,NA,NA,NA,NA,NA,NA,NA,NA
871,1989,89022,890628,2,18.01,5.1,62.9,23.2,51,59,3.17,2.24,NA,45,61,61,1,0.952,0.7616,1.0472,0.9044,NA,NA,NA,NA,NA,NA,NA,NA,NA,NA,NA,NA,NA,NA,NA,NA,NA,NA,NA,NA,NA,NA,NA,NA,NA,NA,NA,NA,NA,NA,NA,NA,NA,NA,NA,NA
872,1989,89025,890629,2,20.28,4,62.9,23.8,43,NA,3.3,2.18,NA,43,53,53,0,0.952,0.7616,1.0472,0.9044,NA,NA,NA,NA,NA,NA,NA,NA,NA,NA,NA,NA,NA,NA,NA,NA,NA,NA,NA,NA,NA,NA,NA,NA,NA,NA,NA,NA,NA,NA,NA,NA,NA,NA,NA,NA
873,1989,89027,890630,2,18.62,4,62.9,23.8,31,56,3.57,2.13,NA,NA,50,61,0,0.952,0.7616,1.0472,0.9044,NA,NA,NA,NA,NA,NA,NA,NA,NA,NA,NA,NA,NA,NA,NA,NA,NA,NA,NA,NA,NA,NA,NA,NA,NA,NA,NA,NA,NA,NA,NA,NA,NA,NA,NA,NA
874,1989,89029,890630,2,20.12,5.2,62.9,24.8,53,96,3.7,2.41,NA,60,60,94,1,0.952,0.7616,1.0472,0.9044,NA,NA,NA,NA,NA,NA,NA,NA,NA,NA,NA,NA,NA,NA,NA,NA,NA,NA,NA,NA,NA,NA,NA,NA,NA,NA,NA,NA,NA,NA,NA,NA,NA,NA,NA,NA
875,1989,89033,890702,2,18.07,5.2,63.1,25.8,95,75,3.34,2.22,NA,75,85,70,1,0.952,0.7616,1.0472,0.9044,NA,NA,NA,NA,NA,NA,NA,NA,NA,NA,NA,NA,NA,NA,NA,NA,NA,NA,NA,NA,NA,NA,NA,NA,NA,NA,NA,NA,NA,NA,NA,NA,NA,NA,NA,NA
876,1989,89034,890702,2,19.17,4,62.9,25.8,48,66,3.6,2.19,NA,63,59,44,0,0.952,0.7616,1.0472,0.9044,NA,NA,NA,NA,NA,NA,NA,NA,NA,NA,NA,NA,NA,NA,NA,NA,NA,NA,NA,NA,NA,NA,NA,NA,NA,NA,NA,NA,NA,NA,NA,NA,NA,NA,NA,NA
877,1989,89035,890703,2,19,4,63.1,26.8,56,74,3.47,1.99,NA,47,51,77,0,0.952,0.7616,1.0472,0.9044,NA,NA,NA,NA,NA,NA,NA,NA,NA,NA,NA,NA,NA,NA,NA,NA,NA,NA,NA,NA,NA,NA,NA,NA,NA,NA,NA,NA,NA,NA,NA,NA,NA,NA,NA,NA
878,1989,89036,890703,2,18.5,5.2,63.4,26.8,44,83,3.48,2.25,NA,41,70,82,1,0.952,0.7616,1.0472,0.9044,NA,NA,NA,NA,NA,NA,NA,NA,NA,NA,NA,NA,NA,NA,NA,NA,NA,NA,NA,NA,NA,NA,NA,NA,NA,NA,NA,NA,NA,NA,NA,NA,NA,NA,NA,NA
879,1989,89037,890703,2,17.85,5.2,63.1,26.2,51,79,3.41,2.18,NA,40,48,62,1,0.952,0.7616,1.0472,0.9044,NA,NA,NA,NA,NA,NA,NA,NA,NA,NA,NA,NA,NA,NA,NA,NA,NA,NA,NA,NA,NA,NA,NA,NA,NA,NA,NA,NA,NA,NA,NA,NA,NA,NA,NA,NA
880,1989,89040,890705,2,18.5,5.2,63.4,26.2,54,86,4.03,2.22,NA,44,86,60,1,0.952,0.7616,1.0472,0.9044,NA,NA,NA,NA,NA,NA,NA,NA,NA,NA,NA,NA,NA,NA,NA,NA,NA,NA,NA,NA,NA,NA,NA,NA,NA,NA,NA,NA,NA,NA,NA,NA,NA,NA,NA,NA
881,1989,89041,890705,2,17.45,5.2,63.4,26.8,52,68,3.65,2.17,42,55,66,60,1,0.952,0.7616,1.0472,0.9044,NA,NA,NA,NA,NA,NA,NA,NA,NA,NA,NA,NA,NA,NA,NA,NA,NA,NA,NA,NA,NA,NA,NA,NA,NA,NA,NA,NA,NA,NA,NA,NA,NA,NA,NA,NA
882,1989,89045,890707,2,19.09,5.2,62.9,22.2,42,54,3.65,2.08,40,48,49,51,1,0.952,0.7616,1.0472,0.9044,NA,NA,NA,NA,NA,NA,NA,NA,NA,NA,NA,NA,NA,NA,NA,NA,NA,NA,NA,NA,NA,NA,NA,NA,NA,NA,NA,NA,NA,NA,NA,NA,NA,NA,NA,NA
883,1989,89047,890707,2,19.6,5.3,64.1,28.2,60,76,4.2,2.5,NA,44,53,52,1,0.952,0.7616,1.0472,0.9044,NA,NA,NA,NA,NA,NA,NA,NA,NA,NA,NA,NA,NA,NA,NA,NA,NA,NA,NA,NA,NA,NA,NA,NA,NA,NA,NA,NA,NA,NA,NA,NA,NA,NA,NA,NA
884,1989,89048,890709,2,18.18,5.2,64.1,28.2,43,58,3.35,2,NA,37,50,39,1,0.952,0.7616,1.0472,0.9044,NA,NA,NA,NA,NA,NA,NA,NA,NA,NA,NA,NA,NA,NA,NA,NA,NA,NA,NA,NA,NA,NA,NA,NA,NA,NA,NA,NA,NA,NA,NA,NA,NA,NA,NA,NA
885,1989,89049,890710,2,19.91,5.2,64.6,28.8,63,81,4.05,2.36,62,47,60,73,1,0.952,0.7616,1.0472,0.9044,NA,NA,NA,NA,NA,NA,NA,NA,NA,NA,NA,NA,NA,NA,NA,NA,NA,NA,NA,NA,NA,NA,NA,NA,NA,NA,NA,NA,NA,NA,NA,NA,NA,NA,NA,NA
886,1989,89050,890710,2,18.84,5.3,64.6,28.5,64,121,3.98,2.48,NA,59,85,124,1,0.952,0.7616,1.0472,0.9044,NA,NA,NA,NA,NA,NA,NA,NA,NA,NA,NA,NA,NA,NA,NA,NA,NA,NA,NA,NA,NA,NA,NA,NA,NA,NA,NA,NA,NA,NA,NA,NA,NA,NA,NA,NA
887,1989,89051,890711,2,18.68,5.2,64.6,28.8,64,75,3.57,2.25,60,47,81,77,1,0.952,0.7616,1.0472,0.9044,NA,NA,NA,NA,NA,NA,NA,NA,NA,NA,NA,NA,NA,NA,NA,NA,NA,NA,NA,NA,NA,NA,NA,NA,NA,NA,NA,NA,NA,NA,NA,NA,NA,NA,NA,NA
888,1989,89053,890712,2,19.5,4,64.6,28.2,67,119,4.36,2.44,NA,50,89,108,0,0.952,0.7616,1.0472,0.9044,NA,NA,NA,NA,NA,NA,NA,NA,NA,NA,NA,NA,NA,NA,NA,NA,NA,NA,NA,NA,NA,NA,NA,NA,NA,NA,NA,NA,NA,NA,NA,NA,NA,NA,NA,NA
889,1989,89055,890712,2,18.71,4,63.6,27.2,38,65,3.45,1.89,39,52,48,54,0,0.952,0.7616,1.0472,0.9044,NA,NA,NA,NA,NA,NA,NA,NA,NA,NA,NA,NA,NA,NA,NA,NA,NA,NA,NA,NA,NA,NA,NA,NA,NA,NA,NA,NA,NA,NA,NA,NA,NA,NA,NA,NA
890,1989,89056,890712,2,21.25,6.4,63.6,27.2,52,75,4.1,2.33,NA,65,60,90,0,0.952,0.7616,1.0472,0.9044,NA,NA,NA,NA,NA,NA,NA,NA,NA,NA,NA,NA,NA,NA,NA,NA,NA,NA,NA,NA,NA,NA,NA,NA,NA,NA,NA,NA,NA,NA,NA,NA,NA,NA,NA,NA
891,1989,89057,890714,2,17.6,4,63.4,27.2,37,58,2.94,1.8,NA,38,47,42,0,0.952,0.7616,1.0472,0.9044,NA,NA,NA,NA,NA,NA,NA,NA,NA,NA,NA,NA,NA,NA,NA,NA,NA,NA,NA,NA,NA,NA,NA,NA,NA,NA,NA,NA,NA,NA,NA,NA,NA,NA,NA,NA
892,1989,89062,890716,2,19.87,5.2,63.4,27.8,75,132,4.05,2.45,NA,73,77,112,1,0.952,0.7616,1.0472,0.9044,NA,NA,NA,NA,NA,NA,NA,NA,NA,NA,NA,NA,NA,NA,NA,NA,NA,NA,NA,NA,NA,NA,NA,NA,NA,NA,NA,NA,NA,NA,NA,NA,NA,NA,NA,NA
893,1989,89063,890716,2,21.27,5.2,63.4,27.8,60,102,3.9,2.58,NA,50,109,93,1,0.952,0.7616,1.0472,0.9044,NA,NA,NA,NA,NA,NA,NA,NA,NA,NA,NA,NA,NA,NA,NA,NA,NA,NA,NA,NA,NA,NA,NA,NA,NA,NA,NA,NA,NA,NA,NA,NA,NA,NA,NA,NA
894,1989,89064,890717,2,19.2024,5.3,65.1,27.8,58,95,3.88,2.51,NA,43,98,93,1,0.952,0.7616,1.0472,0.9044,NA,NA,NA,NA,NA,NA,NA,NA,NA,NA,NA,NA,NA,NA,NA,NA,NA,NA,NA,NA,NA,NA,NA,NA,NA,NA,NA,NA,NA,NA,NA,NA,NA,NA,NA,NA
895,1989,89065,890717,2,20.34,4?7,65.1,27.8,64,96,3.59,2.29,NA,53,63,78,0,0.952,0.7616,1.0472,0.9044,NA,NA,NA,NA,NA,NA,NA,NA,NA,NA,NA,NA,NA,NA,NA,NA,NA,NA,NA,NA,NA,NA,NA,NA,NA,NA,NA,NA,NA,NA,NA,NA,NA,NA,NA,NA
896,2006,H90602,61023,2,20.8,4,63.62,29.24,69,99,3.4,2.3,60,70,60,80,0,2.746550005,5.364680062,3.238955264,9.160904575,2.643939394,4.303703704,17.06333333,2.4,0,3.2,9.6,2.4,8.222222222,0.02020202,0.037037037,0,0,0,0,0,0,0.222222222,0.109090909,0.2,0,0.2,0,1,0,0,0,26.67121212,47.38333333,64.94,43,60.5,47,51.8,1,81
897,2006,H90603,61025,2,21,4,64.37,28.74,54,NA,4.1,2.35,NA,60,51,NA,0,2.746550005,5.364680062,3.238955264,9.160904575,2.643939394,4.303703704,17.06333333,2.4,0,3.2,9.6,2.4,8.222222222,0.02020202,0.037037037,0,0,0,0,0,0,0.222222222,0.109090909,0.2,0,0.2,0,1,0,0,0,26.67121212,47.38333333,64.94,43,60.5,47,51.8,1,81
898,2006,H90604,61027,2,19.75,4-anoes,64.37,29.24,38,NA,3.35,2.2,62,NA,NA,NA,0,2.746550005,5.364680062,3.238955264,9.160904575,2.643939394,4.303703704,17.06333333,2.4,0,3.2,9.6,2.4,8.222222222,0.02020202,0.037037037,0,0,0,0,0,0,0.222222222,0.109090909,0.2,0,0.2,0,1,0,0,0,26.67121212,47.38333333,64.94,43,60.5,47,51.8,1,81
899,2009,F09001,90618,2,18.8,4-anoes,62.92,23.33,NA,NA,3.4,1.9,56,NA,58,69,0,5.419724912,1.378722185,6.368178172,2.222058551,1.404063645,2.992673993,3.911858975,0,NA,NA,6.285714286,NA,2.692307692,0,0,0,0,NA,NA,0,NA,0,0,0,0.019230769,0,NA,NA,0,NA,0,65.06236264,169.8791209,129.6362179,2,NA,NA,472.7142857,NA,34.92307692
900,2009,F09002,90618,2,20.57,5,62.92,23.33,NA,NA,3.27,2.14,61,64,68,80,1,5.419724912,1.378722185,6.368178172,2.222058551,1.404063645,2.992673993,3.911858975,0,NA,NA,6.285714286,NA,2.692307692,0,0,0,0,NA,NA,0,NA,0,0,0,0.019230769,0,NA,NA,0,NA,0,65.06236264,169.8791209,129.6362179,2,NA,NA,472.7142857,NA,34.92307692
901,2009,F09004,90619,2,18.17,3,62.91,22.97,NA,NA,3.17,0.9,38,56,55,72,0,5.419724912,1.378722185,6.368178172,2.222058551,1.404063645,2.992673993,3.911858975,0,NA,NA,6.285714286,NA,2.692307692,0,0,0,0,NA,NA,0,NA,0,0,0,0.019230769,0,NA,NA,0,NA,0,65.06236264,169.8791209,129.6362179,2,NA,NA,472.7142857,NA,34.92307692
902,2009,F09005,90621,2,19.75,4-anoes,62.89,25.39,NA,NA,NA,NA,59,58,55,75,0,5.419724912,1.378722185,6.368178172,2.222058551,1.404063645,2.992673993,3.911858975,0,NA,NA,6.285714286,NA,2.692307692,0,0,0,0,NA,NA,0,NA,0,0,0,0.019230769,0,NA,NA,0,NA,0,65.06236264,169.8791209,129.6362179,2,NA,NA,472.7142857,NA,34.92307692
903,2009,F09008,90624,2,18.7,4-anoes,62.61,23.78,NA,NA,3.65,2.07,45,69,58,65,0,5.419724912,1.378722185,6.368178172,2.222058551,1.404063645,2.992673993,3.911858975,0,NA,NA,6.285714286,NA,2.692307692,0,0,0,0,NA,NA,0,NA,0,0,0,0.019230769,0,NA,NA,0,NA,0,65.06236264,169.8791209,129.6362179,2,NA,NA,472.7142857,NA,34.92307692
904,2009,F09009,90625,2,19.94,4-anoes,64.23,27.34,NA,NA,NA,1.91,46,38,48,58,0,5.419724912,1.378722185,6.368178172,2.222058551,1.404063645,2.992673993,3.911858975,0,NA,NA,6.285714286,NA,2.692307692,0,0,0,0,NA,NA,0,NA,0,0,0,0.019230769,0,NA,NA,0,NA,0,65.06236264,169.8791209,129.6362179,2,NA,NA,472.7142857,NA,34.92307692
905,2009,F09012,90627,2,19.1,4-anoes,64.16,27.46,NA,NA,NA,NA,NA,NA,NA,NA,0,5.419724912,1.378722185,6.368178172,2.222058551,1.404063645,2.992673993,3.911858975,0,NA,NA,6.285714286,NA,2.692307692,0,0,0,0,NA,NA,0,NA,0,0,0,0.019230769,0,NA,NA,0,NA,0,65.06236264,169.8791209,129.6362179,2,NA,NA,472.7142857,NA,34.92307692
906,2009,F09015,90629,2,19.2,4-anoes,65.16,28.13,NA,NA,2.96,1.96,33,57,28,62,0,5.419724912,1.378722185,6.368178172,2.222058551,1.404063645,2.992673993,3.911858975,0,NA,NA,6.285714286,NA,2.692307692,0,0,0,0,NA,NA,0,NA,0,0,0,0.019230769,0,NA,NA,0,NA,0,65.06236264,169.8791209,129.6362179,2,NA,NA,472.7142857,NA,34.92307692
907,2009,F09018,90630,2,19.05,5,65.37,28.26,NA,NA,3.48,2.22,NA,NA,NA,NA,1,5.419724912,1.378722185,6.368178172,2.222058551,1.404063645,2.992673993,3.911858975,0,NA,NA,6.285714286,NA,2.692307692,0,0,0,0,NA,NA,0,NA,0,0,0,0.019230769,0,NA,NA,0,NA,0,65.06236264,169.8791209,129.6362179,2,NA,NA,472.7142857,NA,34.92307692
908,2009,F09019,90703,2,21.23,4-anoes,65.39,28.99,NA,NA,NA,2.24,47,NA,59,105,0,5.419724912,1.378722185,6.368178172,2.222058551,1.404063645,2.992673993,3.911858975,0,NA,NA,6.285714286,NA,2.692307692,0,0,0,0,NA,NA,0,NA,0,0,0,0.019230769,0,NA,NA,0,NA,0,65.06236264,169.8791209,129.6362179,2,NA,NA,472.7142857,NA,34.92307692
909,2009,F09021,90705,2,19.7,5-pregn,64.33,28.26,NA,NA,3.45,2.15,63,62,70,95,1,5.419724912,1.378722185,6.368178172,2.222058551,1.404063645,2.992673993,3.911858975,0,NA,NA,6.285714286,NA,2.692307692,0,0,0,0,NA,NA,0,NA,0,0,0,0.019230769,0,NA,NA,0,NA,0,65.06236264,169.8791209,129.6362179,2,NA,NA,472.7142857,NA,34.92307692
910,2009,F09024,90706,2,18.6,5,64.24,28.66,NA,NA,3.4,2,48,45,55,95,1,5.419724912,1.378722185,6.368178172,2.222058551,1.404063645,2.992673993,3.911858975,0,NA,NA,6.285714286,NA,2.692307692,0,0,0,0,NA,NA,0,NA,0,0,0,0.019230769,0,NA,NA,0,NA,0,65.06236264,169.8791209,129.6362179,2,NA,NA,472.7142857,NA,34.92307692
911,2009,F09026,90708,2,19.8,5,64.89,28.64,NA,NA,3.8,2.56,80,63,72,140,1,5.419724912,1.378722185,6.368178172,2.222058551,1.404063645,2.992673993,3.911858975,0,NA,NA,6.285714286,NA,2.692307692,0,0,0,0,NA,NA,0,NA,0,0,0,0.019230769,0,NA,NA,0,NA,0,65.06236264,169.8791209,129.6362179,2,NA,NA,472.7142857,NA,34.92307692
912,2009,F09029,90710,2,20.29,5,64.46,29.36,NA,NA,3.7,2,35,NA,62,110,1,5.419724912,1.378722185,6.368178172,2.222058551,1.404063645,2.992673993,3.911858975,0,NA,NA,6.285714286,NA,2.692307692,0,0,0,0,NA,NA,0,NA,0,0,0,0.019230769,0,NA,NA,0,NA,0,65.06236264,169.8791209,129.6362179,2,NA,NA,472.7142857,NA,34.92307692
913,2009,F09031,90711,2,20.75,5-pregn,64.68,28.16,NA,NA,4.15,2.47,52,90,71,175,1,5.419724912,1.378722185,6.368178172,2.222058551,1.404063645,2.992673993,3.911858975,0,NA,NA,6.285714286,NA,2.692307692,0,0,0,0,NA,NA,0,NA,0,0,0,0.019230769,0,NA,NA,0,NA,0,65.06236264,169.8791209,129.6362179,2,NA,NA,472.7142857,NA,34.92307692
914,2009,F09032,90713,2,18.6,4,64.71,28.49,NA,NA,2.95,1.94,49,65,56,115,0,5.419724912,1.378722185,6.368178172,2.222058551,1.404063645,2.992673993,3.911858975,0,NA,NA,6.285714286,NA,2.692307692,0,0,0,0,NA,NA,0,NA,0,0,0,0.019230769,0,NA,NA,0,NA,0,65.06236264,169.8791209,129.6362179,2,NA,NA,472.7142857,NA,34.92307692
915,2009,F09033,90713,2,20.08,5,64.76,28.33,NA,NA,NA,2.41,72,71,75,112,1,5.419724912,1.378722185,6.368178172,2.222058551,1.404063645,2.992673993,3.911858975,0,NA,NA,6.285714286,NA,2.692307692,0,0,0,0,NA,NA,0,NA,0,0,0,0.019230769,0,NA,NA,0,NA,0,65.06236264,169.8791209,129.6362179,2,NA,NA,472.7142857,NA,34.92307692
916,2009,F09034,90713,2,20.12,5,64.74,28.56,NA,NA,4.16,2.38,NA,62,77,68,1,5.419724912,1.378722185,6.368178172,2.222058551,1.404063645,2.992673993,3.911858975,0,NA,NA,6.285714286,NA,2.692307692,0,0,0,0,NA,NA,0,NA,0,0,0,0.019230769,0,NA,NA,0,NA,0,65.06236264,169.8791209,129.6362179,2,NA,NA,472.7142857,NA,34.92307692
917,2009,F09036,90715,2,18.58,5-pregn,64.86,28.41,NA,NA,3.35,2.13,NA,52,NA,83,1,5.419724912,1.378722185,6.368178172,2.222058551,1.404063645,2.992673993,3.911858975,0,NA,NA,6.285714286,NA,2.692307692,0,0,0,0,NA,NA,0,NA,0,0,0,0.019230769,0,NA,NA,0,NA,0,65.06236264,169.8791209,129.6362179,2,NA,NA,472.7142857,NA,34.92307692
918,2009,F09038,90717,2,20.39,4-anoes,65.36,28.78,NA,NA,4.03,2.34,NA,58,53,97,0,5.419724912,1.378722185,6.368178172,2.222058551,1.404063645,2.992673993,3.911858975,0,NA,NA,6.285714286,NA,2.692307692,0,0,0,0,NA,NA,0,NA,0,0,0,0.019230769,0,NA,NA,0,NA,0,65.06236264,169.8791209,129.6362179,2,NA,NA,472.7142857,NA,34.92307692
919,2009,F09040,90717,2,19.4,5,65.68,28.83,NA,NA,4.1,2.09,NA,49,78,86,1,5.419724912,1.378722185,6.368178172,2.222058551,1.404063645,2.992673993,3.911858975,0,NA,NA,6.285714286,NA,2.692307692,0,0,0,0,NA,NA,0,NA,0,0,0,0.019230769,0,NA,NA,0,NA,0,65.06236264,169.8791209,129.6362179,2,NA,NA,472.7142857,NA,34.92307692
920,2009,F09045,90719,2,20.43,6,65.41,28.59,NA,NA,NA,1.98,NA,47,45,59,0,5.419724912,1.378722185,6.368178172,2.222058551,1.404063645,2.992673993,3.911858975,0,NA,NA,6.285714286,NA,2.692307692,0,0,0,0,NA,NA,0,NA,0,0,0,0.019230769,0,NA,NA,0,NA,0,65.06236264,169.8791209,129.6362179,2,NA,NA,472.7142857,NA,34.92307692
921,2009,F09048,90723,2,21.33,4-anoes,65.61,28.75,NA,NA,3.7,3.57,NA,66,65,95,0,5.419724912,1.378722185,6.368178172,2.222058551,1.404063645,2.992673993,3.911858975,0,NA,NA,6.285714286,NA,2.692307692,0,0,0,0,NA,NA,0,NA,0,0,0,0.019230769,0,NA,NA,0,NA,0,65.06236264,169.8791209,129.6362179,2,NA,NA,472.7142857,NA,34.92307692
922,2009,F09054,90727,2,19.5,4-anoes,64.24,28.86,NA,NA,NA,1.97,NA,NA,41,70,0,5.419724912,1.378722185,6.368178172,2.222058551,1.404063645,2.992673993,3.911858975,0,NA,NA,6.285714286,NA,2.692307692,0,0,0,0,NA,NA,0,NA,0,0,0,0.019230769,0,NA,NA,0,NA,0,65.06236264,169.8791209,129.6362179,2,NA,NA,472.7142857,NA,34.92307692
923,2009,F09056,90727,2,19.78,5-pregn,64.23,28.53,NA,NA,3.25,2.33,36,73,56,81,1,5.419724912,1.378722185,6.368178172,2.222058551,1.404063645,2.992673993,3.911858975,0,NA,NA,6.285714286,NA,2.692307692,0,0,0,0,NA,NA,0,NA,0,0,0,0.019230769,0,NA,NA,0,NA,0,65.06236264,169.8791209,129.6362179,2,NA,NA,472.7142857,NA,34.92307692
924,2009,F09058,90730,2,20.08,4-anoes,64.64,29.23,NA,NA,3.15,2.27,48,69,55,77,0,5.419724912,1.378722185,6.368178172,2.222058551,1.404063645,2.992673993,3.911858975,0,NA,NA,6.285714286,NA,2.692307692,0,0,0,0,NA,NA,0,NA,0,0,0,0.019230769,0,NA,NA,0,NA,0,65.06236264,169.8791209,129.6362179,2,NA,NA,472.7142857,NA,34.92307692
925,2009,F09061,90801,2,19.8,4-anoes,64.86,29.46,NA,NA,3.12,2.18,53,70,58,78,0,5.419724912,1.378722185,6.368178172,2.222058551,1.404063645,2.992673993,3.911858975,0,NA,NA,6.285714286,NA,2.692307692,0,0,0,0,NA,NA,0,NA,0,0,0,0.019230769,0,NA,NA,0,NA,0,65.06236264,169.8791209,129.6362179,2,NA,NA,472.7142857,NA,34.92307692
926,2009,F09063,90801,2,20.56,4-anoes,64.59,29.39,NA,NA,NA,2.18,47,65,88,89,0,5.419724912,1.378722185,6.368178172,2.222058551,1.404063645,2.992673993,3.911858975,0,NA,NA,6.285714286,NA,2.692307692,0,0,0,0,NA,NA,0,NA,0,0,0,0.019230769,0,NA,NA,0,NA,0,65.06236264,169.8791209,129.6362179,2,NA,NA,472.7142857,NA,34.92307692
927,2009,F09066,90806,2,19.5,5,64.83,29.49,78,80,3.18,2.23,NA,NA,NA,NA,1,5.419724912,1.378722185,6.368178172,2.222058551,1.404063645,2.992673993,3.911858975,0,NA,NA,6.285714286,NA,2.692307692,0,0,0,0,NA,NA,0,NA,0,0,0,0.019230769,0,NA,NA,0,NA,0,65.06236264,169.8791209,129.6362179,2,NA,NA,472.7142857,NA,34.92307692
928,2009,F09068,90808,2,19.95,4-anoes,64.96,28.34,NA,NA,NA,2.18,78,65,67,92,0,5.419724912,1.378722185,6.368178172,2.222058551,1.404063645,2.992673993,3.911858975,0,NA,NA,6.285714286,NA,2.692307692,0,0,0,0,NA,NA,0,NA,0,0,0,0.019230769,0,NA,NA,0,NA,0,65.06236264,169.8791209,129.6362179,2,NA,NA,472.7142857,NA,34.92307692
929,2009,F09069,90808,2,19.32,5,64.87,28.46,NA,NA,NA,2.19,61,66,70,66,1,5.419724912,1.378722185,6.368178172,2.222058551,1.404063645,2.992673993,3.911858975,0,NA,NA,6.285714286,NA,2.692307692,0,0,0,0,NA,NA,0,NA,0,0,0,0.019230769,0,NA,NA,0,NA,0,65.06236264,169.8791209,129.6362179,2,NA,NA,472.7142857,NA,34.92307692
930,2009,F09070,90809,2,19.82,5,65.29,28.29,NA,NA,3,2.05,60,75,68,130,1,5.419724912,1.378722185,6.368178172,2.222058551,1.404063645,2.992673993,3.911858975,0,NA,NA,6.285714286,NA,2.692307692,0,0,0,0,NA,NA,0,NA,0,0,0,0.019230769,0,NA,NA,0,NA,0,65.06236264,169.8791209,129.6362179,2,NA,NA,472.7142857,NA,34.92307692
931,2009,F09072,90810,2,20.5,5,64.46,28.36,NA,NA,NA,2.44,110,65,62,125,1,5.419724912,1.378722185,6.368178172,2.222058551,1.404063645,2.992673993,3.911858975,0,NA,NA,6.285714286,NA,2.692307692,0,0,0,0,NA,NA,0,NA,0,0,0,0.019230769,0,NA,NA,0,NA,0,65.06236264,169.8791209,129.6362179,2,NA,NA,472.7142857,NA,34.92307692
932,2009,F09074,90812,2,20.04,5,64.87,28.56,NA,NA,NA,2.07,58,50,54,130,1,5.419724912,1.378722185,6.368178172,2.222058551,1.404063645,2.992673993,3.911858975,0,NA,NA,6.285714286,NA,2.692307692,0,0,0,0,NA,NA,0,NA,0,0,0,0.019230769,0,NA,NA,0,NA,0,65.06236264,169.8791209,129.6362179,2,NA,NA,472.7142857,NA,34.92307692
933,2009,F09075,90812,2,19.5,5,64.86,28.59,NA,NA,NA,2.38,50,NA,61,132,1,5.419724912,1.378722185,6.368178172,2.222058551,1.404063645,2.992673993,3.911858975,0,NA,NA,6.285714286,NA,2.692307692,0,0,0,0,NA,NA,0,NA,0,0,0,0.019230769,0,NA,NA,0,NA,0,65.06236264,169.8791209,129.6362179,2,NA,NA,472.7142857,NA,34.92307692
934,2009,F09081,90814,2,21.3,3,64.71,28.78,NA,NA,3.9,2.2,NA,78,55,115,0,5.419724912,1.378722185,6.368178172,2.222058551,1.404063645,2.992673993,3.911858975,0,NA,NA,6.285714286,NA,2.692307692,0,0,0,0,NA,NA,0,NA,0,0,0,0.019230769,0,NA,NA,0,NA,0,65.06236264,169.8791209,129.6362179,2,NA,NA,472.7142857,NA,34.92307692
935,2009,F09084,90816,2,21.34,5,64.26,28.51,NA,NA,3.37,2.36,120,125,104,165,1,5.419724912,1.378722185,6.368178172,2.222058551,1.404063645,2.992673993,3.911858975,0,NA,NA,6.285714286,NA,2.692307692,0,0,0,0,NA,NA,0,NA,0,0,0,0.019230769,0,NA,NA,0,NA,0,65.06236264,169.8791209,129.6362179,2,NA,NA,472.7142857,NA,34.92307692
936,2009,F09087,90821,2,18.75,5,64.68,29.16,NA,NA,2.2,2.38,80,75,105,175,1,5.419724912,1.378722185,6.368178172,2.222058551,1.404063645,2.992673993,3.911858975,0,NA,NA,6.285714286,NA,2.692307692,0,0,0,0,NA,NA,0,NA,0,0,0,0.019230769,0,NA,NA,0,NA,0,65.06236264,169.8791209,129.6362179,2,NA,NA,472.7142857,NA,34.92307692
937,2009,F09088,90821,2,17.7,5-pregn,64.89,28.89,NA,NA,4,2.23,57,34,115,152,1,5.419724912,1.378722185,6.368178172,2.222058551,1.404063645,2.992673993,3.911858975,0,NA,NA,6.285714286,NA,2.692307692,0,0,0,0,NA,NA,0,NA,0,0,0,0.019230769,0,NA,NA,0,NA,0,65.06236264,169.8791209,129.6362179,2,NA,NA,472.7142857,NA,34.92307692
938,2009,F09090,90826,2,20.1,5,64.48,29.83,NA,NA,3.9,2.27,75,80,110,150,1,5.419724912,1.378722185,6.368178172,2.222058551,1.404063645,2.992673993,3.911858975,0,NA,NA,6.285714286,NA,2.692307692,0,0,0,0,NA,NA,0,NA,0,0,0,0.019230769,0,NA,NA,0,NA,0,65.06236264,169.8791209,129.6362179,2,NA,NA,472.7142857,NA,34.92307692
939,2009,F09091,90826,2,19.1,5,64.81,29.14,NA,NA,3.5,2.26,43,70,75,160,1,5.419724912,1.378722185,6.368178172,2.222058551,1.404063645,2.992673993,3.911858975,0,NA,NA,6.285714286,NA,2.692307692,0,0,0,0,NA,NA,0,NA,0,0,0,0.019230769,0,NA,NA,0,NA,0,65.06236264,169.8791209,129.6362179,2,NA,NA,472.7142857,NA,34.92307692
940,2009,F09097,90901,2,19.5,4-anoes,64.44,28.79,NA,NA,3.18,1.76,55,70,85,85,0,5.419724912,1.378722185,6.368178172,2.222058551,1.404063645,2.992673993,3.911858975,0,NA,NA,6.285714286,NA,2.692307692,0,0,0,0,NA,NA,0,NA,0,0,0,0.019230769,0,NA,NA,0,NA,0,65.06236264,169.8791209,129.6362179,2,NA,NA,472.7142857,NA,34.92307692
941,2009,F09099,90902,2,18.49,4-anoes,64.36,29.14,NA,NA,3.8,2.27,60,65,80,140,0,5.419724912,1.378722185,6.368178172,2.222058551,1.404063645,2.992673993,3.911858975,0,NA,NA,6.285714286,NA,2.692307692,0,0,0,0,NA,NA,0,NA,0,0,0,0.019230769,0,NA,NA,0,NA,0,65.06236264,169.8791209,129.6362179,2,NA,NA,472.7142857,NA,34.92307692
942,2009,F09103,90904,2,20.42,4-anoes,64.44,29.87,NA,NA,4.22,2.39,65,100,65,80,0,5.419724912,1.378722185,6.368178172,2.222058551,1.404063645,2.992673993,3.911858975,0,NA,NA,6.285714286,NA,2.692307692,0,0,0,0,NA,NA,0,NA,0,0,0,0.019230769,0,NA,NA,0,NA,0,65.06236264,169.8791209,129.6362179,2,NA,NA,472.7142857,NA,34.92307692
943,2009,F09106,90906,2,21.25,4-anoes,64.43,28.91,NA,NA,3.2,2.33,60,70,68,99,0,5.419724912,1.378722185,6.368178172,2.222058551,1.404063645,2.992673993,3.911858975,0,NA,NA,6.285714286,NA,2.692307692,0,0,0,0,NA,NA,0,NA,0,0,0,0.019230769,0,NA,NA,0,NA,0,65.06236264,169.8791209,129.6362179,2,NA,NA,472.7142857,NA,34.92307692
944,2009,F09111,90912,2,20.72,4-anoes,64.49,29.16,NA,NA,3.16,2.05,65,66,75,95,0,5.419724912,1.378722185,6.368178172,2.222058551,1.404063645,2.992673993,3.911858975,0,NA,NA,6.285714286,NA,2.692307692,0,0,0,0,NA,NA,0,NA,0,0,0,0.019230769,0,NA,NA,0,NA,0,65.06236264,169.8791209,129.6362179,2,NA,NA,472.7142857,NA,34.92307692
945,2009,F09113,90917,2,18.9,4-anoes,64.48,29.99,NA,NA,3.6,1.82,NA,66,60,70,0,5.419724912,1.378722185,6.368178172,2.222058551,1.404063645,2.992673993,3.911858975,0,NA,NA,6.285714286,NA,2.692307692,0,0,0,0,NA,NA,0,NA,0,0,0,0.019230769,0,NA,NA,0,NA,0,65.06236264,169.8791209,129.6362179,2,NA,NA,472.7142857,NA,34.92307692
946,2009,F09114,90919,2,19.14,4-anoes,64.26,27.97,NA,NA,3.3,2.03,70,60,56,95,0,5.419724912,1.378722185,6.368178172,2.222058551,1.404063645,2.992673993,3.911858975,0,NA,NA,6.285714286,NA,2.692307692,0,0,0,0,NA,NA,0,NA,0,0,0,0.019230769,0,NA,NA,0,NA,0,65.06236264,169.8791209,129.6362179,2,NA,NA,472.7142857,NA,34.92307692
947,2009,F09117,90919,2,19.3,5-pregn,64.43,28.76,NA,NA,4.35,2.1,70,77,70,80,1,5.419724912,1.378722185,6.368178172,2.222058551,1.404063645,2.992673993,3.911858975,0,NA,NA,6.285714286,NA,2.692307692,0,0,0,0,NA,NA,0,NA,0,0,0,0.019230769,0,NA,NA,0,NA,0,65.06236264,169.8791209,129.6362179,2,NA,NA,472.7142857,NA,34.92307692
948,2009,F09120,90921,2,18.6,4,64.29,27.38,NA,NA,3.3,2.3,52,57,81,130,0,5.419724912,1.378722185,6.368178172,2.222058551,1.404063645,2.992673993,3.911858975,0,NA,NA,6.285714286,NA,2.692307692,0,0,0,0,NA,NA,0,NA,0,0,0,0.019230769,0,NA,NA,0,NA,0,65.06236264,169.8791209,129.6362179,2,NA,NA,472.7142857,NA,34.92307692
949,2010,F10006,100630,2,20.14,9,64.29,26.79,NA,NA,2.95,2.05,NA,NA,65,80,1,5.39085951,4.686292718,5.419724912,1.378722185,4.917307692,5.319444445,2.992673993,8.142857143,11.5,3.5,4.416666667,3.857142857,0.5,0,0,0,0,0,0,0,0,0,0.067857143,0.071428572,0,0,0,0,0,0.428571429,0,49.28379121,69.55952381,169.8791209,24.71428571,58.66666667,105.6666667,69.08333333,59.14285714,100.0833333
950,2010,F10007,100630,2,20.1,4-anoes,64.26,26.97,NA,NA,3.57,2.33,NA,NA,79,91,0,5.39085951,4.686292718,5.419724912,1.378722185,4.917307692,5.319444445,2.992673993,8.142857143,11.5,3.5,4.416666667,3.857142857,0.5,0,0,0,0,0,0,0,0,0,0.067857143,0.071428572,0,0,0,0,0,0.428571429,0,49.28379121,69.55952381,169.8791209,24.71428571,58.66666667,105.6666667,69.08333333,59.14285714,100.0833333
951,2010,F10009,100703,2,18.9,3,64.13,29.49,NA,NA,2.3,1.95,NA,NA,53,65,0,5.39085951,4.686292718,5.419724912,1.378722185,4.917307692,5.319444445,2.992673993,8.142857143,11.5,3.5,4.416666667,3.857142857,0.5,0,0,0,0,0,0,0,0,0,0.067857143,0.071428572,0,0,0,0,0,0.428571429,0,49.28379121,69.55952381,169.8791209,24.71428571,58.66666667,105.6666667,69.08333333,59.14285714,100.0833333
952,2010,F10010,100704,2,18.92,4-anoes,62.46,26.13,NA,NA,4.9,2.65,NA,NA,102,148,0,5.39085951,4.686292718,5.419724912,1.378722185,4.917307692,5.319444445,2.992673993,8.142857143,11.5,3.5,4.416666667,3.857142857,0.5,0,0,0,0,0,0,0,0,0,0.067857143,0.071428572,0,0,0,0,0,0.428571429,0,49.28379121,69.55952381,169.8791209,24.71428571,58.66666667,105.6666667,69.08333333,59.14285714,100.0833333
953,2010,F10016,100709,2,20.1,4,63.61,28.16,NA,NA,3.4,2.35,NA,NA,55,145,0,5.39085951,4.686292718,5.419724912,1.378722185,4.917307692,5.319444445,2.992673993,8.142857143,11.5,3.5,4.416666667,3.857142857,0.5,0,0,0,0,0,0,0,0,0,0.067857143,0.071428572,0,0,0,0,0,0.428571429,0,49.28379121,69.55952381,169.8791209,24.71428571,58.66666667,105.6666667,69.08333333,59.14285714,100.0833333
954,2010,F10018,100711,2,19.35,5,63.14,25.91,NA,NA,3.3,2.1,NA,NA,50,115,1,5.39085951,4.686292718,5.419724912,1.378722185,4.917307692,5.319444445,2.992673993,8.142857143,11.5,3.5,4.416666667,3.857142857,0.5,0,0,0,0,0,0,0,0,0,0.067857143,0.071428572,0,0,0,0,0,0.428571429,0,49.28379121,69.55952381,169.8791209,24.71428571,58.66666667,105.6666667,69.08333333,59.14285714,100.0833333
955,2010,F10020,100711,2,21.25,5,63.26,25.78,NA,NA,3.37,2.3,NA,NA,49,125,1,5.39085951,4.686292718,5.419724912,1.378722185,4.917307692,5.319444445,2.992673993,8.142857143,11.5,3.5,4.416666667,3.857142857,0.5,0,0,0,0,0,0,0,0,0,0.067857143,0.071428572,0,0,0,0,0,0.428571429,0,49.28379121,69.55952381,169.8791209,24.71428571,58.66666667,105.6666667,69.08333333,59.14285714,100.0833333
956,2010,F10022,100712,2,18.8,5,63.21,25.87,NA,NA,3.3,2.08,NA,NA,85,137,1,5.39085951,4.686292718,5.419724912,1.378722185,4.917307692,5.319444445,2.992673993,8.142857143,11.5,3.5,4.416666667,3.857142857,0.5,0,0,0,0,0,0,0,0,0,0.067857143,0.071428572,0,0,0,0,0,0.428571429,0,49.28379121,69.55952381,169.8791209,24.71428571,58.66666667,105.6666667,69.08333333,59.14285714,100.0833333
957,2010,F10029,100715,2,20.2,5,66.73,26.78,NA,NA,NA,2.17,NA,NA,54,84,1,5.39085951,4.686292718,5.419724912,1.378722185,4.917307692,5.319444445,2.992673993,8.142857143,11.5,3.5,4.416666667,3.857142857,0.5,0,0,0,0,0,0,0,0,0,0.067857143,0.071428572,0,0,0,0,0,0.428571429,0,49.28379121,69.55952381,169.8791209,24.71428571,58.66666667,105.6666667,69.08333333,59.14285714,100.0833333
958,2010,F10030,100716,2,21.25,3,66.83,27.23,NA,NA,3.15,2.08,NA,NA,50,84,0,5.39085951,4.686292718,5.419724912,1.378722185,4.917307692,5.319444445,2.992673993,8.142857143,11.5,3.5,4.416666667,3.857142857,0.5,0,0,0,0,0,0,0,0,0,0.067857143,0.071428572,0,0,0,0,0,0.428571429,0,49.28379121,69.55952381,169.8791209,24.71428571,58.66666667,105.6666667,69.08333333,59.14285714,100.0833333
959,2010,F10032,100716,2,19.35,4,63.87,27.64,NA,NA,3.05,2,NA,NA,46,75,0,5.39085951,4.686292718,5.419724912,1.378722185,4.917307692,5.319444445,2.992673993,8.142857143,11.5,3.5,4.416666667,3.857142857,0.5,0,0,0,0,0,0,0,0,0,0.067857143,0.071428572,0,0,0,0,0,0.428571429,0,49.28379121,69.55952381,169.8791209,24.71428571,58.66666667,105.6666667,69.08333333,59.14285714,100.0833333
960,2010,F10034,100717,2,18.75,5,64.33,27.59,NA,NA,3,2.07,NA,NA,45,85,1,5.39085951,4.686292718,5.419724912,1.378722185,4.917307692,5.319444445,2.992673993,8.142857143,11.5,3.5,4.416666667,3.857142857,0.5,0,0,0,0,0,0,0,0,0,0.067857143,0.071428572,0,0,0,0,0,0.428571429,0,49.28379121,69.55952381,169.8791209,24.71428571,58.66666667,105.6666667,69.08333333,59.14285714,100.0833333
961,2010,F10035,100717,2,19.4,5,63.79,26.76,NA,NA,3.75,2.35,NA,NA,67,80,1,5.39085951,4.686292718,5.419724912,1.378722185,4.917307692,5.319444445,2.992673993,8.142857143,11.5,3.5,4.416666667,3.857142857,0.5,0,0,0,0,0,0,0,0,0,0.067857143,0.071428572,0,0,0,0,0,0.428571429,0,49.28379121,69.55952381,169.8791209,24.71428571,58.66666667,105.6666667,69.08333333,59.14285714,100.0833333
962,2010,F10037,100719,2,18.49,5,63.91,26.96,NA,NA,3.22,2.34,NA,NA,67,95,1,5.39085951,4.686292718,5.419724912,1.378722185,4.917307692,5.319444445,2.992673993,8.142857143,11.5,3.5,4.416666667,3.857142857,0.5,0,0,0,0,0,0,0,0,0,0.067857143,0.071428572,0,0,0,0,0,0.428571429,0,49.28379121,69.55952381,169.8791209,24.71428571,58.66666667,105.6666667,69.08333333,59.14285714,100.0833333
963,2010,F10038,100719,2,19.2,3,63.91,27.33,NA,NA,3.51,2.17,NA,NA,60,90,0,5.39085951,4.686292718,5.419724912,1.378722185,4.917307692,5.319444445,2.992673993,8.142857143,11.5,3.5,4.416666667,3.857142857,0.5,0,0,0,0,0,0,0,0,0,0.067857143,0.071428572,0,0,0,0,0,0.428571429,0,49.28379121,69.55952381,169.8791209,24.71428571,58.66666667,105.6666667,69.08333333,59.14285714,100.0833333
964,2010,F10040,100719,2,17.7,4-anoes,63.96,27.83,NA,NA,3.25,2.01,NA,NA,78,95,0,5.39085951,4.686292718,5.419724912,1.378722185,4.917307692,5.319444445,2.992673993,8.142857143,11.5,3.5,4.416666667,3.857142857,0.5,0,0,0,0,0,0,0,0,0,0.067857143,0.071428572,0,0,0,0,0,0.428571429,0,49.28379121,69.55952381,169.8791209,24.71428571,58.66666667,105.6666667,69.08333333,59.14285714,100.0833333
965,2010,F10044,100720,2,19.09,5,64.18,27.24,NA,NA,NA,NA,NA,NA,NA,NA,1,5.39085951,4.686292718,5.419724912,1.378722185,4.917307692,5.319444445,2.992673993,8.142857143,11.5,3.5,4.416666667,3.857142857,0.5,0,0,0,0,0,0,0,0,0,0.067857143,0.071428572,0,0,0,0,0,0.428571429,0,49.28379121,69.55952381,169.8791209,24.71428571,58.66666667,105.6666667,69.08333333,59.14285714,100.0833333
966,2010,F10046,100722,2,19.77,4-anoes,64.83,27.34,NA,NA,3.45,2.27,NA,NA,85,90,0,5.39085951,4.686292718,5.419724912,1.378722185,4.917307692,5.319444445,2.992673993,8.142857143,11.5,3.5,4.416666667,3.857142857,0.5,0,0,0,0,0,0,0,0,0,0.067857143,0.071428572,0,0,0,0,0,0.428571429,0,49.28379121,69.55952381,169.8791209,24.71428571,58.66666667,105.6666667,69.08333333,59.14285714,100.0833333
967,2010,F10047,100722,2,19.78,5-pregn,64.39,28.48,NA,NA,3.4,1.99,NA,NA,57,95,1,5.39085951,4.686292718,5.419724912,1.378722185,4.917307692,5.319444445,2.992673993,8.142857143,11.5,3.5,4.416666667,3.857142857,0.5,0,0,0,0,0,0,0,0,0,0.067857143,0.071428572,0,0,0,0,0,0.428571429,0,49.28379121,69.55952381,169.8791209,24.71428571,58.66666667,105.6666667,69.08333333,59.14285714,100.0833333
968,2010,F10049,100724,2,18.8,4-anoes,64.39,27.79,NA,NA,3.6,2.02,NA,NA,67,77,0,5.39085951,4.686292718,5.419724912,1.378722185,4.917307692,5.319444445,2.992673993,8.142857143,11.5,3.5,4.416666667,3.857142857,0.5,0,0,0,0,0,0,0,0,0,0.067857143,0.071428572,0,0,0,0,0,0.428571429,0,49.28379121,69.55952381,169.8791209,24.71428571,58.66666667,105.6666667,69.08333333,59.14285714,100.0833333
969,2010,F10052,100724,2,18.9,5,64.53,28.16,NA,NA,NA,2.1,NA,NA,70,85,1,5.39085951,4.686292718,5.419724912,1.378722185,4.917307692,5.319444445,2.992673993,8.142857143,11.5,3.5,4.416666667,3.857142857,0.5,0,0,0,0,0,0,0,0,0,0.067857143,0.071428572,0,0,0,0,0,0.428571429,0,49.28379121,69.55952381,169.8791209,24.71428571,58.66666667,105.6666667,69.08333333,59.14285714,100.0833333
970,2010,F10063,100801,2,19.5,5-pregn,63.89,27.68,NA,NA,3.2,2.1,NA,NA,68,91,1,5.39085951,4.686292718,5.419724912,1.378722185,4.917307692,5.319444445,2.992673993,8.142857143,11.5,3.5,4.416666667,3.857142857,0.5,0,0,0,0,0,0,0,0,0,0.067857143,0.071428572,0,0,0,0,0,0.428571429,0,49.28379121,69.55952381,169.8791209,24.71428571,58.66666667,105.6666667,69.08333333,59.14285714,100.0833333
971,2010,F10067,100803,2,19.8,5,65.89,27.78,NA,NA,3.7,2.29,NA,NA,70,87,1,5.39085951,4.686292718,5.419724912,1.378722185,4.917307692,5.319444445,2.992673993,8.142857143,11.5,3.5,4.416666667,3.857142857,0.5,0,0,0,0,0,0,0,0,0,0.067857143,0.071428572,0,0,0,0,0,0.428571429,0,49.28379121,69.55952381,169.8791209,24.71428571,58.66666667,105.6666667,69.08333333,59.14285714,100.0833333
972,2010,F10073,100805,2,19.5,5,63.26,26.59,NA,NA,3.79,2.23,NA,NA,57,60,1,5.39085951,4.686292718,5.419724912,1.378722185,4.917307692,5.319444445,2.992673993,8.142857143,11.5,3.5,4.416666667,3.857142857,0.5,0,0,0,0,0,0,0,0,0,0.067857143,0.071428572,0,0,0,0,0,0.428571429,0,49.28379121,69.55952381,169.8791209,24.71428571,58.66666667,105.6666667,69.08333333,59.14285714,100.0833333
973,2010,F10074,100806,2,19.5,5,63.49,27.41,NA,NA,3.5,2.36,NA,NA,58,92,1,5.39085951,4.686292718,5.419724912,1.378722185,4.917307692,5.319444445,2.992673993,8.142857143,11.5,3.5,4.416666667,3.857142857,0.5,0,0,0,0,0,0,0,0,0,0.067857143,0.071428572,0,0,0,0,0,0.428571429,0,49.28379121,69.55952381,169.8791209,24.71428571,58.66666667,105.6666667,69.08333333,59.14285714,100.0833333
974,2010,F10076,100807,2,19.5,3,63.38,27.38,NA,NA,3.55,2.26,NA,NA,57,85,0,5.39085951,4.686292718,5.419724912,1.378722185,4.917307692,5.319444445,2.992673993,8.142857143,11.5,3.5,4.416666667,3.857142857,0.5,0,0,0,0,0,0,0,0,0,0.067857143,0.071428572,0,0,0,0,0,0.428571429,0,49.28379121,69.55952381,169.8791209,24.71428571,58.66666667,105.6666667,69.08333333,59.14285714,100.0833333
975,2010,F10084,100812,2,19.95,5,63.33,28.58,NA,NA,3.17,1.85,NA,NA,53,84,1,5.39085951,4.686292718,5.419724912,1.378722185,4.917307692,5.319444445,2.992673993,8.142857143,11.5,3.5,4.416666667,3.857142857,0.5,0,0,0,0,0,0,0,0,0,0.067857143,0.071428572,0,0,0,0,0,0.428571429,0,49.28379121,69.55952381,169.8791209,24.71428571,58.66666667,105.6666667,69.08333333,59.14285714,100.0833333
976,2010,F10085,100813,2,20.68,5,63.99,28.19,NA,NA,3.88,2.54,NA,NA,80,114,1,5.39085951,4.686292718,5.419724912,1.378722185,4.917307692,5.319444445,2.992673993,8.142857143,11.5,3.5,4.416666667,3.857142857,0.5,0,0,0,0,0,0,0,0,0,0.067857143,0.071428572,0,0,0,0,0,0.428571429,0,49.28379121,69.55952381,169.8791209,24.71428571,58.66666667,105.6666667,69.08333333,59.14285714,100.0833333
977,2010,F10087,100815,2,19.78,5,63.49,28.23,NA,NA,3.5,2.32,NA,NA,67,105,1,5.39085951,4.686292718,5.419724912,1.378722185,4.917307692,5.319444445,2.992673993,8.142857143,11.5,3.5,4.416666667,3.857142857,0.5,0,0,0,0,0,0,0,0,0,0.067857143,0.071428572,0,0,0,0,0,0.428571429,0,49.28379121,69.55952381,169.8791209,24.71428571,58.66666667,105.6666667,69.08333333,59.14285714,100.0833333
978,2010,F10088,100815,2,19.2,5,63.11,28.66,NA,NA,0.48,0.27,NA,NA,60,77,1,5.39085951,4.686292718,5.419724912,1.378722185,4.917307692,5.319444445,2.992673993,8.142857143,11.5,3.5,4.416666667,3.857142857,0.5,0,0,0,0,0,0,0,0,0,0.067857143,0.071428572,0,0,0,0,0,0.428571429,0,49.28379121,69.55952381,169.8791209,24.71428571,58.66666667,105.6666667,69.08333333,59.14285714,100.0833333
979,2010,F10090,100819,2,21.23,5,63.19,28.39,NA,NA,3.4,2.3,NA,NA,60,NA,1,5.39085951,4.686292718,5.419724912,1.378722185,4.917307692,5.319444445,2.992673993,8.142857143,11.5,3.5,4.416666667,3.857142857,0.5,0,0,0,0,0,0,0,0,0,0.067857143,0.071428572,0,0,0,0,0,0.428571429,0,49.28379121,69.55952381,169.8791209,24.71428571,58.66666667,105.6666667,69.08333333,59.14285714,100.0833333
980,2010,F10092,100822,2,20.12,3,64.38,28.71,NA,NA,3.55,2.38,NA,NA,62,94,0,5.39085951,4.686292718,5.419724912,1.378722185,4.917307692,5.319444445,2.992673993,8.142857143,11.5,3.5,4.416666667,3.857142857,0.5,0,0,0,0,0,0,0,0,0,0.067857143,0.071428572,0,0,0,0,0,0.428571429,0,49.28379121,69.55952381,169.8791209,24.71428571,58.66666667,105.6666667,69.08333333,59.14285714,100.0833333
981,2010,F10093,100822,2,18.6,3,64.28,28.53,NA,NA,3.2,1.97,NA,NA,59,64,0,5.39085951,4.686292718,5.419724912,1.378722185,4.917307692,5.319444445,2.992673993,8.142857143,11.5,3.5,4.416666667,3.857142857,0.5,0,0,0,0,0,0,0,0,0,0.067857143,0.071428572,0,0,0,0,0,0.428571429,0,49.28379121,69.55952381,169.8791209,24.71428571,58.66666667,105.6666667,69.08333333,59.14285714,100.0833333
982,2010,F10094,100823,2,19.78,4,63.83,28.23,NA,NA,2.9,1.77,NA,NA,65,70,0,5.39085951,4.686292718,5.419724912,1.378722185,4.917307692,5.319444445,2.992673993,8.142857143,11.5,3.5,4.416666667,3.857142857,0.5,0,0,0,0,0,0,0,0,0,0.067857143,0.071428572,0,0,0,0,0,0.428571429,0,49.28379121,69.55952381,169.8791209,24.71428571,58.66666667,105.6666667,69.08333333,59.14285714,100.0833333
983,2010,F10097,100824,2,18.95,4,64.21,29.83,NA,NA,3.12,2.07,NA,NA,68,79,0,5.39085951,4.686292718,5.419724912,1.378722185,4.917307692,5.319444445,2.992673993,8.142857143,11.5,3.5,4.416666667,3.857142857,0.5,0,0,0,0,0,0,0,0,0,0.067857143,0.071428572,0,0,0,0,0,0.428571429,0,49.28379121,69.55952381,169.8791209,24.71428571,58.66666667,105.6666667,69.08333333,59.14285714,100.0833333
984,2010,F10098,100825,2,20.22,4,64.19,29.11,NA,NA,3.55,2.24,NA,NA,62,70,0,5.39085951,4.686292718,5.419724912,1.378722185,4.917307692,5.319444445,2.992673993,8.142857143,11.5,3.5,4.416666667,3.857142857,0.5,0,0,0,0,0,0,0,0,0,0.067857143,0.071428572,0,0,0,0,0,0.428571429,0,49.28379121,69.55952381,169.8791209,24.71428571,58.66666667,105.6666667,69.08333333,59.14285714,100.0833333
985,2010,F10104,100828,2,19.34,5,64.39,29.24,NA,NA,3.98,2.43,NA,NA,98,85,1,5.39085951,4.686292718,5.419724912,1.378722185,4.917307692,5.319444445,2.992673993,8.142857143,11.5,3.5,4.416666667,3.857142857,0.5,0,0,0,0,0,0,0,0,0,0.067857143,0.071428572,0,0,0,0,0,0.428571429,0,49.28379121,69.55952381,169.8791209,24.71428571,58.66666667,105.6666667,69.08333333,59.14285714,100.0833333
986,2010,F10106,100829,2,17.98,5,64.71,29.34,NA,NA,3.1,2.45,NA,NA,60,65,1,5.39085951,4.686292718,5.419724912,1.378722185,4.917307692,5.319444445,2.992673993,8.142857143,11.5,3.5,4.416666667,3.857142857,0.5,0,0,0,0,0,0,0,0,0,0.067857143,0.071428572,0,0,0,0,0,0.428571429,0,49.28379121,69.55952381,169.8791209,24.71428571,58.66666667,105.6666667,69.08333333,59.14285714,100.0833333
987,2010,F10111,100901,2,19.8,5,64.33,28.36,NA,NA,3.5,2.43,NA,NA,120,118,1,5.39085951,4.686292718,5.419724912,1.378722185,4.917307692,5.319444445,2.992673993,8.142857143,11.5,3.5,4.416666667,3.857142857,0.5,0,0,0,0,0,0,0,0,0,0.067857143,0.071428572,0,0,0,0,0,0.428571429,0,49.28379121,69.55952381,169.8791209,24.71428571,58.66666667,105.6666667,69.08333333,59.14285714,100.0833333
988,2010,F10114,100905,2,20.72,4,64.34,28.23,NA,NA,3.55,2.22,NA,NA,63,72,0,5.39085951,4.686292718,5.419724912,1.378722185,4.917307692,5.319444445,2.992673993,8.142857143,11.5,3.5,4.416666667,3.857142857,0.5,0,0,0,0,0,0,0,0,0,0.067857143,0.071428572,0,0,0,0,0,0.428571429,0,49.28379121,69.55952381,169.8791209,24.71428571,58.66666667,105.6666667,69.08333333,59.14285714,100.0833333
989,2010,F10115,100905,2,19.68,4,64.31,28.56,NA,NA,3.56,2.37,NA,NA,80,82,0,5.39085951,4.686292718,5.419724912,1.378722185,4.917307692,5.319444445,2.992673993,8.142857143,11.5,3.5,4.416666667,3.857142857,0.5,0,0,0,0,0,0,0,0,0,0.067857143,0.071428572,0,0,0,0,0,0.428571429,0,49.28379121,69.55952381,169.8791209,24.71428571,58.66666667,105.6666667,69.08333333,59.14285714,100.0833333
990,2010,F10116,100905,2,19.12,5,64.28,28.56,NA,NA,3.64,2.22,NA,NA,89,NA,1,5.39085951,4.686292718,5.419724912,1.378722185,4.917307692,5.319444445,2.992673993,8.142857143,11.5,3.5,4.416666667,3.857142857,0.5,0,0,0,0,0,0,0,0,0,0.067857143,0.071428572,0,0,0,0,0,0.428571429,0,49.28379121,69.55952381,169.8791209,24.71428571,58.66666667,105.6666667,69.08333333,59.14285714,100.0833333
991,2010,F10120,100909,2,19.5,5,63.94,27.38,NA,NA,3.79,2.48,NA,NA,74,93,1,5.39085951,4.686292718,5.419724912,1.378722185,4.917307692,5.319444445,2.992673993,8.142857143,11.5,3.5,4.416666667,3.857142857,0.5,0,0,0,0,0,0,0,0,0,0.067857143,0.071428572,0,0,0,0,0,0.428571429,0,49.28379121,69.55952381,169.8791209,24.71428571,58.66666667,105.6666667,69.08333333,59.14285714,100.0833333
992,2010,F10121,100909,2,18.88,3-matur,64.33,27.54,NA,NA,3.29,2.12,NA,NA,80,NA,0,5.39085951,4.686292718,5.419724912,1.378722185,4.917307692,5.319444445,2.992673993,8.142857143,11.5,3.5,4.416666667,3.857142857,0.5,0,0,0,0,0,0,0,0,0,0.067857143,0.071428572,0,0,0,0,0,0.428571429,0,49.28379121,69.55952381,169.8791209,24.71428571,58.66666667,105.6666667,69.08333333,59.14285714,100.0833333
993,2010,F10122,100909,2,20.8,5,63.83,27.36,NA,NA,3.98,2.48,NA,NA,85,111,1,5.39085951,4.686292718,5.419724912,1.378722185,4.917307692,5.319444445,2.992673993,8.142857143,11.5,3.5,4.416666667,3.857142857,0.5,0,0,0,0,0,0,0,0,0,0.067857143,0.071428572,0,0,0,0,0,0.428571429,0,49.28379121,69.55952381,169.8791209,24.71428571,58.66666667,105.6666667,69.08333333,59.14285714,100.0833333
994,2010,F10123,100911,2,18.5,4-anoes,63.83,27.36,NA,NA,3.42,2.08,NA,NA,51,66,0,5.39085951,4.686292718,5.419724912,1.378722185,4.917307692,5.319444445,2.992673993,8.142857143,11.5,3.5,4.416666667,3.857142857,0.5,0,0,0,0,0,0,0,0,0,0.067857143,0.071428572,0,0,0,0,0,0.428571429,0,49.28379121,69.55952381,169.8791209,24.71428571,58.66666667,105.6666667,69.08333333,59.14285714,100.0833333
995,2010,F10124,100911,2,19.8,3-matur,63.87,27.41,NA,NA,3.52,2.04,NA,NA,54,83,0,5.39085951,4.686292718,5.419724912,1.378722185,4.917307692,5.319444445,2.992673993,8.142857143,11.5,3.5,4.416666667,3.857142857,0.5,0,0,0,0,0,0,0,0,0,0.067857143,0.071428572,0,0,0,0,0,0.428571429,0,49.28379121,69.55952381,169.8791209,24.71428571,58.66666667,105.6666667,69.08333333,59.14285714,100.0833333
996,2010,F10125,100912,2,19.86,6,63.97,27.26,NA,NA,3.25,2.02,NA,NA,60,80,0,5.39085951,4.686292718,5.419724912,1.378722185,4.917307692,5.319444445,2.992673993,8.142857143,11.5,3.5,4.416666667,3.857142857,0.5,0,0,0,0,0,0,0,0,0,0.067857143,0.071428572,0,0,0,0,0,0.428571429,0,49.28379121,69.55952381,169.8791209,24.71428571,58.66666667,105.6666667,69.08333333,59.14285714,100.0833333
997,2010,F10127,100912,2,21.5,5,63.94,27.19,NA,NA,3.9,2.53,NA,NA,100,110,1,5.39085951,4.686292718,5.419724912,1.378722185,4.917307692,5.319444445,2.992673993,8.142857143,11.5,3.5,4.416666667,3.857142857,0.5,0,0,0,0,0,0,0,0,0,0.067857143,0.071428572,0,0,0,0,0,0.428571429,0,49.28379121,69.55952381,169.8791209,24.71428571,58.66666667,105.6666667,69.08333333,59.14285714,100.0833333
998,2010,F10128,100915,2,19.8,5,63.97,27.26,NA,NA,3.77,2.5,NA,NA,100,100,1,5.39085951,4.686292718,5.419724912,1.378722185,4.917307692,5.319444445,2.992673993,8.142857143,11.5,3.5,4.416666667,3.857142857,0.5,0,0,0,0,0,0,0,0,0,0.067857143,0.071428572,0,0,0,0,0,0.428571429,0,49.28379121,69.55952381,169.8791209,24.71428571,58.66666667,105.6666667,69.08333333,59.14285714,100.0833333
999,2010,F10129,100915,2,15.75,5,63.97,27.38,NA,NA,2.74,1.82,NA,NA,50,65,1,5.39085951,4.686292718,5.419724912,1.378722185,4.917307692,5.319444445,2.992673993,8.142857143,11.5,3.5,4.416666667,3.857142857,0.5,0,0,0,0,0,0,0,0,0,0.067857143,0.071428572,0,0,0,0,0,0.428571429,0,49.28379121,69.55952381,169.8791209,24.71428571,58.66666667,105.6666667,69.08333333,59.14285714,100.0833333
1000,2010,F10130,100915,2,20.53,5,64.16,27.34,NA,NA,3.18,2.08,NA,NA,70,80,1,5.39085951,4.686292718,5.419724912,1.378722185,4.917307692,5.319444445,2.992673993,8.142857143,11.5,3.5,4.416666667,3.857142857,0.5,0,0,0,0,0,0,0,0,0,0.067857143,0.071428572,0,0,0,0,0,0.428571429,0,49.28379121,69.55952381,169.8791209,24.71428571,58.66666667,105.6666667,69.08333333,59.14285714,100.0833333
1001,2010,F10132,100917,2,19.8,7,64.49,27.46,NA,NA,3.55,2.2,NA,NA,75,80,0,5.39085951,4.686292718,5.419724912,1.378722185,4.917307692,5.319444445,2.992673993,8.142857143,11.5,3.5,4.416666667,3.857142857,0.5,0,0,0,0,0,0,0,0,0,0.067857143,0.071428572,0,0,0,0,0,0.428571429,0,49.28379121,69.55952381,169.8791209,24.71428571,58.66666667,105.6666667,69.08333333,59.14285714,100.0833333
1002,2010,F10134,100917,2,19.7,5,64.13,27.99,NA,NA,3.74,2.57,NA,NA,85,75,1,5.39085951,4.686292718,5.419724912,1.378722185,4.917307692,5.319444445,2.992673993,8.142857143,11.5,3.5,4.416666667,3.857142857,0.5,0,0,0,0,0,0,0,0,0,0.067857143,0.071428572,0,0,0,0,0,0.428571429,0,49.28379121,69.55952381,169.8791209,24.71428571,58.66666667,105.6666667,69.08333333,59.14285714,100.0833333
1003,2010,F10137,100919,2,20.1,3-matur,64.24,28.99,NA,NA,3.36,2.24,NA,NA,54,75,0,5.39085951,4.686292718,5.419724912,1.378722185,4.917307692,5.319444445,2.992673993,8.142857143,11.5,3.5,4.416666667,3.857142857,0.5,0,0,0,0,0,0,0,0,0,0.067857143,0.071428572,0,0,0,0,0,0.428571429,0,49.28379121,69.55952381,169.8791209,24.71428571,58.66666667,105.6666667,69.08333333,59.14285714,100.0833333
1004,2010,F10139,100919,2,21.05,5-pregn,64.99,27.73,NA,NA,3.69,2.29,NA,NA,78,84,1,5.39085951,4.686292718,5.419724912,1.378722185,4.917307692,5.319444445,2.992673993,8.142857143,11.5,3.5,4.416666667,3.857142857,0.5,0,0,0,0,0,0,0,0,0,0.067857143,0.071428572,0,0,0,0,0,0.428571429,0,49.28379121,69.55952381,169.8791209,24.71428571,58.66666667,105.6666667,69.08333333,59.14285714,100.0833333
1005,2010,F10140,100919,2,20.57,3,64.21,27.96,NA,NA,3.09,1.87,NA,NA,45,64,0,5.39085951,4.686292718,5.419724912,1.378722185,4.917307692,5.319444445,2.992673993,8.142857143,11.5,3.5,4.416666667,3.857142857,0.5,0,0,0,0,0,0,0,0,0,0.067857143,0.071428572,0,0,0,0,0,0.428571429,0,49.28379121,69.55952381,169.8791209,24.71428571,58.66666667,105.6666667,69.08333333,59.14285714,100.0833333
1006,2010,F10141,100921,2,18.55,3,64.14,27.63,NA,NA,2.98,1.8,NA,NA,39,54,0,5.39085951,4.686292718,5.419724912,1.378722185,4.917307692,5.319444445,2.992673993,8.142857143,11.5,3.5,4.416666667,3.857142857,0.5,0,0,0,0,0,0,0,0,0,0.067857143,0.071428572,0,0,0,0,0,0.428571429,0,49.28379121,69.55952381,169.8791209,24.71428571,58.66666667,105.6666667,69.08333333,59.14285714,100.0833333
1007,2010,F10143,100921,2,20.34,3-matur,64.36,28.18,NA,NA,3.55,2.16,NA,NA,55,62,0,5.39085951,4.686292718,5.419724912,1.378722185,4.917307692,5.319444445,2.992673993,8.142857143,11.5,3.5,4.416666667,3.857142857,0.5,0,0,0,0,0,0,0,0,0,0.067857143,0.071428572,0,0,0,0,0,0.428571429,0,49.28379121,69.55952381,169.8791209,24.71428571,58.66666667,105.6666667,69.08333333,59.14285714,100.0833333
1008,2010,F10145,100923,2,20.72,4,64.14,27.84,NA,NA,3.55,2.29,NA,NA,72,70,0,5.39085951,4.686292718,5.419724912,1.378722185,4.917307692,5.319444445,2.992673993,8.142857143,11.5,3.5,4.416666667,3.857142857,0.5,0,0,0,0,0,0,0,0,0,0.067857143,0.071428572,0,0,0,0,0,0.428571429,0,49.28379121,69.55952381,169.8791209,24.71428571,58.66666667,105.6666667,69.08333333,59.14285714,100.0833333
1009,2010,F10146,100923,2,20.4,4-anoes,64,28.33,NA,NA,3.44,2.19,NA,NA,90,93,0,5.39085951,4.686292718,5.419724912,1.378722185,4.917307692,5.319444445,2.992673993,8.142857143,11.5,3.5,4.416666667,3.857142857,0.5,0,0,0,0,0,0,0,0,0,0.067857143,0.071428572,0,0,0,0,0,0.428571429,0,49.28379121,69.55952381,169.8791209,24.71428571,58.66666667,105.6666667,69.08333333,59.14285714,100.0833333
1010,2010,F10147,100923,2,18.59,4,63.92,27.74,NA,NA,3.03,2.06,NA,NA,70,65,0,5.39085951,4.686292718,5.419724912,1.378722185,4.917307692,5.319444445,2.992673993,8.142857143,11.5,3.5,4.416666667,3.857142857,0.5,0,0,0,0,0,0,0,0,0,0.067857143,0.071428572,0,0,0,0,0,0.428571429,0,49.28379121,69.55952381,169.8791209,24.71428571,58.66666667,105.6666667,69.08333333,59.14285714,100.0833333
1011,2010,F10148,100923,2,19.79,3-matur,64.16,27.96,NA,NA,3.06,1.8,NA,NA,55,66,0,5.39085951,4.686292718,5.419724912,1.378722185,4.917307692,5.319444445,2.992673993,8.142857143,11.5,3.5,4.416666667,3.857142857,0.5,0,0,0,0,0,0,0,0,0,0.067857143,0.071428572,0,0,0,0,0,0.428571429,0,49.28379121,69.55952381,169.8791209,24.71428571,58.66666667,105.6666667,69.08333333,59.14285714,100.0833333
